10:38:03  INFO      ingestion.reader               | Opening PDF: C:\Users\dell\Desktop\document POC\documents\1003476642_TAXEL_2839_Annotated_Billing_Frequency_Milestone_Payment_Terms (1).Pdf
10:38:03  INFO      ingestion.reader               | Total pages: 46
10:38:03  DEBUG     ingestion.reader               | Page 1 quality: usable=True, reason=native text passes all quality checks
10:38:03  INFO      ingestion.reader               | Page 1 → source=native chars=3591
10:38:03  DEBUG     ingestion.reader               | Page 2 quality: usable=True, reason=native text passes all quality checks
10:38:03  INFO      ingestion.reader               | Page 2 → source=native chars=3662
10:38:04  DEBUG     ingestion.reader               | Page 3 quality: usable=True, reason=native text passes all quality checks
10:38:04  INFO      ingestion.reader               | Page 3 → source=native chars=2991
10:38:04  DEBUG     ingestion.reader               | Page 4 quality: usable=True, reason=native text passes all quality checks
10:38:04  INFO      ingestion.reader               | Page 4 → source=native chars=2325
10:38:04  DEBUG     ingestion.reader               | Page 5 quality: usable=True, reason=native text passes all quality checks
10:38:04  INFO      ingestion.reader               | Page 5 → source=native chars=287
10:38:04  DEBUG     ingestion.reader               | Page 6 quality: usable=True, reason=native text passes all quality checks
10:38:04  INFO      ingestion.reader               | Page 6 → source=native chars=2553
10:38:04  DEBUG     ingestion.reader               | Page 7 quality: usable=True, reason=native text passes all quality checks
10:38:04  INFO      ingestion.reader               | Page 7 → source=native chars=2887
10:38:04  DEBUG     ingestion.reader               | Page 8 quality: usable=True, reason=native text passes all quality checks
10:38:04  INFO      ingestion.reader               | Page 8 → source=native chars=3339
10:38:04  DEBUG     ingestion.reader               | Page 9 quality: usable=True, reason=native text passes all quality checks
10:38:04  INFO      ingestion.reader               | Page 9 → source=native chars=2939
10:38:04  DEBUG     ingestion.reader               | Page 10 quality: usable=True, reason=native text passes all quality checks
10:38:04  INFO      ingestion.reader               | Page 10 → source=native chars=536
10:38:04  DEBUG     ingestion.reader               | Page 11 quality: usable=True, reason=native text passes all quality checks
10:38:04  INFO      ingestion.reader               | Page 11 → source=native chars=1522
10:38:04  DEBUG     ingestion.reader               | Page 12 quality: usable=True, reason=native text passes all quality checks
10:38:04  INFO      ingestion.reader               | Page 12 → source=native chars=1315
10:38:04  DEBUG     ingestion.reader               | Page 13 quality: usable=True, reason=native text passes all quality checks
10:38:04  INFO      ingestion.reader               | Page 13 → source=native chars=1493
10:38:04  DEBUG     ingestion.reader               | Page 14 quality: usable=True, reason=native text passes all quality checks
10:38:04  INFO      ingestion.reader               | Page 14 → source=native chars=1664
10:38:04  DEBUG     ingestion.reader               | Page 15 quality: usable=True, reason=native text passes all quality checks
10:38:04  INFO      ingestion.reader               | Page 15 → source=native chars=1251
10:38:04  DEBUG     ingestion.reader               | Page 16 quality: usable=True, reason=native text passes all quality checks
10:38:04  INFO      ingestion.reader               | Page 16 → source=native chars=1389
10:38:04  DEBUG     ingestion.reader               | Page 17 quality: usable=True, reason=native text passes all quality checks
10:38:04  INFO      ingestion.reader               | Page 17 → source=native chars=1337
10:38:04  DEBUG     ingestion.reader               | Page 18 quality: usable=True, reason=native text passes all quality checks
10:38:04  INFO      ingestion.reader               | Page 18 → source=native chars=1613
10:38:04  DEBUG     ingestion.reader               | Page 19 quality: usable=True, reason=native text passes all quality checks
10:38:04  INFO      ingestion.reader               | Page 19 → source=native chars=1368
10:38:04  DEBUG     ingestion.reader               | Page 20 quality: usable=True, reason=native text passes all quality checks
10:38:04  INFO      ingestion.reader               | Page 20 → source=native chars=1399
10:38:04  DEBUG     ingestion.reader               | Page 21 quality: usable=True, reason=native text passes all quality checks
10:38:04  INFO      ingestion.reader               | Page 21 → source=native chars=1907
10:38:04  DEBUG     ingestion.reader               | Page 22 quality: usable=True, reason=native text passes all quality checks
10:38:04  INFO      ingestion.reader               | Page 22 → source=native chars=1348
10:38:04  DEBUG     ingestion.reader               | Page 23 quality: usable=True, reason=native text passes all quality checks
10:38:04  INFO      ingestion.reader               | Page 23 → source=native chars=1597
10:38:04  DEBUG     ingestion.reader               | Page 24 quality: usable=True, reason=native text passes all quality checks
10:38:04  INFO      ingestion.reader               | Page 24 → source=native chars=1378
10:38:04  DEBUG     ingestion.reader               | Page 25 quality: usable=True, reason=native text passes all quality checks
10:38:04  INFO      ingestion.reader               | Page 25 → source=native chars=1603
10:38:04  DEBUG     ingestion.reader               | Page 26 quality: usable=True, reason=native text passes all quality checks
10:38:04  INFO      ingestion.reader               | Page 26 → source=native chars=2156
10:38:04  DEBUG     ingestion.reader               | Page 27 quality: usable=True, reason=native text passes all quality checks
10:38:04  INFO      ingestion.reader               | Page 27 → source=native chars=2475
10:38:04  DEBUG     ingestion.reader               | Page 28 quality: usable=True, reason=native text passes all quality checks
10:38:04  INFO      ingestion.reader               | Page 28 → source=native chars=1849
10:38:04  DEBUG     ingestion.reader               | Page 29 quality: usable=True, reason=native text passes all quality checks
10:38:04  INFO      ingestion.reader               | Page 29 → source=native chars=640
10:38:04  DEBUG     ingestion.reader               | Page 30 quality: usable=True, reason=native text passes all quality checks
10:38:04  INFO      ingestion.reader               | Page 30 → source=native chars=2893
10:38:04  DEBUG     ingestion.reader               | Page 31 quality: usable=True, reason=native text passes all quality checks
10:38:04  INFO      ingestion.reader               | Page 31 → source=native chars=3042
10:38:04  DEBUG     ingestion.reader               | Page 32 quality: usable=True, reason=native text passes all quality checks
10:38:04  INFO      ingestion.reader               | Page 32 → source=native chars=3422
10:38:04  DEBUG     ingestion.reader               | Page 33 quality: usable=True, reason=native text passes all quality checks
10:38:04  INFO      ingestion.reader               | Page 33 → source=native chars=3584
10:38:04  DEBUG     ingestion.reader               | Page 34 quality: usable=True, reason=native text passes all quality checks
10:38:04  INFO      ingestion.reader               | Page 34 → source=native chars=1235
10:38:04  DEBUG     ingestion.reader               | Page 35 quality: usable=True, reason=native text passes all quality checks
10:38:04  INFO      ingestion.reader               | Page 35 → source=native chars=3116
10:38:04  DEBUG     ingestion.reader               | Page 36 quality: usable=True, reason=native text passes all quality checks
10:38:04  INFO      ingestion.reader               | Page 36 → source=native chars=2863
10:38:04  DEBUG     ingestion.reader               | Page 37 quality: usable=True, reason=native text passes all quality checks
10:38:04  INFO      ingestion.reader               | Page 37 → source=native chars=2836
10:38:04  DEBUG     ingestion.reader               | Page 38 quality: usable=True, reason=native text passes all quality checks
10:38:04  INFO      ingestion.reader               | Page 38 → source=native chars=1148
10:38:04  DEBUG     ingestion.reader               | Page 39 quality: usable=True, reason=native text passes all quality checks
10:38:04  INFO      ingestion.reader               | Page 39 → source=native chars=3777
10:38:04  DEBUG     ingestion.reader               | Page 40 quality: usable=True, reason=native text passes all quality checks
10:38:04  INFO      ingestion.reader               | Page 40 → source=native chars=4329
10:38:04  DEBUG     ingestion.reader               | Page 41 quality: usable=True, reason=native text passes all quality checks
10:38:04  INFO      ingestion.reader               | Page 41 → source=native chars=6581
10:38:04  DEBUG     ingestion.reader               | Page 42 quality: usable=True, reason=native text passes all quality checks
10:38:04  INFO      ingestion.reader               | Page 42 → source=native chars=6320
10:38:04  DEBUG     ingestion.reader               | Page 43 quality: usable=True, reason=native text passes all quality checks
10:38:04  INFO      ingestion.reader               | Page 43 → source=native chars=5178
10:38:04  DEBUG     ingestion.reader               | Page 44 quality: usable=True, reason=native text passes all quality checks
10:38:04  INFO      ingestion.reader               | Page 44 → source=native chars=6001
10:38:04  DEBUG     ingestion.reader               | Page 45 quality: usable=True, reason=native text passes all quality checks
10:38:04  INFO      ingestion.reader               | Page 45 → source=native chars=5286
10:38:04  DEBUG     ingestion.reader               | Page 46 quality: usable=True, reason=native text passes all quality checks
10:38:04  INFO      ingestion.reader               | Page 46 → source=native chars=1602
10:38:04  DEBUG     preprocessing.pipeline         | Page 1: cleaned 3591→3587 chars
10:38:04  INFO      preprocessing.pipeline         | Page 1: regions=8 has_kv=False has_table=False
10:38:04  DEBUG     preprocessing.pipeline         | Page 2: cleaned 3662→3659 chars
10:38:04  INFO      preprocessing.pipeline         | Page 2: regions=3 has_kv=False has_table=False
10:38:04  DEBUG     preprocessing.pipeline         | Page 3: cleaned 2991→2987 chars
10:38:04  INFO      preprocessing.pipeline         | Page 3: regions=6 has_kv=False has_table=False
10:38:04  DEBUG     preprocessing.pipeline         | Page 4: cleaned 2325→2319 chars
10:38:04  INFO      preprocessing.pipeline         | Page 4: regions=3 has_kv=False has_table=False
10:38:04  DEBUG     preprocessing.pipeline         | Page 5: cleaned 287→282 chars
10:38:04  INFO      preprocessing.pipeline         | Page 5: regions=8 has_kv=False has_table=False
10:38:04  DEBUG     preprocessing.pipeline         | Page 6: cleaned 2553→2552 chars
10:38:04  INFO      preprocessing.pipeline         | Page 6: regions=3 has_kv=False has_table=False
10:38:04  DEBUG     preprocessing.pipeline         | Page 7: cleaned 2887→2882 chars
10:38:04  INFO      preprocessing.pipeline         | Page 7: regions=7 has_kv=False has_table=False
10:38:04  DEBUG     preprocessing.pipeline         | Page 8: cleaned 3339→3332 chars
10:38:04  INFO      preprocessing.pipeline         | Page 8: regions=4 has_kv=False has_table=False
10:38:04  DEBUG     preprocessing.pipeline         | Page 9: cleaned 2939→2932 chars
10:38:04  INFO      preprocessing.pipeline         | Page 9: regions=7 has_kv=False has_table=False
10:38:04  DEBUG     preprocessing.pipeline         | Page 10: cleaned 536→535 chars
10:38:04  INFO      preprocessing.pipeline         | Page 10: regions=2 has_kv=False has_table=False
10:38:04  DEBUG     preprocessing.pipeline         | Page 11: cleaned 1522→1521 chars
10:38:04  INFO      preprocessing.pipeline         | Page 11: regions=8 has_kv=True has_table=False
10:38:04  DEBUG     preprocessing.pipeline         | Page 12: cleaned 1315→1311 chars
10:38:04  INFO      preprocessing.pipeline         | Page 12: regions=2 has_kv=False has_table=False
10:38:04  DEBUG     preprocessing.pipeline         | Page 13: cleaned 1493→1492 chars
10:38:04  INFO      preprocessing.pipeline         | Page 13: regions=3 has_kv=False has_table=False
10:38:04  DEBUG     preprocessing.pipeline         | Page 14: cleaned 1664→1663 chars
10:38:04  INFO      preprocessing.pipeline         | Page 14: regions=2 has_kv=False has_table=False
10:38:04  DEBUG     preprocessing.pipeline         | Page 15: cleaned 1251→1250 chars
10:38:04  INFO      preprocessing.pipeline         | Page 15: regions=3 has_kv=False has_table=False
10:38:04  DEBUG     preprocessing.pipeline         | Page 16: cleaned 1389→1388 chars
10:38:04  INFO      preprocessing.pipeline         | Page 16: regions=2 has_kv=False has_table=False
10:38:04  DEBUG     preprocessing.pipeline         | Page 17: cleaned 1337→1336 chars
10:38:04  INFO      preprocessing.pipeline         | Page 17: regions=2 has_kv=False has_table=False
10:38:04  DEBUG     preprocessing.pipeline         | Page 18: cleaned 1613→1612 chars
10:38:04  INFO      preprocessing.pipeline         | Page 18: regions=3 has_kv=False has_table=False
10:38:04  DEBUG     preprocessing.pipeline         | Page 19: cleaned 1368→1367 chars
10:38:04  INFO      preprocessing.pipeline         | Page 19: regions=2 has_kv=False has_table=False
10:38:04  DEBUG     preprocessing.pipeline         | Page 20: cleaned 1399→1398 chars
10:38:04  INFO      preprocessing.pipeline         | Page 20: regions=2 has_kv=False has_table=False
10:38:04  DEBUG     preprocessing.pipeline         | Page 21: cleaned 1907→1906 chars
10:38:04  INFO      preprocessing.pipeline         | Page 21: regions=2 has_kv=False has_table=False
10:38:04  DEBUG     preprocessing.pipeline         | Page 22: cleaned 1348→1347 chars
10:38:04  INFO      preprocessing.pipeline         | Page 22: regions=2 has_kv=False has_table=False
10:38:04  DEBUG     preprocessing.pipeline         | Page 23: cleaned 1597→1596 chars
10:38:04  INFO      preprocessing.pipeline         | Page 23: regions=2 has_kv=False has_table=False
10:38:04  DEBUG     preprocessing.pipeline         | Page 24: cleaned 1378→1377 chars
10:38:04  INFO      preprocessing.pipeline         | Page 24: regions=2 has_kv=False has_table=False
10:38:04  DEBUG     preprocessing.pipeline         | Page 25: cleaned 1603→1601 chars
10:38:04  INFO      preprocessing.pipeline         | Page 25: regions=6 has_kv=False has_table=False
10:38:04  DEBUG     preprocessing.pipeline         | Page 26: cleaned 2156→2155 chars
10:38:04  INFO      preprocessing.pipeline         | Page 26: regions=14 has_kv=False has_table=False
10:38:04  DEBUG     preprocessing.pipeline         | Page 27: cleaned 2475→2473 chars
10:38:04  INFO      preprocessing.pipeline         | Page 27: regions=11 has_kv=False has_table=False
10:38:04  DEBUG     preprocessing.pipeline         | Page 28: cleaned 1849→1848 chars
10:38:04  INFO      preprocessing.pipeline         | Page 28: regions=6 has_kv=False has_table=False
10:38:04  DEBUG     preprocessing.pipeline         | Page 29: cleaned 640→639 chars
10:38:04  INFO      preprocessing.pipeline         | Page 29: regions=4 has_kv=False has_table=False
10:38:04  DEBUG     preprocessing.pipeline         | Page 30: cleaned 2893→2892 chars
10:38:04  INFO      preprocessing.pipeline         | Page 30: regions=10 has_kv=False has_table=False
10:38:04  DEBUG     preprocessing.pipeline         | Page 31: cleaned 3042→3039 chars
10:38:04  INFO      preprocessing.pipeline         | Page 31: regions=12 has_kv=False has_table=False
10:38:04  DEBUG     preprocessing.pipeline         | Page 32: cleaned 3422→3412 chars
10:38:04  INFO      preprocessing.pipeline         | Page 32: regions=11 has_kv=True has_table=False
10:38:04  DEBUG     preprocessing.pipeline         | Page 33: cleaned 3584→3577 chars
10:38:04  INFO      preprocessing.pipeline         | Page 33: regions=10 has_kv=False has_table=False
10:38:04  DEBUG     preprocessing.pipeline         | Page 34: cleaned 1235→1234 chars
10:38:04  INFO      preprocessing.pipeline         | Page 34: regions=4 has_kv=False has_table=False
10:38:04  DEBUG     preprocessing.pipeline         | Page 35: cleaned 3116→3115 chars
10:38:04  INFO      preprocessing.pipeline         | Page 35: regions=12 has_kv=False has_table=False
10:38:04  DEBUG     preprocessing.pipeline         | Page 36: cleaned 2863→2862 chars
10:38:04  INFO      preprocessing.pipeline         | Page 36: regions=13 has_kv=True has_table=False
10:38:04  DEBUG     preprocessing.pipeline         | Page 37: cleaned 2836→2835 chars
10:38:04  INFO      preprocessing.pipeline         | Page 37: regions=10 has_kv=False has_table=False
10:38:04  DEBUG     preprocessing.pipeline         | Page 38: cleaned 1148→1147 chars
10:38:04  INFO      preprocessing.pipeline         | Page 38: regions=3 has_kv=False has_table=False
10:38:04  DEBUG     preprocessing.pipeline         | Page 39: cleaned 3777→3772 chars
10:38:04  INFO      preprocessing.pipeline         | Page 39: regions=2 has_kv=False has_table=False
10:38:04  DEBUG     preprocessing.pipeline         | Page 40: cleaned 4329→4322 chars
10:38:04  INFO      preprocessing.pipeline         | Page 40: regions=2 has_kv=False has_table=False
10:38:04  DEBUG     preprocessing.pipeline         | Page 41: cleaned 6581→6577 chars
10:38:04  INFO      preprocessing.pipeline         | Page 41: regions=2 has_kv=False has_table=False
10:38:04  DEBUG     preprocessing.pipeline         | Page 42: cleaned 6320→6319 chars
10:38:04  INFO      preprocessing.pipeline         | Page 42: regions=2 has_kv=False has_table=False
10:38:04  DEBUG     preprocessing.pipeline         | Page 43: cleaned 5178→5174 chars
10:38:04  INFO      preprocessing.pipeline         | Page 43: regions=2 has_kv=False has_table=False
10:38:04  DEBUG     preprocessing.pipeline         | Page 44: cleaned 6001→6000 chars
10:38:04  INFO      preprocessing.pipeline         | Page 44: regions=2 has_kv=False has_table=False
10:38:04  DEBUG     preprocessing.pipeline         | Page 45: cleaned 5286→5285 chars
10:38:04  INFO      preprocessing.pipeline         | Page 45: regions=2 has_kv=False has_table=False
10:38:04  DEBUG     preprocessing.pipeline         | Page 46: cleaned 1602→1601 chars
10:38:04  INFO      preprocessing.pipeline         | Page 46: regions=2 has_kv=False has_table=False
10:38:04  INFO      preprocessing.pipeline         | Preprocessing complete: 46 pages, 3 with key-value, 0 with tables.
10:38:04  INFO      masking.context                | MaskingContext created for doc_id='1003476642_TAXEL_2839_Annotated_Billing_Frequency_Milestone_Payment_Terms (1)'
10:38:04  INFO      presidio-analyzer              | Using device of type: cpu
10:38:12  DEBUG     presidio-analyzer              | Loaded these available nlp engines: ['spacy', 'slim', 'no_op']
10:38:12  DEBUG     presidio-analyzer              | Loading SpaCy models: [{'lang_code': 'en', 'model_name': 'en_core_web_lg'}]
10:38:17  INFO      presidio-analyzer              | Created NLP engine: spacy. Loaded models: ['en']
10:38:17  INFO      presidio-analyzer              | registry not provided, creating default.
10:38:17  INFO      presidio-analyzer              | Loaded recognizer: CreditCardRecognizer
10:38:17  INFO      presidio-analyzer              | Loaded recognizer: CreditCardRecognizer
10:38:17  INFO      presidio-analyzer              | Loaded recognizer: CreditCardRecognizer
10:38:17  INFO      presidio-analyzer              | Loaded recognizer: CreditCardRecognizer
10:38:17  INFO      presidio-analyzer              | Loaded recognizer: UsBankRecognizer
10:38:17  INFO      presidio-analyzer              | Loaded recognizer: UsLicenseRecognizer
10:38:17  INFO      presidio-analyzer              | Loaded recognizer: UsItinRecognizer
10:38:17  INFO      presidio-analyzer              | Loaded recognizer: UsPassportRecognizer
10:38:17  INFO      presidio-analyzer              | Loaded recognizer: UsSsnRecognizer
10:38:17  INFO      presidio-analyzer              | Loaded recognizer: NhsRecognizer
10:38:17  INFO      presidio-analyzer              | Loaded recognizer: EsNifRecognizer
10:38:17  INFO      presidio-analyzer              | Loaded recognizer: EsNieRecognizer
10:38:17  INFO      presidio-analyzer              | Loaded recognizer: ItDriverLicenseRecognizer
10:38:17  INFO      presidio-analyzer              | Loaded recognizer: ItFiscalCodeRecognizer
10:38:17  INFO      presidio-analyzer              | Loaded recognizer: ItVatCodeRecognizer
10:38:17  INFO      presidio-analyzer              | Loaded recognizer: ItIdentityCardRecognizer
10:38:17  INFO      presidio-analyzer              | Loaded recognizer: ItPassportRecognizer
10:38:17  INFO      presidio-analyzer              | Loaded recognizer: PlPeselRecognizer
10:38:17  INFO      presidio-analyzer              | Loaded recognizer: CryptoRecognizer
10:38:17  INFO      presidio-analyzer              | Loaded recognizer: DateRecognizer
10:38:17  INFO      presidio-analyzer              | Loaded recognizer: EmailRecognizer
10:38:17  INFO      presidio-analyzer              | Loaded recognizer: IbanRecognizer
10:38:17  INFO      presidio-analyzer              | Loaded recognizer: IpRecognizer
10:38:17  INFO      presidio-analyzer              | Loaded recognizer: MedicalLicenseRecognizer
10:38:17  INFO      presidio-analyzer              | Loaded recognizer: MacAddressRecognizer
10:38:17  INFO      presidio-analyzer              | Loaded recognizer: PhoneRecognizer
10:38:17  INFO      presidio-analyzer              | Loaded recognizer: UrlRecognizer
10:38:17  WARNING   presidio-analyzer              | Recognizer not added to registry because language is not supported by registry - CreditCardRecognizer supported languages: es, registry supported languages: en
10:38:17  WARNING   presidio-analyzer              | Recognizer not added to registry because language is not supported by registry - CreditCardRecognizer supported languages: it, registry supported languages: en
10:38:17  WARNING   presidio-analyzer              | Recognizer not added to registry because language is not supported by registry - CreditCardRecognizer supported languages: pl, registry supported languages: en
10:38:17  WARNING   presidio-analyzer              | Recognizer not added to registry because language is not supported by registry - EsNifRecognizer supported languages: es, registry supported languages: en
10:38:17  WARNING   presidio-analyzer              | Recognizer not added to registry because language is not supported by registry - EsNieRecognizer supported languages: es, registry supported languages: en
10:38:17  WARNING   presidio-analyzer              | Recognizer not added to registry because language is not supported by registry - ItDriverLicenseRecognizer supported languages: it, registry supported languages: en
10:38:17  WARNING   presidio-analyzer              | Recognizer not added to registry because language is not supported by registry - ItFiscalCodeRecognizer supported languages: it, registry supported languages: en
10:38:17  WARNING   presidio-analyzer              | Recognizer not added to registry because language is not supported by registry - ItVatCodeRecognizer supported languages: it, registry supported languages: en
10:38:17  WARNING   presidio-analyzer              | Recognizer not added to registry because language is not supported by registry - ItIdentityCardRecognizer supported languages: it, registry supported languages: en
10:38:17  WARNING   presidio-analyzer              | Recognizer not added to registry because language is not supported by registry - ItPassportRecognizer supported languages: it, registry supported languages: en
10:38:17  WARNING   presidio-analyzer              | Recognizer not added to registry because language is not supported by registry - PlPeselRecognizer supported languages: pl, registry supported languages: en
10:38:17  INFO      presidio-analyzer              | Loaded recognizer: SpacyRecognizer
10:38:17  DEBUG     presidio-analyzer              | context aware enhancer not provided, creating default lemma based enhancer.
10:38:17  INFO      masking.engine                 | Presidio initialized with spaCy model: en_core_web_lg
10:38:17  WARNING   presidio-analyzer              | Entity IN_PAN doesn't have the corresponding recognizer in language : en
10:38:17  WARNING   presidio-analyzer              | Entity IN_AADHAAR doesn't have the corresponding recognizer in language : en
10:38:17  WARNING   presidio-analyzer              | Entity AU_TFN doesn't have the corresponding recognizer in language : en
10:38:17  DEBUG     presidio-analyzer              | Returning a total of 9 recognizers
10:38:17  WARNING   presidio-analyzer              | Entity CARDINAL is not mapped to a Presidio entity, but keeping anyway. Add to `NerModelConfiguration.labels_to_ignore` to remove.
10:38:17  WARNING   presidio-analyzer              | Entity CARDINAL is not mapped to a Presidio entity, but keeping anyway. Add to `NerModelConfiguration.labels_to_ignore` to remove.
10:38:17  WARNING   presidio-analyzer              | Entity PRODUCT is not mapped to a Presidio entity, but keeping anyway. Add to `NerModelConfiguration.labels_to_ignore` to remove.
10:38:17  WARNING   presidio-analyzer              | Entity LAW is not mapped to a Presidio entity, but keeping anyway. Add to `NerModelConfiguration.labels_to_ignore` to remove.
10:38:17  WARNING   presidio-analyzer              | Entity LAW is not mapped to a Presidio entity, but keeping anyway. Add to `NerModelConfiguration.labels_to_ignore` to remove.
10:38:17  WARNING   presidio-analyzer              | Entity CARDINAL is not mapped to a Presidio entity, but keeping anyway. Add to `NerModelConfiguration.labels_to_ignore` to remove.
10:38:17  DEBUG     presidio-analyzer              | --- match_time[USA DEA Certificate Number (weak)]: 0.002008 seconds
10:38:17  DEBUG     presidio-analyzer              | --- match_time[Itin (very weak)]: 0.002295 seconds
10:38:17  DEBUG     presidio-analyzer              | --- match_time[Itin (weak)]: 0.002289 seconds
10:38:17  DEBUG     presidio-analyzer              | --- match_time[Itin (medium)]: 0.002097 seconds
10:38:17  DEBUG     presidio-analyzer              | --- match_time[Driver License - Alphanumeric (weak)]: 0.006665 seconds
10:38:17  DEBUG     presidio-analyzer              | --- match_time[Driver License - Digits (very weak)]: 0.000499 seconds
10:38:17  DEBUG     presidio-analyzer              | --- match_time[SSN1 (very weak)]: 0.000679 seconds
10:38:17  DEBUG     presidio-analyzer              | --- match_time[SSN2 (very weak)]: 0.000584 seconds
10:38:17  DEBUG     presidio-analyzer              | --- match_time[SSN3 (very weak)]: 0.000684 seconds
10:38:17  DEBUG     presidio-analyzer              | --- match_time[SSN4 (very weak)]: 0.000276 seconds
10:38:17  DEBUG     presidio-analyzer              | --- match_time[SSN5 (medium)]: 0.000824 seconds
10:38:17  DEBUG     presidio-analyzer              | --- match_time[Bank Account (weak)]: 0.000304 seconds
10:38:17  DEBUG     presidio-analyzer              | --- match_time[Passport (very weak)]: 0.000355 seconds
10:38:17  DEBUG     presidio-analyzer              | --- match_time[Passport Next Generation (very weak)]: 0.000394 seconds
10:38:17  DEBUG     presidio-analyzer              | --- match_time[NHS (medium)]: 0.000793 seconds
10:38:17  DEBUG     presidio-analyzer              | --- match_time[All Credit Cards (weak)]: 0.001801 seconds
10:38:17  DEBUG     presidio-analyzer              | Context list is: hope los angeles south 90071 street
10:38:17  DEBUG     presidio-analyzer              | Context list is: hope los angeles south 90071 street
10:38:17  DEBUG     masking.engine                 | Page 1: no entities masked (0 detected, none in mask list)
10:38:17  WARNING   presidio-analyzer              | Entity IN_PAN doesn't have the corresponding recognizer in language : en
10:38:17  WARNING   presidio-analyzer              | Entity IN_AADHAAR doesn't have the corresponding recognizer in language : en
10:38:17  WARNING   presidio-analyzer              | Entity AU_TFN doesn't have the corresponding recognizer in language : en
10:38:17  DEBUG     presidio-analyzer              | Returning a total of 9 recognizers
10:38:18  WARNING   presidio-analyzer              | Entity CARDINAL is not mapped to a Presidio entity, but keeping anyway. Add to `NerModelConfiguration.labels_to_ignore` to remove.
10:38:18  WARNING   presidio-analyzer              | Entity CARDINAL is not mapped to a Presidio entity, but keeping anyway. Add to `NerModelConfiguration.labels_to_ignore` to remove.
10:38:18  WARNING   presidio-analyzer              | Entity CARDINAL is not mapped to a Presidio entity, but keeping anyway. Add to `NerModelConfiguration.labels_to_ignore` to remove.
10:38:18  WARNING   presidio-analyzer              | Entity MONEY is not mapped to a Presidio entity, but keeping anyway. Add to `NerModelConfiguration.labels_to_ignore` to remove.
10:38:18  WARNING   presidio-analyzer              | Entity CARDINAL is not mapped to a Presidio entity, but keeping anyway. Add to `NerModelConfiguration.labels_to_ignore` to remove.
10:38:18  WARNING   presidio-analyzer              | Entity CARDINAL is not mapped to a Presidio entity, but keeping anyway. Add to `NerModelConfiguration.labels_to_ignore` to remove.
10:38:18  WARNING   presidio-analyzer              | Entity LAW is not mapped to a Presidio entity, but keeping anyway. Add to `NerModelConfiguration.labels_to_ignore` to remove.
10:38:18  WARNING   presidio-analyzer              | Entity CARDINAL is not mapped to a Presidio entity, but keeping anyway. Add to `NerModelConfiguration.labels_to_ignore` to remove.
10:38:18  WARNING   presidio-analyzer              | Entity CARDINAL is not mapped to a Presidio entity, but keeping anyway. Add to `NerModelConfiguration.labels_to_ignore` to remove.
10:38:18  WARNING   presidio-analyzer              | Entity CARDINAL is not mapped to a Presidio entity, but keeping anyway. Add to `NerModelConfiguration.labels_to_ignore` to remove.
10:38:18  WARNING   presidio-analyzer              | Entity CARDINAL is not mapped to a Presidio entity, but keeping anyway. Add to `NerModelConfiguration.labels_to_ignore` to remove.
10:38:18  WARNING   presidio-analyzer              | Entity CARDINAL is not mapped to a Presidio entity, but keeping anyway. Add to `NerModelConfiguration.labels_to_ignore` to remove.
10:38:18  DEBUG     presidio-analyzer              | --- match_time[USA DEA Certificate Number (weak)]: 0.000016 seconds
10:38:18  DEBUG     presidio-analyzer              | --- match_time[Itin (very weak)]: 0.000019 seconds
10:38:18  DEBUG     presidio-analyzer              | --- match_time[Itin (weak)]: 0.000007 seconds
10:38:18  DEBUG     presidio-analyzer              | --- match_time[Itin (medium)]: 0.000005 seconds
10:38:18  DEBUG     presidio-analyzer              | --- match_time[Driver License - Alphanumeric (weak)]: 0.000011 seconds
10:38:18  DEBUG     presidio-analyzer              | --- match_time[Driver License - Digits (very weak)]: 0.000025 seconds
10:38:18  DEBUG     presidio-analyzer              | --- match_time[SSN1 (very weak)]: 0.000107 seconds
10:38:18  DEBUG     presidio-analyzer              | --- match_time[SSN2 (very weak)]: 0.000010 seconds
10:38:18  DEBUG     presidio-analyzer              | --- match_time[SSN3 (very weak)]: 0.000006 seconds
10:38:18  DEBUG     presidio-analyzer              | --- match_time[SSN4 (very weak)]: 0.000006 seconds
10:38:18  DEBUG     presidio-analyzer              | --- match_time[SSN5 (medium)]: 0.000006 seconds
10:38:18  DEBUG     presidio-analyzer              | --- match_time[Bank Account (weak)]: 0.000009 seconds
10:38:18  DEBUG     presidio-analyzer              | --- match_time[Passport (very weak)]: 0.000005 seconds
10:38:18  DEBUG     presidio-analyzer              | --- match_time[Passport Next Generation (very weak)]: 0.000006 seconds
10:38:18  DEBUG     presidio-analyzer              | --- match_time[NHS (medium)]: 0.000005 seconds
10:38:18  DEBUG     presidio-analyzer              | --- match_time[All Credit Cards (weak)]: 0.000004 seconds
10:38:18  DEBUG     masking.engine                 | Page 2: no entities masked (0 detected, none in mask list)
10:38:18  WARNING   presidio-analyzer              | Entity IN_PAN doesn't have the corresponding recognizer in language : en
10:38:18  WARNING   presidio-analyzer              | Entity IN_AADHAAR doesn't have the corresponding recognizer in language : en
10:38:18  WARNING   presidio-analyzer              | Entity AU_TFN doesn't have the corresponding recognizer in language : en
10:38:18  DEBUG     presidio-analyzer              | Returning a total of 9 recognizers
10:38:18  WARNING   presidio-analyzer              | Entity CARDINAL is not mapped to a Presidio entity, but keeping anyway. Add to `NerModelConfiguration.labels_to_ignore` to remove.
10:38:18  WARNING   presidio-analyzer              | Entity CARDINAL is not mapped to a Presidio entity, but keeping anyway. Add to `NerModelConfiguration.labels_to_ignore` to remove.
10:38:18  WARNING   presidio-analyzer              | Entity PERCENT is not mapped to a Presidio entity, but keeping anyway. Add to `NerModelConfiguration.labels_to_ignore` to remove.
10:38:18  WARNING   presidio-analyzer              | Entity PERCENT is not mapped to a Presidio entity, but keeping anyway. Add to `NerModelConfiguration.labels_to_ignore` to remove.
10:38:18  WARNING   presidio-analyzer              | Entity LAW is not mapped to a Presidio entity, but keeping anyway. Add to `NerModelConfiguration.labels_to_ignore` to remove.
10:38:18  WARNING   presidio-analyzer              | Entity PERCENT is not mapped to a Presidio entity, but keeping anyway. Add to `NerModelConfiguration.labels_to_ignore` to remove.
10:38:18  WARNING   presidio-analyzer              | Entity PERCENT is not mapped to a Presidio entity, but keeping anyway. Add to `NerModelConfiguration.labels_to_ignore` to remove.
10:38:18  WARNING   presidio-analyzer              | Entity PERCENT is not mapped to a Presidio entity, but keeping anyway. Add to `NerModelConfiguration.labels_to_ignore` to remove.
10:38:18  WARNING   presidio-analyzer              | Entity CARDINAL is not mapped to a Presidio entity, but keeping anyway. Add to `NerModelConfiguration.labels_to_ignore` to remove.
10:38:18  WARNING   presidio-analyzer              | Entity CARDINAL is not mapped to a Presidio entity, but keeping anyway. Add to `NerModelConfiguration.labels_to_ignore` to remove.
10:38:18  DEBUG     presidio-analyzer              | --- match_time[USA DEA Certificate Number (weak)]: 0.000013 seconds
10:38:18  DEBUG     presidio-analyzer              | --- match_time[Itin (very weak)]: 0.000007 seconds
10:38:18  DEBUG     presidio-analyzer              | --- match_time[Itin (weak)]: 0.000007 seconds
10:38:18  DEBUG     presidio-analyzer              | --- match_time[Itin (medium)]: 0.000005 seconds
10:38:18  DEBUG     presidio-analyzer              | --- match_time[Driver License - Alphanumeric (weak)]: 0.000005 seconds
10:38:18  DEBUG     presidio-analyzer              | --- match_time[Driver License - Digits (very weak)]: 0.000019 seconds
10:38:18  DEBUG     presidio-analyzer              | --- match_time[SSN1 (very weak)]: 0.000007 seconds
10:38:18  DEBUG     presidio-analyzer              | --- match_time[SSN2 (very weak)]: 0.000006 seconds
10:38:18  DEBUG     presidio-analyzer              | --- match_time[SSN3 (very weak)]: 0.000005 seconds
10:38:18  DEBUG     presidio-analyzer              | --- match_time[SSN4 (very weak)]: 0.000005 seconds
10:38:18  DEBUG     presidio-analyzer              | --- match_time[SSN5 (medium)]: 0.000020 seconds
10:38:18  DEBUG     presidio-analyzer              | --- match_time[Bank Account (weak)]: 0.000007 seconds
10:38:18  DEBUG     presidio-analyzer              | --- match_time[Passport (very weak)]: 0.000014 seconds
10:38:18  DEBUG     presidio-analyzer              | --- match_time[Passport Next Generation (very weak)]: 0.000007 seconds
10:38:18  DEBUG     presidio-analyzer              | --- match_time[NHS (medium)]: 0.000005 seconds
10:38:18  DEBUG     presidio-analyzer              | --- match_time[All Credit Cards (weak)]: 0.000004 seconds
10:38:18  DEBUG     masking.engine                 | Page 3: no entities masked (0 detected, none in mask list)
10:38:18  WARNING   presidio-analyzer              | Entity IN_PAN doesn't have the corresponding recognizer in language : en
10:38:18  WARNING   presidio-analyzer              | Entity IN_AADHAAR doesn't have the corresponding recognizer in language : en
10:38:18  WARNING   presidio-analyzer              | Entity AU_TFN doesn't have the corresponding recognizer in language : en
10:38:18  DEBUG     presidio-analyzer              | Returning a total of 9 recognizers
10:38:18  WARNING   presidio-analyzer              | Entity CARDINAL is not mapped to a Presidio entity, but keeping anyway. Add to `NerModelConfiguration.labels_to_ignore` to remove.
10:38:18  WARNING   presidio-analyzer              | Entity CARDINAL is not mapped to a Presidio entity, but keeping anyway. Add to `NerModelConfiguration.labels_to_ignore` to remove.
10:38:18  WARNING   presidio-analyzer              | Entity CARDINAL is not mapped to a Presidio entity, but keeping anyway. Add to `NerModelConfiguration.labels_to_ignore` to remove.
10:38:18  WARNING   presidio-analyzer              | Entity CARDINAL is not mapped to a Presidio entity, but keeping anyway. Add to `NerModelConfiguration.labels_to_ignore` to remove.
10:38:18  WARNING   presidio-analyzer              | Entity CARDINAL is not mapped to a Presidio entity, but keeping anyway. Add to `NerModelConfiguration.labels_to_ignore` to remove.
10:38:18  WARNING   presidio-analyzer              | Entity CARDINAL is not mapped to a Presidio entity, but keeping anyway. Add to `NerModelConfiguration.labels_to_ignore` to remove.
10:38:18  WARNING   presidio-analyzer              | Entity ORDINAL is not mapped to a Presidio entity, but keeping anyway. Add to `NerModelConfiguration.labels_to_ignore` to remove.
10:38:18  WARNING   presidio-analyzer              | Entity LAW is not mapped to a Presidio entity, but keeping anyway. Add to `NerModelConfiguration.labels_to_ignore` to remove.
10:38:18  WARNING   presidio-analyzer              | Entity CARDINAL is not mapped to a Presidio entity, but keeping anyway. Add to `NerModelConfiguration.labels_to_ignore` to remove.
10:38:18  WARNING   presidio-analyzer              | Entity LAW is not mapped to a Presidio entity, but keeping anyway. Add to `NerModelConfiguration.labels_to_ignore` to remove.
10:38:18  WARNING   presidio-analyzer              | Entity LAW is not mapped to a Presidio entity, but keeping anyway. Add to `NerModelConfiguration.labels_to_ignore` to remove.
10:38:18  WARNING   presidio-analyzer              | Entity CARDINAL is not mapped to a Presidio entity, but keeping anyway. Add to `NerModelConfiguration.labels_to_ignore` to remove.
10:38:18  DEBUG     presidio-analyzer              | --- match_time[USA DEA Certificate Number (weak)]: 0.000016 seconds
10:38:18  DEBUG     presidio-analyzer              | --- match_time[Itin (very weak)]: 0.000007 seconds
10:38:18  DEBUG     presidio-analyzer              | --- match_time[Itin (weak)]: 0.000006 seconds
10:38:18  DEBUG     presidio-analyzer              | --- match_time[Itin (medium)]: 0.000005 seconds
10:38:18  DEBUG     presidio-analyzer              | --- match_time[Driver License - Alphanumeric (weak)]: 0.000005 seconds
10:38:18  DEBUG     presidio-analyzer              | --- match_time[Driver License - Digits (very weak)]: 0.000005 seconds
10:38:18  DEBUG     presidio-analyzer              | --- match_time[SSN1 (very weak)]: 0.000004 seconds
10:38:18  DEBUG     presidio-analyzer              | --- match_time[SSN2 (very weak)]: 0.000004 seconds
10:38:18  DEBUG     presidio-analyzer              | --- match_time[SSN3 (very weak)]: 0.000005 seconds
10:38:18  DEBUG     presidio-analyzer              | --- match_time[SSN4 (very weak)]: 0.000005 seconds
10:38:18  DEBUG     presidio-analyzer              | --- match_time[SSN5 (medium)]: 0.000005 seconds
10:38:18  DEBUG     presidio-analyzer              | --- match_time[Bank Account (weak)]: 0.000005 seconds
10:38:18  DEBUG     presidio-analyzer              | --- match_time[Passport (very weak)]: 0.000014 seconds
10:38:18  DEBUG     presidio-analyzer              | --- match_time[Passport Next Generation (very weak)]: 0.000007 seconds
10:38:18  DEBUG     presidio-analyzer              | --- match_time[NHS (medium)]: 0.000005 seconds
10:38:18  DEBUG     presidio-analyzer              | --- match_time[All Credit Cards (weak)]: 0.000005 seconds
10:38:18  DEBUG     masking.engine                 | Page 4: no entities masked (0 detected, none in mask list)
10:38:18  WARNING   presidio-analyzer              | Entity IN_PAN doesn't have the corresponding recognizer in language : en
10:38:18  WARNING   presidio-analyzer              | Entity IN_AADHAAR doesn't have the corresponding recognizer in language : en
10:38:18  WARNING   presidio-analyzer              | Entity AU_TFN doesn't have the corresponding recognizer in language : en
10:38:18  DEBUG     presidio-analyzer              | Returning a total of 9 recognizers
10:38:18  WARNING   presidio-analyzer              | Entity CARDINAL is not mapped to a Presidio entity, but keeping anyway. Add to `NerModelConfiguration.labels_to_ignore` to remove.
10:38:18  WARNING   presidio-analyzer              | Entity CARDINAL is not mapped to a Presidio entity, but keeping anyway. Add to `NerModelConfiguration.labels_to_ignore` to remove.
10:38:18  WARNING   presidio-analyzer              | Entity CARDINAL is not mapped to a Presidio entity, but keeping anyway. Add to `NerModelConfiguration.labels_to_ignore` to remove.
10:38:18  DEBUG     presidio-analyzer              | --- match_time[USA DEA Certificate Number (weak)]: 0.000015 seconds
10:38:18  DEBUG     presidio-analyzer              | --- match_time[Itin (very weak)]: 0.000007 seconds
10:38:18  DEBUG     presidio-analyzer              | --- match_time[Itin (weak)]: 0.000005 seconds
10:38:18  DEBUG     presidio-analyzer              | --- match_time[Itin (medium)]: 0.000005 seconds
10:38:18  DEBUG     presidio-analyzer              | --- match_time[Driver License - Alphanumeric (weak)]: 0.000019 seconds
10:38:18  DEBUG     presidio-analyzer              | --- match_time[Driver License - Digits (very weak)]: 0.000007 seconds
10:38:18  DEBUG     presidio-analyzer              | --- match_time[SSN1 (very weak)]: 0.000005 seconds
10:38:18  DEBUG     presidio-analyzer              | --- match_time[SSN2 (very weak)]: 0.000005 seconds
10:38:18  DEBUG     presidio-analyzer              | --- match_time[SSN3 (very weak)]: 0.000004 seconds
10:38:18  DEBUG     presidio-analyzer              | --- match_time[SSN4 (very weak)]: 0.000005 seconds
10:38:18  DEBUG     presidio-analyzer              | --- match_time[SSN5 (medium)]: 0.000005 seconds
10:38:18  DEBUG     presidio-analyzer              | --- match_time[Bank Account (weak)]: 0.000005 seconds
10:38:18  DEBUG     presidio-analyzer              | --- match_time[Passport (very weak)]: 0.000004 seconds
10:38:18  DEBUG     presidio-analyzer              | --- match_time[Passport Next Generation (very weak)]: 0.000004 seconds
10:38:18  DEBUG     presidio-analyzer              | --- match_time[NHS (medium)]: 0.000004 seconds
10:38:18  DEBUG     presidio-analyzer              | --- match_time[All Credit Cards (weak)]: 0.000005 seconds
10:38:18  DEBUG     masking.engine                 | Page 5: no entities masked (0 detected, none in mask list)
10:38:18  WARNING   presidio-analyzer              | Entity IN_PAN doesn't have the corresponding recognizer in language : en
10:38:18  WARNING   presidio-analyzer              | Entity IN_AADHAAR doesn't have the corresponding recognizer in language : en
10:38:18  WARNING   presidio-analyzer              | Entity AU_TFN doesn't have the corresponding recognizer in language : en
10:38:18  DEBUG     presidio-analyzer              | Returning a total of 9 recognizers
10:38:18  WARNING   presidio-analyzer              | Entity LAW is not mapped to a Presidio entity, but keeping anyway. Add to `NerModelConfiguration.labels_to_ignore` to remove.
10:38:18  WARNING   presidio-analyzer              | Entity CARDINAL is not mapped to a Presidio entity, but keeping anyway. Add to `NerModelConfiguration.labels_to_ignore` to remove.
10:38:18  WARNING   presidio-analyzer              | Entity CARDINAL is not mapped to a Presidio entity, but keeping anyway. Add to `NerModelConfiguration.labels_to_ignore` to remove.
10:38:18  WARNING   presidio-analyzer              | Entity CARDINAL is not mapped to a Presidio entity, but keeping anyway. Add to `NerModelConfiguration.labels_to_ignore` to remove.
10:38:18  WARNING   presidio-analyzer              | Entity CARDINAL is not mapped to a Presidio entity, but keeping anyway. Add to `NerModelConfiguration.labels_to_ignore` to remove.
10:38:18  DEBUG     presidio-analyzer              | --- match_time[USA DEA Certificate Number (weak)]: 0.000016 seconds
10:38:18  DEBUG     presidio-analyzer              | --- match_time[Itin (very weak)]: 0.000007 seconds
10:38:18  DEBUG     presidio-analyzer              | --- match_time[Itin (weak)]: 0.000005 seconds
10:38:18  DEBUG     presidio-analyzer              | --- match_time[Itin (medium)]: 0.000006 seconds
10:38:18  DEBUG     presidio-analyzer              | --- match_time[Driver License - Alphanumeric (weak)]: 0.000005 seconds
10:38:18  DEBUG     presidio-analyzer              | --- match_time[Driver License - Digits (very weak)]: 0.000007 seconds
10:38:18  DEBUG     presidio-analyzer              | --- match_time[SSN1 (very weak)]: 0.000005 seconds
10:38:18  DEBUG     presidio-analyzer              | --- match_time[SSN2 (very weak)]: 0.000005 seconds
10:38:18  DEBUG     presidio-analyzer              | --- match_time[SSN3 (very weak)]: 0.000006 seconds
10:38:18  DEBUG     presidio-analyzer              | --- match_time[SSN4 (very weak)]: 0.000005 seconds
10:38:18  DEBUG     presidio-analyzer              | --- match_time[SSN5 (medium)]: 0.000005 seconds
10:38:18  DEBUG     presidio-analyzer              | --- match_time[Bank Account (weak)]: 0.000005 seconds
10:38:18  DEBUG     presidio-analyzer              | --- match_time[Passport (very weak)]: 0.000017 seconds
10:38:18  DEBUG     presidio-analyzer              | --- match_time[Passport Next Generation (very weak)]: 0.000008 seconds
10:38:18  DEBUG     presidio-analyzer              | --- match_time[NHS (medium)]: 0.000007 seconds
10:38:18  DEBUG     presidio-analyzer              | --- match_time[All Credit Cards (weak)]: 0.000035 seconds
10:38:18  DEBUG     masking.engine                 | Page 6: no entities masked (0 detected, none in mask list)
10:38:18  WARNING   presidio-analyzer              | Entity IN_PAN doesn't have the corresponding recognizer in language : en
10:38:18  WARNING   presidio-analyzer              | Entity IN_AADHAAR doesn't have the corresponding recognizer in language : en
10:38:18  WARNING   presidio-analyzer              | Entity AU_TFN doesn't have the corresponding recognizer in language : en
10:38:18  DEBUG     presidio-analyzer              | Returning a total of 9 recognizers
10:38:19  WARNING   presidio-analyzer              | Entity ORDINAL is not mapped to a Presidio entity, but keeping anyway. Add to `NerModelConfiguration.labels_to_ignore` to remove.
10:38:19  WARNING   presidio-analyzer              | Entity ORDINAL is not mapped to a Presidio entity, but keeping anyway. Add to `NerModelConfiguration.labels_to_ignore` to remove.
10:38:19  WARNING   presidio-analyzer              | Entity WORK_OF_ART is not mapped to a Presidio entity, but keeping anyway. Add to `NerModelConfiguration.labels_to_ignore` to remove.
10:38:19  WARNING   presidio-analyzer              | Entity CARDINAL is not mapped to a Presidio entity, but keeping anyway. Add to `NerModelConfiguration.labels_to_ignore` to remove.
10:38:19  DEBUG     presidio-analyzer              | --- match_time[USA DEA Certificate Number (weak)]: 0.000015 seconds
10:38:19  DEBUG     presidio-analyzer              | --- match_time[Itin (very weak)]: 0.000008 seconds
10:38:19  DEBUG     presidio-analyzer              | --- match_time[Itin (weak)]: 0.000005 seconds
10:38:19  DEBUG     presidio-analyzer              | --- match_time[Itin (medium)]: 0.000005 seconds
10:38:19  DEBUG     presidio-analyzer              | --- match_time[Driver License - Alphanumeric (weak)]: 0.000005 seconds
10:38:19  DEBUG     presidio-analyzer              | --- match_time[Driver License - Digits (very weak)]: 0.000020 seconds
10:38:19  DEBUG     presidio-analyzer              | --- match_time[SSN1 (very weak)]: 0.000013 seconds
10:38:19  DEBUG     presidio-analyzer              | --- match_time[SSN2 (very weak)]: 0.000015 seconds
10:38:19  DEBUG     presidio-analyzer              | --- match_time[SSN3 (very weak)]: 0.000007 seconds
10:38:19  DEBUG     presidio-analyzer              | --- match_time[SSN4 (very weak)]: 0.000006 seconds
10:38:19  DEBUG     presidio-analyzer              | --- match_time[SSN5 (medium)]: 0.000005 seconds
10:38:19  DEBUG     presidio-analyzer              | --- match_time[Bank Account (weak)]: 0.000005 seconds
10:38:19  DEBUG     presidio-analyzer              | --- match_time[Passport (very weak)]: 0.000005 seconds
10:38:19  DEBUG     presidio-analyzer              | --- match_time[Passport Next Generation (very weak)]: 0.000005 seconds
10:38:19  DEBUG     presidio-analyzer              | --- match_time[NHS (medium)]: 0.000005 seconds
10:38:19  DEBUG     presidio-analyzer              | --- match_time[All Credit Cards (weak)]: 0.000005 seconds
10:38:19  DEBUG     masking.engine                 | Page 7: no entities masked (0 detected, none in mask list)
10:38:19  WARNING   presidio-analyzer              | Entity IN_PAN doesn't have the corresponding recognizer in language : en
10:38:19  WARNING   presidio-analyzer              | Entity IN_AADHAAR doesn't have the corresponding recognizer in language : en
10:38:19  WARNING   presidio-analyzer              | Entity AU_TFN doesn't have the corresponding recognizer in language : en
10:38:19  DEBUG     presidio-analyzer              | Returning a total of 9 recognizers
10:38:19  WARNING   presidio-analyzer              | Entity ORDINAL is not mapped to a Presidio entity, but keeping anyway. Add to `NerModelConfiguration.labels_to_ignore` to remove.
10:38:19  WARNING   presidio-analyzer              | Entity CARDINAL is not mapped to a Presidio entity, but keeping anyway. Add to `NerModelConfiguration.labels_to_ignore` to remove.
10:38:19  DEBUG     presidio-analyzer              | --- match_time[USA DEA Certificate Number (weak)]: 0.000022 seconds
10:38:19  DEBUG     presidio-analyzer              | --- match_time[Itin (very weak)]: 0.000011 seconds
10:38:19  DEBUG     presidio-analyzer              | --- match_time[Itin (weak)]: 0.000008 seconds
10:38:19  DEBUG     presidio-analyzer              | --- match_time[Itin (medium)]: 0.000006 seconds
10:38:19  DEBUG     presidio-analyzer              | --- match_time[Driver License - Alphanumeric (weak)]: 0.000006 seconds
10:38:19  DEBUG     presidio-analyzer              | --- match_time[Driver License - Digits (very weak)]: 0.000021 seconds
10:38:19  DEBUG     presidio-analyzer              | --- match_time[SSN1 (very weak)]: 0.000017 seconds
10:38:19  DEBUG     presidio-analyzer              | --- match_time[SSN2 (very weak)]: 0.000010 seconds
10:38:19  DEBUG     presidio-analyzer              | --- match_time[SSN3 (very weak)]: 0.000007 seconds
10:38:19  DEBUG     presidio-analyzer              | --- match_time[SSN4 (very weak)]: 0.000005 seconds
10:38:19  DEBUG     presidio-analyzer              | --- match_time[SSN5 (medium)]: 0.000006 seconds
10:38:19  DEBUG     presidio-analyzer              | --- match_time[Bank Account (weak)]: 0.000006 seconds
10:38:19  DEBUG     presidio-analyzer              | --- match_time[Passport (very weak)]: 0.000013 seconds
10:38:19  DEBUG     presidio-analyzer              | --- match_time[Passport Next Generation (very weak)]: 0.000713 seconds
10:38:19  DEBUG     presidio-analyzer              | --- match_time[NHS (medium)]: 0.000013 seconds
10:38:19  DEBUG     presidio-analyzer              | --- match_time[All Credit Cards (weak)]: 0.000012 seconds
10:38:19  DEBUG     presidio-analyzer              | Context list is: w2 statement annual form e.g. wage
10:38:19  DEBUG     presidio-analyzer              | Context list is: w2 statement t4 form e.g. canada
10:38:19  DEBUG     masking.engine                 | Page 8: no entities masked (0 detected, none in mask list)
10:38:19  WARNING   presidio-analyzer              | Entity IN_PAN doesn't have the corresponding recognizer in language : en
10:38:19  WARNING   presidio-analyzer              | Entity IN_AADHAAR doesn't have the corresponding recognizer in language : en
10:38:19  WARNING   presidio-analyzer              | Entity AU_TFN doesn't have the corresponding recognizer in language : en
10:38:19  DEBUG     presidio-analyzer              | Returning a total of 9 recognizers
10:38:19  WARNING   presidio-analyzer              | Entity ORDINAL is not mapped to a Presidio entity, but keeping anyway. Add to `NerModelConfiguration.labels_to_ignore` to remove.
10:38:19  WARNING   presidio-analyzer              | Entity CARDINAL is not mapped to a Presidio entity, but keeping anyway. Add to `NerModelConfiguration.labels_to_ignore` to remove.
10:38:19  WARNING   presidio-analyzer              | Entity CARDINAL is not mapped to a Presidio entity, but keeping anyway. Add to `NerModelConfiguration.labels_to_ignore` to remove.
10:38:19  WARNING   presidio-analyzer              | Entity PRODUCT is not mapped to a Presidio entity, but keeping anyway. Add to `NerModelConfiguration.labels_to_ignore` to remove.
10:38:19  WARNING   presidio-analyzer              | Entity CARDINAL is not mapped to a Presidio entity, but keeping anyway. Add to `NerModelConfiguration.labels_to_ignore` to remove.
10:38:19  DEBUG     presidio-analyzer              | --- match_time[USA DEA Certificate Number (weak)]: 0.000016 seconds
10:38:19  DEBUG     presidio-analyzer              | --- match_time[Itin (very weak)]: 0.000007 seconds
10:38:19  DEBUG     presidio-analyzer              | --- match_time[Itin (weak)]: 0.000005 seconds
10:38:19  DEBUG     presidio-analyzer              | --- match_time[Itin (medium)]: 0.000005 seconds
10:38:19  DEBUG     presidio-analyzer              | --- match_time[Driver License - Alphanumeric (weak)]: 0.000005 seconds
10:38:19  DEBUG     presidio-analyzer              | --- match_time[Driver License - Digits (very weak)]: 0.000007 seconds
10:38:19  DEBUG     presidio-analyzer              | --- match_time[SSN1 (very weak)]: 0.000005 seconds
10:38:19  DEBUG     presidio-analyzer              | --- match_time[SSN2 (very weak)]: 0.000006 seconds
10:38:19  DEBUG     presidio-analyzer              | --- match_time[SSN3 (very weak)]: 0.000005 seconds
10:38:19  DEBUG     presidio-analyzer              | --- match_time[SSN4 (very weak)]: 0.000005 seconds
10:38:19  DEBUG     presidio-analyzer              | --- match_time[SSN5 (medium)]: 0.000006 seconds
10:38:19  DEBUG     presidio-analyzer              | --- match_time[Bank Account (weak)]: 0.000005 seconds
10:38:19  DEBUG     presidio-analyzer              | --- match_time[Passport (very weak)]: 0.000006 seconds
10:38:19  DEBUG     presidio-analyzer              | --- match_time[Passport Next Generation (very weak)]: 0.000006 seconds
10:38:19  DEBUG     presidio-analyzer              | --- match_time[NHS (medium)]: 0.000016 seconds
10:38:19  DEBUG     presidio-analyzer              | --- match_time[All Credit Cards (weak)]: 0.000008 seconds
10:38:19  DEBUG     masking.engine                 | Page 9: no entities masked (0 detected, none in mask list)
10:38:19  WARNING   presidio-analyzer              | Entity IN_PAN doesn't have the corresponding recognizer in language : en
10:38:19  WARNING   presidio-analyzer              | Entity IN_AADHAAR doesn't have the corresponding recognizer in language : en
10:38:19  WARNING   presidio-analyzer              | Entity AU_TFN doesn't have the corresponding recognizer in language : en
10:38:19  DEBUG     presidio-analyzer              | Returning a total of 9 recognizers
10:38:19  WARNING   presidio-analyzer              | Entity CARDINAL is not mapped to a Presidio entity, but keeping anyway. Add to `NerModelConfiguration.labels_to_ignore` to remove.
10:38:19  DEBUG     presidio-analyzer              | --- match_time[USA DEA Certificate Number (weak)]: 0.000015 seconds
10:38:19  DEBUG     presidio-analyzer              | --- match_time[Itin (very weak)]: 0.000007 seconds
10:38:19  DEBUG     presidio-analyzer              | --- match_time[Itin (weak)]: 0.000007 seconds
10:38:19  DEBUG     presidio-analyzer              | --- match_time[Itin (medium)]: 0.000005 seconds
10:38:19  DEBUG     presidio-analyzer              | --- match_time[Driver License - Alphanumeric (weak)]: 0.000005 seconds
10:38:19  DEBUG     presidio-analyzer              | --- match_time[Driver License - Digits (very weak)]: 0.000006 seconds
10:38:19  DEBUG     presidio-analyzer              | --- match_time[SSN1 (very weak)]: 0.000006 seconds
10:38:19  DEBUG     presidio-analyzer              | --- match_time[SSN2 (very weak)]: 0.000006 seconds
10:38:19  DEBUG     presidio-analyzer              | --- match_time[SSN3 (very weak)]: 0.000005 seconds
10:38:19  DEBUG     presidio-analyzer              | --- match_time[SSN4 (very weak)]: 0.000005 seconds
10:38:19  DEBUG     presidio-analyzer              | --- match_time[SSN5 (medium)]: 0.000006 seconds
10:38:19  DEBUG     presidio-analyzer              | --- match_time[Bank Account (weak)]: 0.000005 seconds
10:38:19  DEBUG     presidio-analyzer              | --- match_time[Passport (very weak)]: 0.000005 seconds
10:38:19  DEBUG     presidio-analyzer              | --- match_time[Passport Next Generation (very weak)]: 0.000006 seconds
10:38:19  DEBUG     presidio-analyzer              | --- match_time[NHS (medium)]: 0.000005 seconds
10:38:19  DEBUG     presidio-analyzer              | --- match_time[All Credit Cards (weak)]: 0.000006 seconds
10:38:19  DEBUG     masking.engine                 | Page 10: no entities masked (0 detected, none in mask list)
10:38:19  WARNING   presidio-analyzer              | Entity IN_PAN doesn't have the corresponding recognizer in language : en
10:38:19  WARNING   presidio-analyzer              | Entity IN_AADHAAR doesn't have the corresponding recognizer in language : en
10:38:19  WARNING   presidio-analyzer              | Entity AU_TFN doesn't have the corresponding recognizer in language : en
10:38:19  DEBUG     presidio-analyzer              | Returning a total of 9 recognizers
10:38:19  WARNING   presidio-analyzer              | Entity PERCENT is not mapped to a Presidio entity, but keeping anyway. Add to `NerModelConfiguration.labels_to_ignore` to remove.
10:38:19  WARNING   presidio-analyzer              | Entity CARDINAL is not mapped to a Presidio entity, but keeping anyway. Add to `NerModelConfiguration.labels_to_ignore` to remove.
10:38:19  WARNING   presidio-analyzer              | Entity CARDINAL is not mapped to a Presidio entity, but keeping anyway. Add to `NerModelConfiguration.labels_to_ignore` to remove.
10:38:19  WARNING   presidio-analyzer              | Entity CARDINAL is not mapped to a Presidio entity, but keeping anyway. Add to `NerModelConfiguration.labels_to_ignore` to remove.
10:38:19  WARNING   presidio-analyzer              | Entity MONEY is not mapped to a Presidio entity, but keeping anyway. Add to `NerModelConfiguration.labels_to_ignore` to remove.
10:38:19  WARNING   presidio-analyzer              | Entity CARDINAL is not mapped to a Presidio entity, but keeping anyway. Add to `NerModelConfiguration.labels_to_ignore` to remove.
10:38:19  WARNING   presidio-analyzer              | Entity CARDINAL is not mapped to a Presidio entity, but keeping anyway. Add to `NerModelConfiguration.labels_to_ignore` to remove.
10:38:19  DEBUG     presidio-analyzer              | --- match_time[USA DEA Certificate Number (weak)]: 0.000016 seconds
10:38:19  DEBUG     presidio-analyzer              | --- match_time[Itin (very weak)]: 0.000011 seconds
10:38:19  DEBUG     presidio-analyzer              | --- match_time[Itin (weak)]: 0.000009 seconds
10:38:19  DEBUG     presidio-analyzer              | --- match_time[Itin (medium)]: 0.000006 seconds
10:38:19  DEBUG     presidio-analyzer              | --- match_time[Driver License - Alphanumeric (weak)]: 0.000005 seconds
10:38:19  DEBUG     presidio-analyzer              | --- match_time[Driver License - Digits (very weak)]: 0.000007 seconds
10:38:19  DEBUG     presidio-analyzer              | --- match_time[SSN1 (very weak)]: 0.000014 seconds
10:38:19  DEBUG     presidio-analyzer              | --- match_time[SSN2 (very weak)]: 0.000012 seconds
10:38:19  DEBUG     presidio-analyzer              | --- match_time[SSN3 (very weak)]: 0.000006 seconds
10:38:19  DEBUG     presidio-analyzer              | --- match_time[SSN4 (very weak)]: 0.000006 seconds
10:38:19  DEBUG     presidio-analyzer              | --- match_time[SSN5 (medium)]: 0.000005 seconds
10:38:19  DEBUG     presidio-analyzer              | --- match_time[Bank Account (weak)]: 0.000005 seconds
10:38:19  DEBUG     presidio-analyzer              | --- match_time[Passport (very weak)]: 0.000005 seconds
10:38:19  DEBUG     presidio-analyzer              | --- match_time[Passport Next Generation (very weak)]: 0.000005 seconds
10:38:19  DEBUG     presidio-analyzer              | --- match_time[NHS (medium)]: 0.000005 seconds
10:38:19  DEBUG     presidio-analyzer              | --- match_time[All Credit Cards (weak)]: 0.000013 seconds
10:38:19  DEBUG     masking.engine                 | Page 11: no entities masked (0 detected, none in mask list)
10:38:19  WARNING   presidio-analyzer              | Entity IN_PAN doesn't have the corresponding recognizer in language : en
10:38:19  WARNING   presidio-analyzer              | Entity IN_AADHAAR doesn't have the corresponding recognizer in language : en
10:38:19  WARNING   presidio-analyzer              | Entity AU_TFN doesn't have the corresponding recognizer in language : en
10:38:19  DEBUG     presidio-analyzer              | Returning a total of 9 recognizers
10:38:19  WARNING   presidio-analyzer              | Entity CARDINAL is not mapped to a Presidio entity, but keeping anyway. Add to `NerModelConfiguration.labels_to_ignore` to remove.
10:38:19  WARNING   presidio-analyzer              | Entity CARDINAL is not mapped to a Presidio entity, but keeping anyway. Add to `NerModelConfiguration.labels_to_ignore` to remove.
10:38:19  WARNING   presidio-analyzer              | Entity CARDINAL is not mapped to a Presidio entity, but keeping anyway. Add to `NerModelConfiguration.labels_to_ignore` to remove.
10:38:19  WARNING   presidio-analyzer              | Entity CARDINAL is not mapped to a Presidio entity, but keeping anyway. Add to `NerModelConfiguration.labels_to_ignore` to remove.
10:38:19  WARNING   presidio-analyzer              | Entity CARDINAL is not mapped to a Presidio entity, but keeping anyway. Add to `NerModelConfiguration.labels_to_ignore` to remove.
10:38:19  WARNING   presidio-analyzer              | Entity CARDINAL is not mapped to a Presidio entity, but keeping anyway. Add to `NerModelConfiguration.labels_to_ignore` to remove.
10:38:19  WARNING   presidio-analyzer              | Entity CARDINAL is not mapped to a Presidio entity, but keeping anyway. Add to `NerModelConfiguration.labels_to_ignore` to remove.
10:38:19  WARNING   presidio-analyzer              | Entity PRODUCT is not mapped to a Presidio entity, but keeping anyway. Add to `NerModelConfiguration.labels_to_ignore` to remove.
10:38:19  WARNING   presidio-analyzer              | Entity PERCENT is not mapped to a Presidio entity, but keeping anyway. Add to `NerModelConfiguration.labels_to_ignore` to remove.
10:38:19  WARNING   presidio-analyzer              | Entity CARDINAL is not mapped to a Presidio entity, but keeping anyway. Add to `NerModelConfiguration.labels_to_ignore` to remove.
10:38:19  WARNING   presidio-analyzer              | Entity CARDINAL is not mapped to a Presidio entity, but keeping anyway. Add to `NerModelConfiguration.labels_to_ignore` to remove.
10:38:19  WARNING   presidio-analyzer              | Entity CARDINAL is not mapped to a Presidio entity, but keeping anyway. Add to `NerModelConfiguration.labels_to_ignore` to remove.
10:38:19  DEBUG     presidio-analyzer              | --- match_time[USA DEA Certificate Number (weak)]: 0.000019 seconds
10:38:19  DEBUG     presidio-analyzer              | --- match_time[Itin (very weak)]: 0.000008 seconds
10:38:19  DEBUG     presidio-analyzer              | --- match_time[Itin (weak)]: 0.000008 seconds
10:38:19  DEBUG     presidio-analyzer              | --- match_time[Itin (medium)]: 0.000017 seconds
10:38:19  DEBUG     presidio-analyzer              | --- match_time[Driver License - Alphanumeric (weak)]: 0.000009 seconds
10:38:19  DEBUG     presidio-analyzer              | --- match_time[Driver License - Digits (very weak)]: 0.000020 seconds
10:38:19  DEBUG     presidio-analyzer              | --- match_time[SSN1 (very weak)]: 0.000009 seconds
10:38:19  DEBUG     presidio-analyzer              | --- match_time[SSN2 (very weak)]: 0.000008 seconds
10:38:19  DEBUG     presidio-analyzer              | --- match_time[SSN3 (very weak)]: 0.000007 seconds
10:38:19  DEBUG     presidio-analyzer              | --- match_time[SSN4 (very weak)]: 0.000007 seconds
10:38:19  DEBUG     presidio-analyzer              | --- match_time[SSN5 (medium)]: 0.000007 seconds
10:38:19  DEBUG     presidio-analyzer              | --- match_time[Bank Account (weak)]: 0.000005 seconds
10:38:19  DEBUG     presidio-analyzer              | --- match_time[Passport (very weak)]: 0.000006 seconds
10:38:19  DEBUG     presidio-analyzer              | --- match_time[Passport Next Generation (very weak)]: 0.000007 seconds
10:38:19  DEBUG     presidio-analyzer              | --- match_time[NHS (medium)]: 0.000005 seconds
10:38:19  DEBUG     presidio-analyzer              | --- match_time[All Credit Cards (weak)]: 0.000006 seconds
10:38:19  DEBUG     presidio-analyzer              | Context list is: 1,725 cad year regular t1135 canadian
10:38:19  DEBUG     presidio-analyzer              | Context list is: description currency item fee a1 application
10:38:19  DEBUG     presidio-analyzer              | Found context keyword 'lic'
10:38:19  DEBUG     masking.engine                 | Page 12: no entities masked (0 detected, none in mask list)
10:38:19  WARNING   presidio-analyzer              | Entity IN_PAN doesn't have the corresponding recognizer in language : en
10:38:19  WARNING   presidio-analyzer              | Entity IN_AADHAAR doesn't have the corresponding recognizer in language : en
10:38:19  WARNING   presidio-analyzer              | Entity AU_TFN doesn't have the corresponding recognizer in language : en
10:38:19  DEBUG     presidio-analyzer              | Returning a total of 9 recognizers
10:38:19  WARNING   presidio-analyzer              | Entity CARDINAL is not mapped to a Presidio entity, but keeping anyway. Add to `NerModelConfiguration.labels_to_ignore` to remove.
10:38:19  WARNING   presidio-analyzer              | Entity PRODUCT is not mapped to a Presidio entity, but keeping anyway. Add to `NerModelConfiguration.labels_to_ignore` to remove.
10:38:19  WARNING   presidio-analyzer              | Entity CARDINAL is not mapped to a Presidio entity, but keeping anyway. Add to `NerModelConfiguration.labels_to_ignore` to remove.
10:38:19  DEBUG     presidio-analyzer              | --- match_time[USA DEA Certificate Number (weak)]: 0.000020 seconds
10:38:19  DEBUG     presidio-analyzer              | --- match_time[Itin (very weak)]: 0.000016 seconds
10:38:19  DEBUG     presidio-analyzer              | --- match_time[Itin (weak)]: 0.000027 seconds
10:38:19  DEBUG     presidio-analyzer              | --- match_time[Itin (medium)]: 0.000017 seconds
10:38:19  DEBUG     presidio-analyzer              | --- match_time[Driver License - Alphanumeric (weak)]: 0.000011 seconds
10:38:19  DEBUG     presidio-analyzer              | --- match_time[Driver License - Digits (very weak)]: 0.000023 seconds
10:38:19  DEBUG     presidio-analyzer              | --- match_time[SSN1 (very weak)]: 0.000013 seconds
10:38:19  DEBUG     presidio-analyzer              | --- match_time[SSN2 (very weak)]: 0.000010 seconds
10:38:19  DEBUG     presidio-analyzer              | --- match_time[SSN3 (very weak)]: 0.000007 seconds
10:38:19  DEBUG     presidio-analyzer              | --- match_time[SSN4 (very weak)]: 0.000007 seconds
10:38:19  DEBUG     presidio-analyzer              | --- match_time[SSN5 (medium)]: 0.000008 seconds
10:38:19  DEBUG     presidio-analyzer              | --- match_time[Bank Account (weak)]: 0.000006 seconds
10:38:19  DEBUG     presidio-analyzer              | --- match_time[Passport (very weak)]: 0.000007 seconds
10:38:19  DEBUG     presidio-analyzer              | --- match_time[Passport Next Generation (very weak)]: 0.000008 seconds
10:38:19  DEBUG     presidio-analyzer              | --- match_time[NHS (medium)]: 0.000012 seconds
10:38:19  DEBUG     presidio-analyzer              | --- match_time[All Credit Cards (weak)]: 0.000007 seconds
10:38:19  DEBUG     presidio-analyzer              | Context list is: 375 eur equalization certificate e101 calculation
10:38:19  DEBUG     presidio-analyzer              | Context list is: 375 eur certificate a1 e101 calculation
10:38:19  DEBUG     masking.engine                 | Page 13: no entities masked (0 detected, none in mask list)
10:38:19  WARNING   presidio-analyzer              | Entity IN_PAN doesn't have the corresponding recognizer in language : en
10:38:19  WARNING   presidio-analyzer              | Entity IN_AADHAAR doesn't have the corresponding recognizer in language : en
10:38:19  WARNING   presidio-analyzer              | Entity AU_TFN doesn't have the corresponding recognizer in language : en
10:38:19  DEBUG     presidio-analyzer              | Returning a total of 9 recognizers
10:38:20  WARNING   presidio-analyzer              | Entity PRODUCT is not mapped to a Presidio entity, but keeping anyway. Add to `NerModelConfiguration.labels_to_ignore` to remove.
10:38:20  WARNING   presidio-analyzer              | Entity MONEY is not mapped to a Presidio entity, but keeping anyway. Add to `NerModelConfiguration.labels_to_ignore` to remove.
10:38:20  WARNING   presidio-analyzer              | Entity CARDINAL is not mapped to a Presidio entity, but keeping anyway. Add to `NerModelConfiguration.labels_to_ignore` to remove.
10:38:20  WARNING   presidio-analyzer              | Entity MONEY is not mapped to a Presidio entity, but keeping anyway. Add to `NerModelConfiguration.labels_to_ignore` to remove.
10:38:20  WARNING   presidio-analyzer              | Entity MONEY is not mapped to a Presidio entity, but keeping anyway. Add to `NerModelConfiguration.labels_to_ignore` to remove.
10:38:20  WARNING   presidio-analyzer              | Entity MONEY is not mapped to a Presidio entity, but keeping anyway. Add to `NerModelConfiguration.labels_to_ignore` to remove.
10:38:20  WARNING   presidio-analyzer              | Entity CARDINAL is not mapped to a Presidio entity, but keeping anyway. Add to `NerModelConfiguration.labels_to_ignore` to remove.
10:38:20  WARNING   presidio-analyzer              | Entity ORDINAL is not mapped to a Presidio entity, but keeping anyway. Add to `NerModelConfiguration.labels_to_ignore` to remove.
10:38:20  WARNING   presidio-analyzer              | Entity ORDINAL is not mapped to a Presidio entity, but keeping anyway. Add to `NerModelConfiguration.labels_to_ignore` to remove.
10:38:20  WARNING   presidio-analyzer              | Entity CARDINAL is not mapped to a Presidio entity, but keeping anyway. Add to `NerModelConfiguration.labels_to_ignore` to remove.
10:38:20  WARNING   presidio-analyzer              | Entity CARDINAL is not mapped to a Presidio entity, but keeping anyway. Add to `NerModelConfiguration.labels_to_ignore` to remove.
10:38:20  WARNING   presidio-analyzer              | Entity CARDINAL is not mapped to a Presidio entity, but keeping anyway. Add to `NerModelConfiguration.labels_to_ignore` to remove.
10:38:20  DEBUG     presidio-analyzer              | --- match_time[USA DEA Certificate Number (weak)]: 0.000019 seconds
10:38:20  DEBUG     presidio-analyzer              | --- match_time[Itin (very weak)]: 0.000009 seconds
10:38:20  DEBUG     presidio-analyzer              | --- match_time[Itin (weak)]: 0.000009 seconds
10:38:20  DEBUG     presidio-analyzer              | --- match_time[Itin (medium)]: 0.000007 seconds
10:38:20  DEBUG     presidio-analyzer              | --- match_time[Driver License - Alphanumeric (weak)]: 0.000006 seconds
10:38:20  DEBUG     presidio-analyzer              | --- match_time[Driver License - Digits (very weak)]: 0.000007 seconds
10:38:20  DEBUG     presidio-analyzer              | --- match_time[SSN1 (very weak)]: 0.000006 seconds
10:38:20  DEBUG     presidio-analyzer              | --- match_time[SSN2 (very weak)]: 0.000007 seconds
10:38:20  DEBUG     presidio-analyzer              | --- match_time[SSN3 (very weak)]: 0.000006 seconds
10:38:20  DEBUG     presidio-analyzer              | --- match_time[SSN4 (very weak)]: 0.000006 seconds
10:38:20  DEBUG     presidio-analyzer              | --- match_time[SSN5 (medium)]: 0.000007 seconds
10:38:20  DEBUG     presidio-analyzer              | --- match_time[Bank Account (weak)]: 0.000006 seconds
10:38:20  DEBUG     presidio-analyzer              | --- match_time[Passport (very weak)]: 0.000006 seconds
10:38:20  DEBUG     presidio-analyzer              | --- match_time[Passport Next Generation (very weak)]: 0.000007 seconds
10:38:20  DEBUG     presidio-analyzer              | --- match_time[NHS (medium)]: 0.000005 seconds
10:38:20  DEBUG     presidio-analyzer              | --- match_time[All Credit Cards (weak)]: 0.000016 seconds
10:38:20  DEBUG     masking.engine                 | Page 14: no entities masked (0 detected, none in mask list)
10:38:20  WARNING   presidio-analyzer              | Entity IN_PAN doesn't have the corresponding recognizer in language : en
10:38:20  WARNING   presidio-analyzer              | Entity IN_AADHAAR doesn't have the corresponding recognizer in language : en
10:38:20  WARNING   presidio-analyzer              | Entity AU_TFN doesn't have the corresponding recognizer in language : en
10:38:20  DEBUG     presidio-analyzer              | Returning a total of 9 recognizers
10:38:20  WARNING   presidio-analyzer              | Entity CARDINAL is not mapped to a Presidio entity, but keeping anyway. Add to `NerModelConfiguration.labels_to_ignore` to remove.
10:38:20  WARNING   presidio-analyzer              | Entity CARDINAL is not mapped to a Presidio entity, but keeping anyway. Add to `NerModelConfiguration.labels_to_ignore` to remove.
10:38:20  WARNING   presidio-analyzer              | Entity PRODUCT is not mapped to a Presidio entity, but keeping anyway. Add to `NerModelConfiguration.labels_to_ignore` to remove.
10:38:20  WARNING   presidio-analyzer              | Entity CARDINAL is not mapped to a Presidio entity, but keeping anyway. Add to `NerModelConfiguration.labels_to_ignore` to remove.
10:38:20  DEBUG     presidio-analyzer              | --- match_time[USA DEA Certificate Number (weak)]: 0.000014 seconds
10:38:20  DEBUG     presidio-analyzer              | --- match_time[Itin (very weak)]: 0.000007 seconds
10:38:20  DEBUG     presidio-analyzer              | --- match_time[Itin (weak)]: 0.000008 seconds
10:38:20  DEBUG     presidio-analyzer              | --- match_time[Itin (medium)]: 0.000005 seconds
10:38:20  DEBUG     presidio-analyzer              | --- match_time[Driver License - Alphanumeric (weak)]: 0.000005 seconds
10:38:20  DEBUG     presidio-analyzer              | --- match_time[Driver License - Digits (very weak)]: 0.000007 seconds
10:38:20  DEBUG     presidio-analyzer              | --- match_time[SSN1 (very weak)]: 0.000005 seconds
10:38:20  DEBUG     presidio-analyzer              | --- match_time[SSN2 (very weak)]: 0.000005 seconds
10:38:20  DEBUG     presidio-analyzer              | --- match_time[SSN3 (very weak)]: 0.000005 seconds
10:38:20  DEBUG     presidio-analyzer              | --- match_time[SSN4 (very weak)]: 0.000005 seconds
10:38:20  DEBUG     presidio-analyzer              | --- match_time[SSN5 (medium)]: 0.000005 seconds
10:38:20  DEBUG     presidio-analyzer              | --- match_time[Bank Account (weak)]: 0.000004 seconds
10:38:20  DEBUG     presidio-analyzer              | --- match_time[Passport (very weak)]: 0.000004 seconds
10:38:20  DEBUG     presidio-analyzer              | --- match_time[Passport Next Generation (very weak)]: 0.000006 seconds
10:38:20  DEBUG     presidio-analyzer              | --- match_time[NHS (medium)]: 0.000005 seconds
10:38:20  DEBUG     presidio-analyzer              | --- match_time[All Credit Cards (weak)]: 0.000004 seconds
10:38:20  DEBUG     presidio-analyzer              | Context list is: security coc a1 social 482 application
10:38:20  DEBUG     presidio-analyzer              | Found context keyword 'lic'
10:38:20  DEBUG     masking.engine                 | Page 15: no entities masked (0 detected, none in mask list)
10:38:20  WARNING   presidio-analyzer              | Entity IN_PAN doesn't have the corresponding recognizer in language : en
10:38:20  WARNING   presidio-analyzer              | Entity IN_AADHAAR doesn't have the corresponding recognizer in language : en
10:38:20  WARNING   presidio-analyzer              | Entity AU_TFN doesn't have the corresponding recognizer in language : en
10:38:20  DEBUG     presidio-analyzer              | Returning a total of 9 recognizers
10:38:20  WARNING   presidio-analyzer              | Entity CARDINAL is not mapped to a Presidio entity, but keeping anyway. Add to `NerModelConfiguration.labels_to_ignore` to remove.
10:38:20  WARNING   presidio-analyzer              | Entity CARDINAL is not mapped to a Presidio entity, but keeping anyway. Add to `NerModelConfiguration.labels_to_ignore` to remove.
10:38:20  WARNING   presidio-analyzer              | Entity CARDINAL is not mapped to a Presidio entity, but keeping anyway. Add to `NerModelConfiguration.labels_to_ignore` to remove.
10:38:20  WARNING   presidio-analyzer              | Entity CARDINAL is not mapped to a Presidio entity, but keeping anyway. Add to `NerModelConfiguration.labels_to_ignore` to remove.
10:38:20  WARNING   presidio-analyzer              | Entity CARDINAL is not mapped to a Presidio entity, but keeping anyway. Add to `NerModelConfiguration.labels_to_ignore` to remove.
10:38:20  WARNING   presidio-analyzer              | Entity CARDINAL is not mapped to a Presidio entity, but keeping anyway. Add to `NerModelConfiguration.labels_to_ignore` to remove.
10:38:20  WARNING   presidio-analyzer              | Entity WORK_OF_ART is not mapped to a Presidio entity, but keeping anyway. Add to `NerModelConfiguration.labels_to_ignore` to remove.
10:38:20  WARNING   presidio-analyzer              | Entity CARDINAL is not mapped to a Presidio entity, but keeping anyway. Add to `NerModelConfiguration.labels_to_ignore` to remove.
10:38:20  WARNING   presidio-analyzer              | Entity PERCENT is not mapped to a Presidio entity, but keeping anyway. Add to `NerModelConfiguration.labels_to_ignore` to remove.
10:38:20  WARNING   presidio-analyzer              | Entity CARDINAL is not mapped to a Presidio entity, but keeping anyway. Add to `NerModelConfiguration.labels_to_ignore` to remove.
10:38:20  DEBUG     presidio-analyzer              | --- match_time[USA DEA Certificate Number (weak)]: 0.000025 seconds
10:38:20  DEBUG     presidio-analyzer              | --- match_time[Itin (very weak)]: 0.000015 seconds
10:38:20  DEBUG     presidio-analyzer              | --- match_time[Itin (weak)]: 0.000009 seconds
10:38:20  DEBUG     presidio-analyzer              | --- match_time[Itin (medium)]: 0.000006 seconds
10:38:20  DEBUG     presidio-analyzer              | --- match_time[Driver License - Alphanumeric (weak)]: 0.000005 seconds
10:38:20  DEBUG     presidio-analyzer              | --- match_time[Driver License - Digits (very weak)]: 0.000019 seconds
10:38:20  DEBUG     presidio-analyzer              | --- match_time[SSN1 (very weak)]: 0.000007 seconds
10:38:20  DEBUG     presidio-analyzer              | --- match_time[SSN2 (very weak)]: 0.000006 seconds
10:38:20  DEBUG     presidio-analyzer              | --- match_time[SSN3 (very weak)]: 0.000005 seconds
10:38:20  DEBUG     presidio-analyzer              | --- match_time[SSN4 (very weak)]: 0.000017 seconds
10:38:20  DEBUG     presidio-analyzer              | --- match_time[SSN5 (medium)]: 0.000008 seconds
10:38:20  DEBUG     presidio-analyzer              | --- match_time[Bank Account (weak)]: 0.000037 seconds
10:38:20  DEBUG     presidio-analyzer              | --- match_time[Passport (very weak)]: 0.000014 seconds
10:38:20  DEBUG     presidio-analyzer              | --- match_time[Passport Next Generation (very weak)]: 0.000009 seconds
10:38:20  DEBUG     presidio-analyzer              | --- match_time[NHS (medium)]: 0.000005 seconds
10:38:20  DEBUG     presidio-analyzer              | --- match_time[All Credit Cards (weak)]: 0.000009 seconds
10:38:20  DEBUG     masking.engine                 | Page 16: no entities masked (0 detected, none in mask list)
10:38:20  WARNING   presidio-analyzer              | Entity IN_PAN doesn't have the corresponding recognizer in language : en
10:38:20  WARNING   presidio-analyzer              | Entity IN_AADHAAR doesn't have the corresponding recognizer in language : en
10:38:20  WARNING   presidio-analyzer              | Entity AU_TFN doesn't have the corresponding recognizer in language : en
10:38:20  DEBUG     presidio-analyzer              | Returning a total of 9 recognizers
10:38:20  WARNING   presidio-analyzer              | Entity CARDINAL is not mapped to a Presidio entity, but keeping anyway. Add to `NerModelConfiguration.labels_to_ignore` to remove.
10:38:20  WARNING   presidio-analyzer              | Entity CARDINAL is not mapped to a Presidio entity, but keeping anyway. Add to `NerModelConfiguration.labels_to_ignore` to remove.
10:38:20  WARNING   presidio-analyzer              | Entity CARDINAL is not mapped to a Presidio entity, but keeping anyway. Add to `NerModelConfiguration.labels_to_ignore` to remove.
10:38:20  WARNING   presidio-analyzer              | Entity CARDINAL is not mapped to a Presidio entity, but keeping anyway. Add to `NerModelConfiguration.labels_to_ignore` to remove.
10:38:20  WARNING   presidio-analyzer              | Entity WORK_OF_ART is not mapped to a Presidio entity, but keeping anyway. Add to `NerModelConfiguration.labels_to_ignore` to remove.
10:38:20  WARNING   presidio-analyzer              | Entity CARDINAL is not mapped to a Presidio entity, but keeping anyway. Add to `NerModelConfiguration.labels_to_ignore` to remove.
10:38:20  DEBUG     presidio-analyzer              | --- match_time[USA DEA Certificate Number (weak)]: 0.000017 seconds
10:38:20  DEBUG     presidio-analyzer              | --- match_time[Itin (very weak)]: 0.000007 seconds
10:38:20  DEBUG     presidio-analyzer              | --- match_time[Itin (weak)]: 0.000006 seconds
10:38:20  DEBUG     presidio-analyzer              | --- match_time[Itin (medium)]: 0.000005 seconds
10:38:20  DEBUG     presidio-analyzer              | --- match_time[Driver License - Alphanumeric (weak)]: 0.000005 seconds
10:38:20  DEBUG     presidio-analyzer              | --- match_time[Driver License - Digits (very weak)]: 0.000005 seconds
10:38:20  DEBUG     presidio-analyzer              | --- match_time[SSN1 (very weak)]: 0.000005 seconds
10:38:20  DEBUG     presidio-analyzer              | --- match_time[SSN2 (very weak)]: 0.000006 seconds
10:38:20  DEBUG     presidio-analyzer              | --- match_time[SSN3 (very weak)]: 0.000005 seconds
10:38:20  DEBUG     presidio-analyzer              | --- match_time[SSN4 (very weak)]: 0.000005 seconds
10:38:20  DEBUG     presidio-analyzer              | --- match_time[SSN5 (medium)]: 0.000005 seconds
10:38:20  DEBUG     presidio-analyzer              | --- match_time[Bank Account (weak)]: 0.000005 seconds
10:38:20  DEBUG     presidio-analyzer              | --- match_time[Passport (very weak)]: 0.000013 seconds
10:38:20  DEBUG     presidio-analyzer              | --- match_time[Passport Next Generation (very weak)]: 0.000008 seconds
10:38:20  DEBUG     presidio-analyzer              | --- match_time[NHS (medium)]: 0.000005 seconds
10:38:20  DEBUG     presidio-analyzer              | --- match_time[All Credit Cards (weak)]: 0.000004 seconds
10:38:20  DEBUG     masking.engine                 | Page 17: no entities masked (0 detected, none in mask list)
10:38:20  WARNING   presidio-analyzer              | Entity IN_PAN doesn't have the corresponding recognizer in language : en
10:38:20  WARNING   presidio-analyzer              | Entity IN_AADHAAR doesn't have the corresponding recognizer in language : en
10:38:20  WARNING   presidio-analyzer              | Entity AU_TFN doesn't have the corresponding recognizer in language : en
10:38:20  DEBUG     presidio-analyzer              | Returning a total of 9 recognizers
10:38:20  WARNING   presidio-analyzer              | Entity CARDINAL is not mapped to a Presidio entity, but keeping anyway. Add to `NerModelConfiguration.labels_to_ignore` to remove.
10:38:20  WARNING   presidio-analyzer              | Entity ORDINAL is not mapped to a Presidio entity, but keeping anyway. Add to `NerModelConfiguration.labels_to_ignore` to remove.
10:38:20  WARNING   presidio-analyzer              | Entity ORDINAL is not mapped to a Presidio entity, but keeping anyway. Add to `NerModelConfiguration.labels_to_ignore` to remove.
10:38:20  WARNING   presidio-analyzer              | Entity ORDINAL is not mapped to a Presidio entity, but keeping anyway. Add to `NerModelConfiguration.labels_to_ignore` to remove.
10:38:20  WARNING   presidio-analyzer              | Entity PERCENT is not mapped to a Presidio entity, but keeping anyway. Add to `NerModelConfiguration.labels_to_ignore` to remove.
10:38:20  WARNING   presidio-analyzer              | Entity CARDINAL is not mapped to a Presidio entity, but keeping anyway. Add to `NerModelConfiguration.labels_to_ignore` to remove.
10:38:20  WARNING   presidio-analyzer              | Entity CARDINAL is not mapped to a Presidio entity, but keeping anyway. Add to `NerModelConfiguration.labels_to_ignore` to remove.
10:38:20  WARNING   presidio-analyzer              | Entity CARDINAL is not mapped to a Presidio entity, but keeping anyway. Add to `NerModelConfiguration.labels_to_ignore` to remove.
10:38:20  WARNING   presidio-analyzer              | Entity PRODUCT is not mapped to a Presidio entity, but keeping anyway. Add to `NerModelConfiguration.labels_to_ignore` to remove.
10:38:20  WARNING   presidio-analyzer              | Entity CARDINAL is not mapped to a Presidio entity, but keeping anyway. Add to `NerModelConfiguration.labels_to_ignore` to remove.
10:38:20  WARNING   presidio-analyzer              | Entity CARDINAL is not mapped to a Presidio entity, but keeping anyway. Add to `NerModelConfiguration.labels_to_ignore` to remove.
10:38:20  DEBUG     presidio-analyzer              | --- match_time[USA DEA Certificate Number (weak)]: 0.000021 seconds
10:38:20  DEBUG     presidio-analyzer              | --- match_time[Itin (very weak)]: 0.000012 seconds
10:38:20  DEBUG     presidio-analyzer              | --- match_time[Itin (weak)]: 0.000009 seconds
10:38:20  DEBUG     presidio-analyzer              | --- match_time[Itin (medium)]: 0.000007 seconds
10:38:20  DEBUG     presidio-analyzer              | --- match_time[Driver License - Alphanumeric (weak)]: 0.000006 seconds
10:38:20  DEBUG     presidio-analyzer              | --- match_time[Driver License - Digits (very weak)]: 0.000024 seconds
10:38:20  DEBUG     presidio-analyzer              | --- match_time[SSN1 (very weak)]: 0.000010 seconds
10:38:20  DEBUG     presidio-analyzer              | --- match_time[SSN2 (very weak)]: 0.000008 seconds
10:38:20  DEBUG     presidio-analyzer              | --- match_time[SSN3 (very weak)]: 0.000006 seconds
10:38:20  DEBUG     presidio-analyzer              | --- match_time[SSN4 (very weak)]: 0.000007 seconds
10:38:20  DEBUG     presidio-analyzer              | --- match_time[SSN5 (medium)]: 0.000007 seconds
10:38:20  DEBUG     presidio-analyzer              | --- match_time[Bank Account (weak)]: 0.000006 seconds
10:38:20  DEBUG     presidio-analyzer              | --- match_time[Passport (very weak)]: 0.000007 seconds
10:38:20  DEBUG     presidio-analyzer              | --- match_time[Passport Next Generation (very weak)]: 0.000007 seconds
10:38:20  DEBUG     presidio-analyzer              | --- match_time[NHS (medium)]: 0.000018 seconds
10:38:20  DEBUG     presidio-analyzer              | --- match_time[All Credit Cards (weak)]: 0.000009 seconds
10:38:20  DEBUG     masking.engine                 | Page 18: no entities masked (0 detected, none in mask list)
10:38:20  WARNING   presidio-analyzer              | Entity IN_PAN doesn't have the corresponding recognizer in language : en
10:38:20  WARNING   presidio-analyzer              | Entity IN_AADHAAR doesn't have the corresponding recognizer in language : en
10:38:20  WARNING   presidio-analyzer              | Entity AU_TFN doesn't have the corresponding recognizer in language : en
10:38:20  DEBUG     presidio-analyzer              | Returning a total of 9 recognizers
10:38:20  WARNING   presidio-analyzer              | Entity ORDINAL is not mapped to a Presidio entity, but keeping anyway. Add to `NerModelConfiguration.labels_to_ignore` to remove.
10:38:20  WARNING   presidio-analyzer              | Entity PRODUCT is not mapped to a Presidio entity, but keeping anyway. Add to `NerModelConfiguration.labels_to_ignore` to remove.
10:38:20  WARNING   presidio-analyzer              | Entity CARDINAL is not mapped to a Presidio entity, but keeping anyway. Add to `NerModelConfiguration.labels_to_ignore` to remove.
10:38:20  WARNING   presidio-analyzer              | Entity CARDINAL is not mapped to a Presidio entity, but keeping anyway. Add to `NerModelConfiguration.labels_to_ignore` to remove.
10:38:20  WARNING   presidio-analyzer              | Entity CARDINAL is not mapped to a Presidio entity, but keeping anyway. Add to `NerModelConfiguration.labels_to_ignore` to remove.
10:38:20  WARNING   presidio-analyzer              | Entity EVENT is not mapped to a Presidio entity, but keeping anyway. Add to `NerModelConfiguration.labels_to_ignore` to remove.
10:38:20  WARNING   presidio-analyzer              | Entity CARDINAL is not mapped to a Presidio entity, but keeping anyway. Add to `NerModelConfiguration.labels_to_ignore` to remove.
10:38:20  WARNING   presidio-analyzer              | Entity CARDINAL is not mapped to a Presidio entity, but keeping anyway. Add to `NerModelConfiguration.labels_to_ignore` to remove.
10:38:20  WARNING   presidio-analyzer              | Entity CARDINAL is not mapped to a Presidio entity, but keeping anyway. Add to `NerModelConfiguration.labels_to_ignore` to remove.
10:38:20  WARNING   presidio-analyzer              | Entity CARDINAL is not mapped to a Presidio entity, but keeping anyway. Add to `NerModelConfiguration.labels_to_ignore` to remove.
10:38:20  WARNING   presidio-analyzer              | Entity CARDINAL is not mapped to a Presidio entity, but keeping anyway. Add to `NerModelConfiguration.labels_to_ignore` to remove.
10:38:20  DEBUG     presidio-analyzer              | --- match_time[USA DEA Certificate Number (weak)]: 0.000012 seconds
10:38:20  DEBUG     presidio-analyzer              | --- match_time[Itin (very weak)]: 0.000006 seconds
10:38:20  DEBUG     presidio-analyzer              | --- match_time[Itin (weak)]: 0.000007 seconds
10:38:20  DEBUG     presidio-analyzer              | --- match_time[Itin (medium)]: 0.000013 seconds
10:38:20  DEBUG     presidio-analyzer              | --- match_time[Driver License - Alphanumeric (weak)]: 0.000006 seconds
10:38:20  DEBUG     presidio-analyzer              | --- match_time[Driver License - Digits (very weak)]: 0.000242 seconds
10:38:20  DEBUG     presidio-analyzer              | --- match_time[SSN1 (very weak)]: 0.000014 seconds
10:38:20  DEBUG     presidio-analyzer              | --- match_time[SSN2 (very weak)]: 0.000008 seconds
10:38:20  DEBUG     presidio-analyzer              | --- match_time[SSN3 (very weak)]: 0.000005 seconds
10:38:20  DEBUG     presidio-analyzer              | --- match_time[SSN4 (very weak)]: 0.000005 seconds
10:38:20  DEBUG     presidio-analyzer              | --- match_time[SSN5 (medium)]: 0.000005 seconds
10:38:20  DEBUG     presidio-analyzer              | --- match_time[Bank Account (weak)]: 0.000005 seconds
10:38:20  DEBUG     presidio-analyzer              | --- match_time[Passport (very weak)]: 0.000005 seconds
10:38:20  DEBUG     presidio-analyzer              | --- match_time[Passport Next Generation (very weak)]: 0.000005 seconds
10:38:20  DEBUG     presidio-analyzer              | --- match_time[NHS (medium)]: 0.000004 seconds
10:38:20  DEBUG     presidio-analyzer              | --- match_time[All Credit Cards (weak)]: 0.000005 seconds
10:38:20  DEBUG     masking.engine                 | Page 19: no entities masked (0 detected, none in mask list)
10:38:20  WARNING   presidio-analyzer              | Entity IN_PAN doesn't have the corresponding recognizer in language : en
10:38:20  WARNING   presidio-analyzer              | Entity IN_AADHAAR doesn't have the corresponding recognizer in language : en
10:38:20  WARNING   presidio-analyzer              | Entity AU_TFN doesn't have the corresponding recognizer in language : en
10:38:20  DEBUG     presidio-analyzer              | Returning a total of 9 recognizers
10:38:20  WARNING   presidio-analyzer              | Entity CARDINAL is not mapped to a Presidio entity, but keeping anyway. Add to `NerModelConfiguration.labels_to_ignore` to remove.
10:38:20  WARNING   presidio-analyzer              | Entity MONEY is not mapped to a Presidio entity, but keeping anyway. Add to `NerModelConfiguration.labels_to_ignore` to remove.
10:38:20  WARNING   presidio-analyzer              | Entity CARDINAL is not mapped to a Presidio entity, but keeping anyway. Add to `NerModelConfiguration.labels_to_ignore` to remove.
10:38:20  WARNING   presidio-analyzer              | Entity CARDINAL is not mapped to a Presidio entity, but keeping anyway. Add to `NerModelConfiguration.labels_to_ignore` to remove.
10:38:20  WARNING   presidio-analyzer              | Entity CARDINAL is not mapped to a Presidio entity, but keeping anyway. Add to `NerModelConfiguration.labels_to_ignore` to remove.
10:38:20  WARNING   presidio-analyzer              | Entity CARDINAL is not mapped to a Presidio entity, but keeping anyway. Add to `NerModelConfiguration.labels_to_ignore` to remove.
10:38:20  WARNING   presidio-analyzer              | Entity CARDINAL is not mapped to a Presidio entity, but keeping anyway. Add to `NerModelConfiguration.labels_to_ignore` to remove.
10:38:20  WARNING   presidio-analyzer              | Entity MONEY is not mapped to a Presidio entity, but keeping anyway. Add to `NerModelConfiguration.labels_to_ignore` to remove.
10:38:20  WARNING   presidio-analyzer              | Entity CARDINAL is not mapped to a Presidio entity, but keeping anyway. Add to `NerModelConfiguration.labels_to_ignore` to remove.
10:38:20  DEBUG     presidio-analyzer              | --- match_time[USA DEA Certificate Number (weak)]: 0.000016 seconds
10:38:20  DEBUG     presidio-analyzer              | --- match_time[Itin (very weak)]: 0.000011 seconds
10:38:20  DEBUG     presidio-analyzer              | --- match_time[Itin (weak)]: 0.000008 seconds
10:38:20  DEBUG     presidio-analyzer              | --- match_time[Itin (medium)]: 0.000005 seconds
10:38:20  DEBUG     presidio-analyzer              | --- match_time[Driver License - Alphanumeric (weak)]: 0.000006 seconds
10:38:20  DEBUG     presidio-analyzer              | --- match_time[Driver License - Digits (very weak)]: 0.000015 seconds
10:38:20  DEBUG     presidio-analyzer              | --- match_time[SSN1 (very weak)]: 0.000008 seconds
10:38:20  DEBUG     presidio-analyzer              | --- match_time[SSN2 (very weak)]: 0.000006 seconds
10:38:20  DEBUG     presidio-analyzer              | --- match_time[SSN3 (very weak)]: 0.000005 seconds
10:38:20  DEBUG     presidio-analyzer              | --- match_time[SSN4 (very weak)]: 0.000005 seconds
10:38:20  DEBUG     presidio-analyzer              | --- match_time[SSN5 (medium)]: 0.000007 seconds
10:38:20  DEBUG     presidio-analyzer              | --- match_time[Bank Account (weak)]: 0.000004 seconds
10:38:20  DEBUG     presidio-analyzer              | --- match_time[Passport (very weak)]: 0.000005 seconds
10:38:20  DEBUG     presidio-analyzer              | --- match_time[Passport Next Generation (very weak)]: 0.000019 seconds
10:38:20  DEBUG     presidio-analyzer              | --- match_time[NHS (medium)]: 0.000013 seconds
10:38:20  DEBUG     presidio-analyzer              | --- match_time[All Credit Cards (weak)]: 0.000013 seconds
10:38:20  DEBUG     masking.engine                 | Page 20: no entities masked (0 detected, none in mask list)
10:38:20  WARNING   presidio-analyzer              | Entity IN_PAN doesn't have the corresponding recognizer in language : en
10:38:20  WARNING   presidio-analyzer              | Entity IN_AADHAAR doesn't have the corresponding recognizer in language : en
10:38:20  WARNING   presidio-analyzer              | Entity AU_TFN doesn't have the corresponding recognizer in language : en
10:38:20  DEBUG     presidio-analyzer              | Returning a total of 9 recognizers
10:38:20  WARNING   presidio-analyzer              | Entity ORDINAL is not mapped to a Presidio entity, but keeping anyway. Add to `NerModelConfiguration.labels_to_ignore` to remove.
10:38:20  WARNING   presidio-analyzer              | Entity LAW is not mapped to a Presidio entity, but keeping anyway. Add to `NerModelConfiguration.labels_to_ignore` to remove.
10:38:20  WARNING   presidio-analyzer              | Entity PERCENT is not mapped to a Presidio entity, but keeping anyway. Add to `NerModelConfiguration.labels_to_ignore` to remove.
10:38:21  WARNING   presidio-analyzer              | Entity CARDINAL is not mapped to a Presidio entity, but keeping anyway. Add to `NerModelConfiguration.labels_to_ignore` to remove.
10:38:21  DEBUG     presidio-analyzer              | --- match_time[USA DEA Certificate Number (weak)]: 0.000017 seconds
10:38:21  DEBUG     presidio-analyzer              | --- match_time[Itin (very weak)]: 0.000007 seconds
10:38:21  DEBUG     presidio-analyzer              | --- match_time[Itin (weak)]: 0.000007 seconds
10:38:21  DEBUG     presidio-analyzer              | --- match_time[Itin (medium)]: 0.000005 seconds
10:38:21  DEBUG     presidio-analyzer              | --- match_time[Driver License - Alphanumeric (weak)]: 0.000004 seconds
10:38:21  DEBUG     presidio-analyzer              | --- match_time[Driver License - Digits (very weak)]: 0.000009 seconds
10:38:21  DEBUG     presidio-analyzer              | --- match_time[SSN1 (very weak)]: 0.000005 seconds
10:38:21  DEBUG     presidio-analyzer              | --- match_time[SSN2 (very weak)]: 0.000005 seconds
10:38:21  DEBUG     presidio-analyzer              | --- match_time[SSN3 (very weak)]: 0.000004 seconds
10:38:21  DEBUG     presidio-analyzer              | --- match_time[SSN4 (very weak)]: 0.000006 seconds
10:38:21  DEBUG     presidio-analyzer              | --- match_time[SSN5 (medium)]: 0.000005 seconds
10:38:21  DEBUG     presidio-analyzer              | --- match_time[Bank Account (weak)]: 0.000006 seconds
10:38:21  DEBUG     presidio-analyzer              | --- match_time[Passport (very weak)]: 0.000006 seconds
10:38:21  DEBUG     presidio-analyzer              | --- match_time[Passport Next Generation (very weak)]: 0.000006 seconds
10:38:21  DEBUG     presidio-analyzer              | --- match_time[NHS (medium)]: 0.000005 seconds
10:38:21  DEBUG     presidio-analyzer              | --- match_time[All Credit Cards (weak)]: 0.000005 seconds
10:38:21  DEBUG     masking.engine                 | Page 21: no entities masked (0 detected, none in mask list)
10:38:21  WARNING   presidio-analyzer              | Entity IN_PAN doesn't have the corresponding recognizer in language : en
10:38:21  WARNING   presidio-analyzer              | Entity IN_AADHAAR doesn't have the corresponding recognizer in language : en
10:38:21  WARNING   presidio-analyzer              | Entity AU_TFN doesn't have the corresponding recognizer in language : en
10:38:21  DEBUG     presidio-analyzer              | Returning a total of 9 recognizers
10:38:21  WARNING   presidio-analyzer              | Entity FAC is not mapped to a Presidio entity, but keeping anyway. Add to `NerModelConfiguration.labels_to_ignore` to remove.
10:38:21  WARNING   presidio-analyzer              | Entity FAC is not mapped to a Presidio entity, but keeping anyway. Add to `NerModelConfiguration.labels_to_ignore` to remove.
10:38:21  WARNING   presidio-analyzer              | Entity FAC is not mapped to a Presidio entity, but keeping anyway. Add to `NerModelConfiguration.labels_to_ignore` to remove.
10:38:21  WARNING   presidio-analyzer              | Entity CARDINAL is not mapped to a Presidio entity, but keeping anyway. Add to `NerModelConfiguration.labels_to_ignore` to remove.
10:38:21  WARNING   presidio-analyzer              | Entity CARDINAL is not mapped to a Presidio entity, but keeping anyway. Add to `NerModelConfiguration.labels_to_ignore` to remove.
10:38:21  WARNING   presidio-analyzer              | Entity CARDINAL is not mapped to a Presidio entity, but keeping anyway. Add to `NerModelConfiguration.labels_to_ignore` to remove.
10:38:21  WARNING   presidio-analyzer              | Entity CARDINAL is not mapped to a Presidio entity, but keeping anyway. Add to `NerModelConfiguration.labels_to_ignore` to remove.
10:38:21  DEBUG     presidio-analyzer              | --- match_time[USA DEA Certificate Number (weak)]: 0.000019 seconds
10:38:21  DEBUG     presidio-analyzer              | --- match_time[Itin (very weak)]: 0.000007 seconds
10:38:21  DEBUG     presidio-analyzer              | --- match_time[Itin (weak)]: 0.000007 seconds
10:38:21  DEBUG     presidio-analyzer              | --- match_time[Itin (medium)]: 0.000005 seconds
10:38:21  DEBUG     presidio-analyzer              | --- match_time[Driver License - Alphanumeric (weak)]: 0.000004 seconds
10:38:21  DEBUG     presidio-analyzer              | --- match_time[Driver License - Digits (very weak)]: 0.000019 seconds
10:38:21  DEBUG     presidio-analyzer              | --- match_time[SSN1 (very weak)]: 0.000015 seconds
10:38:21  DEBUG     presidio-analyzer              | --- match_time[SSN2 (very weak)]: 0.000008 seconds
10:38:21  DEBUG     presidio-analyzer              | --- match_time[SSN3 (very weak)]: 0.000015 seconds
10:38:21  DEBUG     presidio-analyzer              | --- match_time[SSN4 (very weak)]: 0.000297 seconds
10:38:21  DEBUG     presidio-analyzer              | --- match_time[SSN5 (medium)]: 0.000015 seconds
10:38:21  DEBUG     presidio-analyzer              | --- match_time[Bank Account (weak)]: 0.000006 seconds
10:38:21  DEBUG     presidio-analyzer              | --- match_time[Passport (very weak)]: 0.000006 seconds
10:38:21  DEBUG     presidio-analyzer              | --- match_time[Passport Next Generation (very weak)]: 0.000006 seconds
10:38:21  DEBUG     presidio-analyzer              | --- match_time[NHS (medium)]: 0.000007 seconds
10:38:21  DEBUG     presidio-analyzer              | --- match_time[All Credit Cards (weak)]: 0.000005 seconds
10:38:21  DEBUG     presidio-analyzer              | Context list is: description item currency fee certificate e101
10:38:21  DEBUG     presidio-analyzer              | Context list is: item currency fee certificate a1 e101
10:38:21  DEBUG     masking.engine                 | Page 22: no entities masked (0 detected, none in mask list)
10:38:21  WARNING   presidio-analyzer              | Entity IN_PAN doesn't have the corresponding recognizer in language : en
10:38:21  WARNING   presidio-analyzer              | Entity IN_AADHAAR doesn't have the corresponding recognizer in language : en
10:38:21  WARNING   presidio-analyzer              | Entity AU_TFN doesn't have the corresponding recognizer in language : en
10:38:21  DEBUG     presidio-analyzer              | Returning a total of 9 recognizers
10:38:21  WARNING   presidio-analyzer              | Entity CARDINAL is not mapped to a Presidio entity, but keeping anyway. Add to `NerModelConfiguration.labels_to_ignore` to remove.
10:38:21  WARNING   presidio-analyzer              | Entity CARDINAL is not mapped to a Presidio entity, but keeping anyway. Add to `NerModelConfiguration.labels_to_ignore` to remove.
10:38:21  WARNING   presidio-analyzer              | Entity CARDINAL is not mapped to a Presidio entity, but keeping anyway. Add to `NerModelConfiguration.labels_to_ignore` to remove.
10:38:21  WARNING   presidio-analyzer              | Entity CARDINAL is not mapped to a Presidio entity, but keeping anyway. Add to `NerModelConfiguration.labels_to_ignore` to remove.
10:38:21  WARNING   presidio-analyzer              | Entity CARDINAL is not mapped to a Presidio entity, but keeping anyway. Add to `NerModelConfiguration.labels_to_ignore` to remove.
10:38:21  WARNING   presidio-analyzer              | Entity CARDINAL is not mapped to a Presidio entity, but keeping anyway. Add to `NerModelConfiguration.labels_to_ignore` to remove.
10:38:21  WARNING   presidio-analyzer              | Entity CARDINAL is not mapped to a Presidio entity, but keeping anyway. Add to `NerModelConfiguration.labels_to_ignore` to remove.
10:38:21  WARNING   presidio-analyzer              | Entity EVENT is not mapped to a Presidio entity, but keeping anyway. Add to `NerModelConfiguration.labels_to_ignore` to remove.
10:38:21  WARNING   presidio-analyzer              | Entity CARDINAL is not mapped to a Presidio entity, but keeping anyway. Add to `NerModelConfiguration.labels_to_ignore` to remove.
10:38:21  WARNING   presidio-analyzer              | Entity CARDINAL is not mapped to a Presidio entity, but keeping anyway. Add to `NerModelConfiguration.labels_to_ignore` to remove.
10:38:21  DEBUG     presidio-analyzer              | --- match_time[USA DEA Certificate Number (weak)]: 0.000013 seconds
10:38:21  DEBUG     presidio-analyzer              | --- match_time[Itin (very weak)]: 0.000007 seconds
10:38:21  DEBUG     presidio-analyzer              | --- match_time[Itin (weak)]: 0.000006 seconds
10:38:21  DEBUG     presidio-analyzer              | --- match_time[Itin (medium)]: 0.000005 seconds
10:38:21  DEBUG     presidio-analyzer              | --- match_time[Driver License - Alphanumeric (weak)]: 0.000005 seconds
10:38:21  DEBUG     presidio-analyzer              | --- match_time[Driver License - Digits (very weak)]: 0.000005 seconds
10:38:21  DEBUG     presidio-analyzer              | --- match_time[SSN1 (very weak)]: 0.000004 seconds
10:38:21  DEBUG     presidio-analyzer              | --- match_time[SSN2 (very weak)]: 0.000005 seconds
10:38:21  DEBUG     presidio-analyzer              | --- match_time[SSN3 (very weak)]: 0.000005 seconds
10:38:21  DEBUG     presidio-analyzer              | --- match_time[SSN4 (very weak)]: 0.000004 seconds
10:38:21  DEBUG     presidio-analyzer              | --- match_time[SSN5 (medium)]: 0.000005 seconds
10:38:21  DEBUG     presidio-analyzer              | --- match_time[Bank Account (weak)]: 0.000004 seconds
10:38:21  DEBUG     presidio-analyzer              | --- match_time[Passport (very weak)]: 0.000009 seconds
10:38:21  DEBUG     presidio-analyzer              | --- match_time[Passport Next Generation (very weak)]: 0.000016 seconds
10:38:21  DEBUG     presidio-analyzer              | --- match_time[NHS (medium)]: 0.000007 seconds
10:38:21  DEBUG     presidio-analyzer              | --- match_time[All Credit Cards (weak)]: 0.000006 seconds
10:38:21  DEBUG     masking.engine                 | Page 23: no entities masked (0 detected, none in mask list)
10:38:21  WARNING   presidio-analyzer              | Entity IN_PAN doesn't have the corresponding recognizer in language : en
10:38:21  WARNING   presidio-analyzer              | Entity IN_AADHAAR doesn't have the corresponding recognizer in language : en
10:38:21  WARNING   presidio-analyzer              | Entity AU_TFN doesn't have the corresponding recognizer in language : en
10:38:21  DEBUG     presidio-analyzer              | Returning a total of 9 recognizers
10:38:21  WARNING   presidio-analyzer              | Entity LAW is not mapped to a Presidio entity, but keeping anyway. Add to `NerModelConfiguration.labels_to_ignore` to remove.
10:38:21  WARNING   presidio-analyzer              | Entity LAW is not mapped to a Presidio entity, but keeping anyway. Add to `NerModelConfiguration.labels_to_ignore` to remove.
10:38:21  WARNING   presidio-analyzer              | Entity MONEY is not mapped to a Presidio entity, but keeping anyway. Add to `NerModelConfiguration.labels_to_ignore` to remove.
10:38:21  WARNING   presidio-analyzer              | Entity ORDINAL is not mapped to a Presidio entity, but keeping anyway. Add to `NerModelConfiguration.labels_to_ignore` to remove.
10:38:21  WARNING   presidio-analyzer              | Entity MONEY is not mapped to a Presidio entity, but keeping anyway. Add to `NerModelConfiguration.labels_to_ignore` to remove.
10:38:21  WARNING   presidio-analyzer              | Entity ORDINAL is not mapped to a Presidio entity, but keeping anyway. Add to `NerModelConfiguration.labels_to_ignore` to remove.
10:38:21  WARNING   presidio-analyzer              | Entity CARDINAL is not mapped to a Presidio entity, but keeping anyway. Add to `NerModelConfiguration.labels_to_ignore` to remove.
10:38:21  DEBUG     presidio-analyzer              | --- match_time[USA DEA Certificate Number (weak)]: 0.000017 seconds
10:38:21  DEBUG     presidio-analyzer              | --- match_time[Itin (very weak)]: 0.000006 seconds
10:38:21  DEBUG     presidio-analyzer              | --- match_time[Itin (weak)]: 0.000007 seconds
10:38:21  DEBUG     presidio-analyzer              | --- match_time[Itin (medium)]: 0.000005 seconds
10:38:21  DEBUG     presidio-analyzer              | --- match_time[Driver License - Alphanumeric (weak)]: 0.000005 seconds
10:38:21  DEBUG     presidio-analyzer              | --- match_time[Driver License - Digits (very weak)]: 0.000017 seconds
10:38:21  DEBUG     presidio-analyzer              | --- match_time[SSN1 (very weak)]: 0.000006 seconds
10:38:21  DEBUG     presidio-analyzer              | --- match_time[SSN2 (very weak)]: 0.000006 seconds
10:38:21  DEBUG     presidio-analyzer              | --- match_time[SSN3 (very weak)]: 0.000005 seconds
10:38:21  DEBUG     presidio-analyzer              | --- match_time[SSN4 (very weak)]: 0.000005 seconds
10:38:21  DEBUG     presidio-analyzer              | --- match_time[SSN5 (medium)]: 0.000011 seconds
10:38:21  DEBUG     presidio-analyzer              | --- match_time[Bank Account (weak)]: 0.000006 seconds
10:38:21  DEBUG     presidio-analyzer              | --- match_time[Passport (very weak)]: 0.000007 seconds
10:38:21  DEBUG     presidio-analyzer              | --- match_time[Passport Next Generation (very weak)]: 0.000011 seconds
10:38:21  DEBUG     presidio-analyzer              | --- match_time[NHS (medium)]: 0.000007 seconds
10:38:21  DEBUG     presidio-analyzer              | --- match_time[All Credit Cards (weak)]: 0.000005 seconds
10:38:21  DEBUG     masking.engine                 | Page 24: no entities masked (0 detected, none in mask list)
10:38:21  WARNING   presidio-analyzer              | Entity IN_PAN doesn't have the corresponding recognizer in language : en
10:38:21  WARNING   presidio-analyzer              | Entity IN_AADHAAR doesn't have the corresponding recognizer in language : en
10:38:21  WARNING   presidio-analyzer              | Entity AU_TFN doesn't have the corresponding recognizer in language : en
10:38:21  DEBUG     presidio-analyzer              | Returning a total of 9 recognizers
10:38:21  WARNING   presidio-analyzer              | Entity CARDINAL is not mapped to a Presidio entity, but keeping anyway. Add to `NerModelConfiguration.labels_to_ignore` to remove.
10:38:21  WARNING   presidio-analyzer              | Entity CARDINAL is not mapped to a Presidio entity, but keeping anyway. Add to `NerModelConfiguration.labels_to_ignore` to remove.
10:38:21  WARNING   presidio-analyzer              | Entity CARDINAL is not mapped to a Presidio entity, but keeping anyway. Add to `NerModelConfiguration.labels_to_ignore` to remove.
10:38:21  WARNING   presidio-analyzer              | Entity CARDINAL is not mapped to a Presidio entity, but keeping anyway. Add to `NerModelConfiguration.labels_to_ignore` to remove.
10:38:21  WARNING   presidio-analyzer              | Entity CARDINAL is not mapped to a Presidio entity, but keeping anyway. Add to `NerModelConfiguration.labels_to_ignore` to remove.
10:38:21  WARNING   presidio-analyzer              | Entity CARDINAL is not mapped to a Presidio entity, but keeping anyway. Add to `NerModelConfiguration.labels_to_ignore` to remove.
10:38:21  WARNING   presidio-analyzer              | Entity CARDINAL is not mapped to a Presidio entity, but keeping anyway. Add to `NerModelConfiguration.labels_to_ignore` to remove.
10:38:21  WARNING   presidio-analyzer              | Entity PERCENT is not mapped to a Presidio entity, but keeping anyway. Add to `NerModelConfiguration.labels_to_ignore` to remove.
10:38:21  WARNING   presidio-analyzer              | Entity CARDINAL is not mapped to a Presidio entity, but keeping anyway. Add to `NerModelConfiguration.labels_to_ignore` to remove.
10:38:21  DEBUG     presidio-analyzer              | --- match_time[USA DEA Certificate Number (weak)]: 0.000022 seconds
10:38:21  DEBUG     presidio-analyzer              | --- match_time[Itin (very weak)]: 0.000015 seconds
10:38:21  DEBUG     presidio-analyzer              | --- match_time[Itin (weak)]: 0.000011 seconds
10:38:21  DEBUG     presidio-analyzer              | --- match_time[Itin (medium)]: 0.000007 seconds
10:38:21  DEBUG     presidio-analyzer              | --- match_time[Driver License - Alphanumeric (weak)]: 0.000006 seconds
10:38:21  DEBUG     presidio-analyzer              | --- match_time[Driver License - Digits (very weak)]: 0.000008 seconds
10:38:21  DEBUG     presidio-analyzer              | --- match_time[SSN1 (very weak)]: 0.000006 seconds
10:38:21  DEBUG     presidio-analyzer              | --- match_time[SSN2 (very weak)]: 0.000007 seconds
10:38:21  DEBUG     presidio-analyzer              | --- match_time[SSN3 (very weak)]: 0.000007 seconds
10:38:21  DEBUG     presidio-analyzer              | --- match_time[SSN4 (very weak)]: 0.000006 seconds
10:38:21  DEBUG     presidio-analyzer              | --- match_time[SSN5 (medium)]: 0.000006 seconds
10:38:21  DEBUG     presidio-analyzer              | --- match_time[Bank Account (weak)]: 0.000006 seconds
10:38:21  DEBUG     presidio-analyzer              | --- match_time[Passport (very weak)]: 0.000023 seconds
10:38:21  DEBUG     presidio-analyzer              | --- match_time[Passport Next Generation (very weak)]: 0.000012 seconds
10:38:21  DEBUG     presidio-analyzer              | --- match_time[NHS (medium)]: 0.000008 seconds
10:38:21  DEBUG     presidio-analyzer              | --- match_time[All Credit Cards (weak)]: 0.000006 seconds
10:38:21  DEBUG     masking.engine                 | Page 25: no entities masked (0 detected, none in mask list)
10:38:21  WARNING   presidio-analyzer              | Entity IN_PAN doesn't have the corresponding recognizer in language : en
10:38:21  WARNING   presidio-analyzer              | Entity IN_AADHAAR doesn't have the corresponding recognizer in language : en
10:38:21  WARNING   presidio-analyzer              | Entity AU_TFN doesn't have the corresponding recognizer in language : en
10:38:21  DEBUG     presidio-analyzer              | Returning a total of 9 recognizers
10:38:21  WARNING   presidio-analyzer              | Entity PERCENT is not mapped to a Presidio entity, but keeping anyway. Add to `NerModelConfiguration.labels_to_ignore` to remove.
10:38:21  WARNING   presidio-analyzer              | Entity PERCENT is not mapped to a Presidio entity, but keeping anyway. Add to `NerModelConfiguration.labels_to_ignore` to remove.
10:38:21  WARNING   presidio-analyzer              | Entity CARDINAL is not mapped to a Presidio entity, but keeping anyway. Add to `NerModelConfiguration.labels_to_ignore` to remove.
10:38:21  WARNING   presidio-analyzer              | Entity CARDINAL is not mapped to a Presidio entity, but keeping anyway. Add to `NerModelConfiguration.labels_to_ignore` to remove.
10:38:21  WARNING   presidio-analyzer              | Entity PERCENT is not mapped to a Presidio entity, but keeping anyway. Add to `NerModelConfiguration.labels_to_ignore` to remove.
10:38:21  WARNING   presidio-analyzer              | Entity PERCENT is not mapped to a Presidio entity, but keeping anyway. Add to `NerModelConfiguration.labels_to_ignore` to remove.
10:38:21  WARNING   presidio-analyzer              | Entity PERCENT is not mapped to a Presidio entity, but keeping anyway. Add to `NerModelConfiguration.labels_to_ignore` to remove.
10:38:21  WARNING   presidio-analyzer              | Entity PERCENT is not mapped to a Presidio entity, but keeping anyway. Add to `NerModelConfiguration.labels_to_ignore` to remove.
10:38:21  WARNING   presidio-analyzer              | Entity PERCENT is not mapped to a Presidio entity, but keeping anyway. Add to `NerModelConfiguration.labels_to_ignore` to remove.
10:38:21  WARNING   presidio-analyzer              | Entity CARDINAL is not mapped to a Presidio entity, but keeping anyway. Add to `NerModelConfiguration.labels_to_ignore` to remove.
10:38:21  DEBUG     presidio-analyzer              | --- match_time[USA DEA Certificate Number (weak)]: 0.000040 seconds
10:38:21  DEBUG     presidio-analyzer              | --- match_time[Itin (very weak)]: 0.000008 seconds
10:38:21  DEBUG     presidio-analyzer              | --- match_time[Itin (weak)]: 0.000007 seconds
10:38:21  DEBUG     presidio-analyzer              | --- match_time[Itin (medium)]: 0.000005 seconds
10:38:21  DEBUG     presidio-analyzer              | --- match_time[Driver License - Alphanumeric (weak)]: 0.000004 seconds
10:38:21  DEBUG     presidio-analyzer              | --- match_time[Driver License - Digits (very weak)]: 0.000009 seconds
10:38:21  DEBUG     presidio-analyzer              | --- match_time[SSN1 (very weak)]: 0.000007 seconds
10:38:21  DEBUG     presidio-analyzer              | --- match_time[SSN2 (very weak)]: 0.000006 seconds
10:38:21  DEBUG     presidio-analyzer              | --- match_time[SSN3 (very weak)]: 0.000005 seconds
10:38:21  DEBUG     presidio-analyzer              | --- match_time[SSN4 (very weak)]: 0.000004 seconds
10:38:21  DEBUG     presidio-analyzer              | --- match_time[SSN5 (medium)]: 0.000006 seconds
10:38:21  DEBUG     presidio-analyzer              | --- match_time[Bank Account (weak)]: 0.000005 seconds
10:38:21  DEBUG     presidio-analyzer              | --- match_time[Passport (very weak)]: 0.000006 seconds
10:38:21  DEBUG     presidio-analyzer              | --- match_time[Passport Next Generation (very weak)]: 0.000007 seconds
10:38:21  DEBUG     presidio-analyzer              | --- match_time[NHS (medium)]: 0.000012 seconds
10:38:21  DEBUG     presidio-analyzer              | --- match_time[All Credit Cards (weak)]: 0.000005 seconds
10:38:21  DEBUG     masking.engine                 | Page 26: no entities masked (0 detected, none in mask list)
10:38:21  WARNING   presidio-analyzer              | Entity IN_PAN doesn't have the corresponding recognizer in language : en
10:38:21  WARNING   presidio-analyzer              | Entity IN_AADHAAR doesn't have the corresponding recognizer in language : en
10:38:21  WARNING   presidio-analyzer              | Entity AU_TFN doesn't have the corresponding recognizer in language : en
10:38:21  DEBUG     presidio-analyzer              | Returning a total of 9 recognizers
10:38:22  WARNING   presidio-analyzer              | Entity PERCENT is not mapped to a Presidio entity, but keeping anyway. Add to `NerModelConfiguration.labels_to_ignore` to remove.
10:38:22  WARNING   presidio-analyzer              | Entity PERCENT is not mapped to a Presidio entity, but keeping anyway. Add to `NerModelConfiguration.labels_to_ignore` to remove.
10:38:22  WARNING   presidio-analyzer              | Entity CARDINAL is not mapped to a Presidio entity, but keeping anyway. Add to `NerModelConfiguration.labels_to_ignore` to remove.
10:38:22  WARNING   presidio-analyzer              | Entity ORDINAL is not mapped to a Presidio entity, but keeping anyway. Add to `NerModelConfiguration.labels_to_ignore` to remove.
10:38:22  WARNING   presidio-analyzer              | Entity CARDINAL is not mapped to a Presidio entity, but keeping anyway. Add to `NerModelConfiguration.labels_to_ignore` to remove.
10:38:22  WARNING   presidio-analyzer              | Entity CARDINAL is not mapped to a Presidio entity, but keeping anyway. Add to `NerModelConfiguration.labels_to_ignore` to remove.
10:38:22  WARNING   presidio-analyzer              | Entity CARDINAL is not mapped to a Presidio entity, but keeping anyway. Add to `NerModelConfiguration.labels_to_ignore` to remove.
10:38:22  WARNING   presidio-analyzer              | Entity CARDINAL is not mapped to a Presidio entity, but keeping anyway. Add to `NerModelConfiguration.labels_to_ignore` to remove.
10:38:22  WARNING   presidio-analyzer              | Entity CARDINAL is not mapped to a Presidio entity, but keeping anyway. Add to `NerModelConfiguration.labels_to_ignore` to remove.
10:38:22  WARNING   presidio-analyzer              | Entity CARDINAL is not mapped to a Presidio entity, but keeping anyway. Add to `NerModelConfiguration.labels_to_ignore` to remove.
10:38:22  DEBUG     presidio-analyzer              | --- match_time[USA DEA Certificate Number (weak)]: 0.000017 seconds
10:38:22  DEBUG     presidio-analyzer              | --- match_time[Itin (very weak)]: 0.000007 seconds
10:38:22  DEBUG     presidio-analyzer              | --- match_time[Itin (weak)]: 0.000007 seconds
10:38:22  DEBUG     presidio-analyzer              | --- match_time[Itin (medium)]: 0.000006 seconds
10:38:22  DEBUG     presidio-analyzer              | --- match_time[Driver License - Alphanumeric (weak)]: 0.000004 seconds
10:38:22  DEBUG     presidio-analyzer              | --- match_time[Driver License - Digits (very weak)]: 0.000006 seconds
10:38:22  DEBUG     presidio-analyzer              | --- match_time[SSN1 (very weak)]: 0.000017 seconds
10:38:22  DEBUG     presidio-analyzer              | --- match_time[SSN2 (very weak)]: 0.000006 seconds
10:38:22  DEBUG     presidio-analyzer              | --- match_time[SSN3 (very weak)]: 0.000006 seconds
10:38:22  DEBUG     presidio-analyzer              | --- match_time[SSN4 (very weak)]: 0.000005 seconds
10:38:22  DEBUG     presidio-analyzer              | --- match_time[SSN5 (medium)]: 0.000005 seconds
10:38:22  DEBUG     presidio-analyzer              | --- match_time[Bank Account (weak)]: 0.000005 seconds
10:38:22  DEBUG     presidio-analyzer              | --- match_time[Passport (very weak)]: 0.000005 seconds
10:38:22  DEBUG     presidio-analyzer              | --- match_time[Passport Next Generation (very weak)]: 0.000118 seconds
10:38:22  DEBUG     presidio-analyzer              | --- match_time[NHS (medium)]: 0.000013 seconds
10:38:22  DEBUG     presidio-analyzer              | --- match_time[All Credit Cards (weak)]: 0.000014 seconds
10:38:22  DEBUG     masking.engine                 | Page 27: no entities masked (0 detected, none in mask list)
10:38:22  WARNING   presidio-analyzer              | Entity IN_PAN doesn't have the corresponding recognizer in language : en
10:38:22  WARNING   presidio-analyzer              | Entity IN_AADHAAR doesn't have the corresponding recognizer in language : en
10:38:22  WARNING   presidio-analyzer              | Entity AU_TFN doesn't have the corresponding recognizer in language : en
10:38:22  DEBUG     presidio-analyzer              | Returning a total of 9 recognizers
10:38:22  WARNING   presidio-analyzer              | Entity CARDINAL is not mapped to a Presidio entity, but keeping anyway. Add to `NerModelConfiguration.labels_to_ignore` to remove.
10:38:22  WARNING   presidio-analyzer              | Entity PRODUCT is not mapped to a Presidio entity, but keeping anyway. Add to `NerModelConfiguration.labels_to_ignore` to remove.
10:38:22  WARNING   presidio-analyzer              | Entity CARDINAL is not mapped to a Presidio entity, but keeping anyway. Add to `NerModelConfiguration.labels_to_ignore` to remove.
10:38:22  WARNING   presidio-analyzer              | Entity CARDINAL is not mapped to a Presidio entity, but keeping anyway. Add to `NerModelConfiguration.labels_to_ignore` to remove.
10:38:22  WARNING   presidio-analyzer              | Entity CARDINAL is not mapped to a Presidio entity, but keeping anyway. Add to `NerModelConfiguration.labels_to_ignore` to remove.
10:38:22  WARNING   presidio-analyzer              | Entity CARDINAL is not mapped to a Presidio entity, but keeping anyway. Add to `NerModelConfiguration.labels_to_ignore` to remove.
10:38:22  WARNING   presidio-analyzer              | Entity CARDINAL is not mapped to a Presidio entity, but keeping anyway. Add to `NerModelConfiguration.labels_to_ignore` to remove.
10:38:22  DEBUG     presidio-analyzer              | --- match_time[USA DEA Certificate Number (weak)]: 0.000018 seconds
10:38:22  DEBUG     presidio-analyzer              | --- match_time[Itin (very weak)]: 0.000007 seconds
10:38:22  DEBUG     presidio-analyzer              | --- match_time[Itin (weak)]: 0.000008 seconds
10:38:22  DEBUG     presidio-analyzer              | --- match_time[Itin (medium)]: 0.000005 seconds
10:38:22  DEBUG     presidio-analyzer              | --- match_time[Driver License - Alphanumeric (weak)]: 0.000004 seconds
10:38:22  DEBUG     presidio-analyzer              | --- match_time[Driver License - Digits (very weak)]: 0.000115 seconds
10:38:22  DEBUG     presidio-analyzer              | --- match_time[SSN1 (very weak)]: 0.000015 seconds
10:38:22  DEBUG     presidio-analyzer              | --- match_time[SSN2 (very weak)]: 0.000020 seconds
10:38:22  DEBUG     presidio-analyzer              | --- match_time[SSN3 (very weak)]: 0.000008 seconds
10:38:22  DEBUG     presidio-analyzer              | --- match_time[SSN4 (very weak)]: 0.000006 seconds
10:38:22  DEBUG     presidio-analyzer              | --- match_time[SSN5 (medium)]: 0.000006 seconds
10:38:22  DEBUG     presidio-analyzer              | --- match_time[Bank Account (weak)]: 0.000006 seconds
10:38:22  DEBUG     presidio-analyzer              | --- match_time[Passport (very weak)]: 0.000004 seconds
10:38:22  DEBUG     presidio-analyzer              | --- match_time[Passport Next Generation (very weak)]: 0.000020 seconds
10:38:22  DEBUG     presidio-analyzer              | --- match_time[NHS (medium)]: 0.000011 seconds
10:38:22  DEBUG     presidio-analyzer              | --- match_time[All Credit Cards (weak)]: 0.000006 seconds
10:38:22  DEBUG     masking.engine                 | Page 28: no entities masked (0 detected, none in mask list)
10:38:22  WARNING   presidio-analyzer              | Entity IN_PAN doesn't have the corresponding recognizer in language : en
10:38:22  WARNING   presidio-analyzer              | Entity IN_AADHAAR doesn't have the corresponding recognizer in language : en
10:38:22  WARNING   presidio-analyzer              | Entity AU_TFN doesn't have the corresponding recognizer in language : en
10:38:22  DEBUG     presidio-analyzer              | Returning a total of 9 recognizers
10:38:22  WARNING   presidio-analyzer              | Entity CARDINAL is not mapped to a Presidio entity, but keeping anyway. Add to `NerModelConfiguration.labels_to_ignore` to remove.
10:38:22  DEBUG     presidio-analyzer              | --- match_time[USA DEA Certificate Number (weak)]: 0.000013 seconds
10:38:22  DEBUG     presidio-analyzer              | --- match_time[Itin (very weak)]: 0.000006 seconds
10:38:22  DEBUG     presidio-analyzer              | --- match_time[Itin (weak)]: 0.000006 seconds
10:38:22  DEBUG     presidio-analyzer              | --- match_time[Itin (medium)]: 0.000008 seconds
10:38:22  DEBUG     presidio-analyzer              | --- match_time[Driver License - Alphanumeric (weak)]: 0.000010 seconds
10:38:22  DEBUG     presidio-analyzer              | --- match_time[Driver License - Digits (very weak)]: 0.000007 seconds
10:38:22  DEBUG     presidio-analyzer              | --- match_time[SSN1 (very weak)]: 0.000005 seconds
10:38:22  DEBUG     presidio-analyzer              | --- match_time[SSN2 (very weak)]: 0.000005 seconds
10:38:22  DEBUG     presidio-analyzer              | --- match_time[SSN3 (very weak)]: 0.000015 seconds
10:38:22  DEBUG     presidio-analyzer              | --- match_time[SSN4 (very weak)]: 0.000008 seconds
10:38:22  DEBUG     presidio-analyzer              | --- match_time[SSN5 (medium)]: 0.000005 seconds
10:38:22  DEBUG     presidio-analyzer              | --- match_time[Bank Account (weak)]: 0.000005 seconds
10:38:22  DEBUG     presidio-analyzer              | --- match_time[Passport (very weak)]: 0.000005 seconds
10:38:22  DEBUG     presidio-analyzer              | --- match_time[Passport Next Generation (very weak)]: 0.000005 seconds
10:38:22  DEBUG     presidio-analyzer              | --- match_time[NHS (medium)]: 0.000004 seconds
10:38:22  DEBUG     presidio-analyzer              | --- match_time[All Credit Cards (weak)]: 0.000005 seconds
10:38:22  DEBUG     masking.engine                 | Page 29: no entities masked (0 detected, none in mask list)
10:38:22  WARNING   presidio-analyzer              | Entity IN_PAN doesn't have the corresponding recognizer in language : en
10:38:22  WARNING   presidio-analyzer              | Entity IN_AADHAAR doesn't have the corresponding recognizer in language : en
10:38:22  WARNING   presidio-analyzer              | Entity AU_TFN doesn't have the corresponding recognizer in language : en
10:38:22  DEBUG     presidio-analyzer              | Returning a total of 9 recognizers
10:38:22  WARNING   presidio-analyzer              | Entity CARDINAL is not mapped to a Presidio entity, but keeping anyway. Add to `NerModelConfiguration.labels_to_ignore` to remove.
10:38:22  WARNING   presidio-analyzer              | Entity WORK_OF_ART is not mapped to a Presidio entity, but keeping anyway. Add to `NerModelConfiguration.labels_to_ignore` to remove.
10:38:22  WARNING   presidio-analyzer              | Entity WORK_OF_ART is not mapped to a Presidio entity, but keeping anyway. Add to `NerModelConfiguration.labels_to_ignore` to remove.
10:38:22  WARNING   presidio-analyzer              | Entity LAW is not mapped to a Presidio entity, but keeping anyway. Add to `NerModelConfiguration.labels_to_ignore` to remove.
10:38:22  WARNING   presidio-analyzer              | Entity CARDINAL is not mapped to a Presidio entity, but keeping anyway. Add to `NerModelConfiguration.labels_to_ignore` to remove.
10:38:22  WARNING   presidio-analyzer              | Entity WORK_OF_ART is not mapped to a Presidio entity, but keeping anyway. Add to `NerModelConfiguration.labels_to_ignore` to remove.
10:38:22  WARNING   presidio-analyzer              | Entity WORK_OF_ART is not mapped to a Presidio entity, but keeping anyway. Add to `NerModelConfiguration.labels_to_ignore` to remove.
10:38:22  WARNING   presidio-analyzer              | Entity LAW is not mapped to a Presidio entity, but keeping anyway. Add to `NerModelConfiguration.labels_to_ignore` to remove.
10:38:22  WARNING   presidio-analyzer              | Entity CARDINAL is not mapped to a Presidio entity, but keeping anyway. Add to `NerModelConfiguration.labels_to_ignore` to remove.
10:38:22  WARNING   presidio-analyzer              | Entity CARDINAL is not mapped to a Presidio entity, but keeping anyway. Add to `NerModelConfiguration.labels_to_ignore` to remove.
10:38:22  DEBUG     presidio-analyzer              | --- match_time[USA DEA Certificate Number (weak)]: 0.000014 seconds
10:38:22  DEBUG     presidio-analyzer              | --- match_time[Itin (very weak)]: 0.000022 seconds
10:38:22  DEBUG     presidio-analyzer              | --- match_time[Itin (weak)]: 0.000055 seconds
10:38:22  DEBUG     presidio-analyzer              | --- match_time[Itin (medium)]: 0.000013 seconds
10:38:22  DEBUG     presidio-analyzer              | --- match_time[Driver License - Alphanumeric (weak)]: 0.000010 seconds
10:38:22  DEBUG     presidio-analyzer              | --- match_time[Driver License - Digits (very weak)]: 0.000008 seconds
10:38:22  DEBUG     presidio-analyzer              | --- match_time[SSN1 (very weak)]: 0.000006 seconds
10:38:22  DEBUG     presidio-analyzer              | --- match_time[SSN2 (very weak)]: 0.000005 seconds
10:38:22  DEBUG     presidio-analyzer              | --- match_time[SSN3 (very weak)]: 0.000005 seconds
10:38:22  DEBUG     presidio-analyzer              | --- match_time[SSN4 (very weak)]: 0.000005 seconds
10:38:22  DEBUG     presidio-analyzer              | --- match_time[SSN5 (medium)]: 0.000005 seconds
10:38:22  DEBUG     presidio-analyzer              | --- match_time[Bank Account (weak)]: 0.000005 seconds
10:38:22  DEBUG     presidio-analyzer              | --- match_time[Passport (very weak)]: 0.000005 seconds
10:38:22  DEBUG     presidio-analyzer              | --- match_time[Passport Next Generation (very weak)]: 0.000006 seconds
10:38:22  DEBUG     presidio-analyzer              | --- match_time[NHS (medium)]: 0.000005 seconds
10:38:22  DEBUG     presidio-analyzer              | --- match_time[All Credit Cards (weak)]: 0.000004 seconds
10:38:22  DEBUG     masking.engine                 | Page 30: no entities masked (0 detected, none in mask list)
10:38:22  WARNING   presidio-analyzer              | Entity IN_PAN doesn't have the corresponding recognizer in language : en
10:38:22  WARNING   presidio-analyzer              | Entity IN_AADHAAR doesn't have the corresponding recognizer in language : en
10:38:22  WARNING   presidio-analyzer              | Entity AU_TFN doesn't have the corresponding recognizer in language : en
10:38:22  DEBUG     presidio-analyzer              | Returning a total of 9 recognizers
10:38:22  WARNING   presidio-analyzer              | Entity CARDINAL is not mapped to a Presidio entity, but keeping anyway. Add to `NerModelConfiguration.labels_to_ignore` to remove.
10:38:22  WARNING   presidio-analyzer              | Entity WORK_OF_ART is not mapped to a Presidio entity, but keeping anyway. Add to `NerModelConfiguration.labels_to_ignore` to remove.
10:38:22  WARNING   presidio-analyzer              | Entity CARDINAL is not mapped to a Presidio entity, but keeping anyway. Add to `NerModelConfiguration.labels_to_ignore` to remove.
10:38:22  WARNING   presidio-analyzer              | Entity CARDINAL is not mapped to a Presidio entity, but keeping anyway. Add to `NerModelConfiguration.labels_to_ignore` to remove.
10:38:22  WARNING   presidio-analyzer              | Entity CARDINAL is not mapped to a Presidio entity, but keeping anyway. Add to `NerModelConfiguration.labels_to_ignore` to remove.
10:38:22  WARNING   presidio-analyzer              | Entity CARDINAL is not mapped to a Presidio entity, but keeping anyway. Add to `NerModelConfiguration.labels_to_ignore` to remove.
10:38:22  WARNING   presidio-analyzer              | Entity CARDINAL is not mapped to a Presidio entity, but keeping anyway. Add to `NerModelConfiguration.labels_to_ignore` to remove.
10:38:22  WARNING   presidio-analyzer              | Entity CARDINAL is not mapped to a Presidio entity, but keeping anyway. Add to `NerModelConfiguration.labels_to_ignore` to remove.
10:38:22  DEBUG     presidio-analyzer              | --- match_time[USA DEA Certificate Number (weak)]: 0.000018 seconds
10:38:22  DEBUG     presidio-analyzer              | --- match_time[Itin (very weak)]: 0.000011 seconds
10:38:22  DEBUG     presidio-analyzer              | --- match_time[Itin (weak)]: 0.000009 seconds
10:38:22  DEBUG     presidio-analyzer              | --- match_time[Itin (medium)]: 0.000006 seconds
10:38:22  DEBUG     presidio-analyzer              | --- match_time[Driver License - Alphanumeric (weak)]: 0.000006 seconds
10:38:22  DEBUG     presidio-analyzer              | --- match_time[Driver License - Digits (very weak)]: 0.000007 seconds
10:38:22  DEBUG     presidio-analyzer              | --- match_time[SSN1 (very weak)]: 0.000006 seconds
10:38:22  DEBUG     presidio-analyzer              | --- match_time[SSN2 (very weak)]: 0.000006 seconds
10:38:22  DEBUG     presidio-analyzer              | --- match_time[SSN3 (very weak)]: 0.000006 seconds
10:38:22  DEBUG     presidio-analyzer              | --- match_time[SSN4 (very weak)]: 0.000006 seconds
10:38:22  DEBUG     presidio-analyzer              | --- match_time[SSN5 (medium)]: 0.000014 seconds
10:38:22  DEBUG     presidio-analyzer              | --- match_time[Bank Account (weak)]: 0.000006 seconds
10:38:22  DEBUG     presidio-analyzer              | --- match_time[Passport (very weak)]: 0.000007 seconds
10:38:22  DEBUG     presidio-analyzer              | --- match_time[Passport Next Generation (very weak)]: 0.000007 seconds
10:38:22  DEBUG     presidio-analyzer              | --- match_time[NHS (medium)]: 0.000005 seconds
10:38:22  DEBUG     presidio-analyzer              | --- match_time[All Credit Cards (weak)]: 0.000006 seconds
10:38:22  DEBUG     masking.engine                 | Page 31: no entities masked (0 detected, none in mask list)
10:38:22  WARNING   presidio-analyzer              | Entity IN_PAN doesn't have the corresponding recognizer in language : en
10:38:22  WARNING   presidio-analyzer              | Entity IN_AADHAAR doesn't have the corresponding recognizer in language : en
10:38:22  WARNING   presidio-analyzer              | Entity AU_TFN doesn't have the corresponding recognizer in language : en
10:38:22  DEBUG     presidio-analyzer              | Returning a total of 9 recognizers
10:38:23  WARNING   presidio-analyzer              | Entity CARDINAL is not mapped to a Presidio entity, but keeping anyway. Add to `NerModelConfiguration.labels_to_ignore` to remove.
10:38:23  WARNING   presidio-analyzer              | Entity LAW is not mapped to a Presidio entity, but keeping anyway. Add to `NerModelConfiguration.labels_to_ignore` to remove.
10:38:23  WARNING   presidio-analyzer              | Entity CARDINAL is not mapped to a Presidio entity, but keeping anyway. Add to `NerModelConfiguration.labels_to_ignore` to remove.
10:38:23  WARNING   presidio-analyzer              | Entity CARDINAL is not mapped to a Presidio entity, but keeping anyway. Add to `NerModelConfiguration.labels_to_ignore` to remove.
10:38:23  WARNING   presidio-analyzer              | Entity LAW is not mapped to a Presidio entity, but keeping anyway. Add to `NerModelConfiguration.labels_to_ignore` to remove.
10:38:23  WARNING   presidio-analyzer              | Entity LAW is not mapped to a Presidio entity, but keeping anyway. Add to `NerModelConfiguration.labels_to_ignore` to remove.
10:38:23  WARNING   presidio-analyzer              | Entity CARDINAL is not mapped to a Presidio entity, but keeping anyway. Add to `NerModelConfiguration.labels_to_ignore` to remove.
10:38:23  WARNING   presidio-analyzer              | Entity CARDINAL is not mapped to a Presidio entity, but keeping anyway. Add to `NerModelConfiguration.labels_to_ignore` to remove.
10:38:23  WARNING   presidio-analyzer              | Entity CARDINAL is not mapped to a Presidio entity, but keeping anyway. Add to `NerModelConfiguration.labels_to_ignore` to remove.
10:38:23  WARNING   presidio-analyzer              | Entity CARDINAL is not mapped to a Presidio entity, but keeping anyway. Add to `NerModelConfiguration.labels_to_ignore` to remove.
10:38:23  DEBUG     presidio-analyzer              | --- match_time[USA DEA Certificate Number (weak)]: 0.000016 seconds
10:38:23  DEBUG     presidio-analyzer              | --- match_time[Itin (very weak)]: 0.000007 seconds
10:38:23  DEBUG     presidio-analyzer              | --- match_time[Itin (weak)]: 0.000007 seconds
10:38:23  DEBUG     presidio-analyzer              | --- match_time[Itin (medium)]: 0.000005 seconds
10:38:23  DEBUG     presidio-analyzer              | --- match_time[Driver License - Alphanumeric (weak)]: 0.000004 seconds
10:38:23  DEBUG     presidio-analyzer              | --- match_time[Driver License - Digits (very weak)]: 0.000025 seconds
10:38:23  DEBUG     presidio-analyzer              | --- match_time[SSN1 (very weak)]: 0.000008 seconds
10:38:23  DEBUG     presidio-analyzer              | --- match_time[SSN2 (very weak)]: 0.000007 seconds
10:38:23  DEBUG     presidio-analyzer              | --- match_time[SSN3 (very weak)]: 0.000005 seconds
10:38:23  DEBUG     presidio-analyzer              | --- match_time[SSN4 (very weak)]: 0.000005 seconds
10:38:23  DEBUG     presidio-analyzer              | --- match_time[SSN5 (medium)]: 0.000024 seconds
10:38:23  DEBUG     presidio-analyzer              | --- match_time[Bank Account (weak)]: 0.000008 seconds
10:38:23  DEBUG     presidio-analyzer              | --- match_time[Passport (very weak)]: 0.000014 seconds
10:38:23  DEBUG     presidio-analyzer              | --- match_time[Passport Next Generation (very weak)]: 0.000019 seconds
10:38:23  DEBUG     presidio-analyzer              | --- match_time[NHS (medium)]: 0.000008 seconds
10:38:23  DEBUG     presidio-analyzer              | --- match_time[All Credit Cards (weak)]: 0.000006 seconds
10:38:23  DEBUG     masking.engine                 | Page 32: no entities masked (0 detected, none in mask list)
10:38:23  WARNING   presidio-analyzer              | Entity IN_PAN doesn't have the corresponding recognizer in language : en
10:38:23  WARNING   presidio-analyzer              | Entity IN_AADHAAR doesn't have the corresponding recognizer in language : en
10:38:23  WARNING   presidio-analyzer              | Entity AU_TFN doesn't have the corresponding recognizer in language : en
10:38:23  DEBUG     presidio-analyzer              | Returning a total of 9 recognizers
10:38:23  WARNING   presidio-analyzer              | Entity CARDINAL is not mapped to a Presidio entity, but keeping anyway. Add to `NerModelConfiguration.labels_to_ignore` to remove.
10:38:23  WARNING   presidio-analyzer              | Entity CARDINAL is not mapped to a Presidio entity, but keeping anyway. Add to `NerModelConfiguration.labels_to_ignore` to remove.
10:38:23  WARNING   presidio-analyzer              | Entity CARDINAL is not mapped to a Presidio entity, but keeping anyway. Add to `NerModelConfiguration.labels_to_ignore` to remove.
10:38:23  WARNING   presidio-analyzer              | Entity PRODUCT is not mapped to a Presidio entity, but keeping anyway. Add to `NerModelConfiguration.labels_to_ignore` to remove.
10:38:23  WARNING   presidio-analyzer              | Entity LAW is not mapped to a Presidio entity, but keeping anyway. Add to `NerModelConfiguration.labels_to_ignore` to remove.
10:38:23  WARNING   presidio-analyzer              | Entity LAW is not mapped to a Presidio entity, but keeping anyway. Add to `NerModelConfiguration.labels_to_ignore` to remove.
10:38:23  WARNING   presidio-analyzer              | Entity CARDINAL is not mapped to a Presidio entity, but keeping anyway. Add to `NerModelConfiguration.labels_to_ignore` to remove.
10:38:23  WARNING   presidio-analyzer              | Entity CARDINAL is not mapped to a Presidio entity, but keeping anyway. Add to `NerModelConfiguration.labels_to_ignore` to remove.
10:38:23  WARNING   presidio-analyzer              | Entity CARDINAL is not mapped to a Presidio entity, but keeping anyway. Add to `NerModelConfiguration.labels_to_ignore` to remove.
10:38:23  WARNING   presidio-analyzer              | Entity LAW is not mapped to a Presidio entity, but keeping anyway. Add to `NerModelConfiguration.labels_to_ignore` to remove.
10:38:23  WARNING   presidio-analyzer              | Entity CARDINAL is not mapped to a Presidio entity, but keeping anyway. Add to `NerModelConfiguration.labels_to_ignore` to remove.
10:38:23  WARNING   presidio-analyzer              | Entity CARDINAL is not mapped to a Presidio entity, but keeping anyway. Add to `NerModelConfiguration.labels_to_ignore` to remove.
10:38:23  WARNING   presidio-analyzer              | Entity LAW is not mapped to a Presidio entity, but keeping anyway. Add to `NerModelConfiguration.labels_to_ignore` to remove.
10:38:23  WARNING   presidio-analyzer              | Entity LAW is not mapped to a Presidio entity, but keeping anyway. Add to `NerModelConfiguration.labels_to_ignore` to remove.
10:38:23  WARNING   presidio-analyzer              | Entity CARDINAL is not mapped to a Presidio entity, but keeping anyway. Add to `NerModelConfiguration.labels_to_ignore` to remove.
10:38:23  WARNING   presidio-analyzer              | Entity CARDINAL is not mapped to a Presidio entity, but keeping anyway. Add to `NerModelConfiguration.labels_to_ignore` to remove.
10:38:23  WARNING   presidio-analyzer              | Entity CARDINAL is not mapped to a Presidio entity, but keeping anyway. Add to `NerModelConfiguration.labels_to_ignore` to remove.
10:38:23  WARNING   presidio-analyzer              | Entity CARDINAL is not mapped to a Presidio entity, but keeping anyway. Add to `NerModelConfiguration.labels_to_ignore` to remove.
10:38:23  WARNING   presidio-analyzer              | Entity CARDINAL is not mapped to a Presidio entity, but keeping anyway. Add to `NerModelConfiguration.labels_to_ignore` to remove.
10:38:23  WARNING   presidio-analyzer              | Entity CARDINAL is not mapped to a Presidio entity, but keeping anyway. Add to `NerModelConfiguration.labels_to_ignore` to remove.
10:38:23  DEBUG     presidio-analyzer              | --- match_time[USA DEA Certificate Number (weak)]: 0.000017 seconds
10:38:23  DEBUG     presidio-analyzer              | --- match_time[Itin (very weak)]: 0.000014 seconds
10:38:23  DEBUG     presidio-analyzer              | --- match_time[Itin (weak)]: 0.000008 seconds
10:38:23  DEBUG     presidio-analyzer              | --- match_time[Itin (medium)]: 0.000006 seconds
10:38:23  DEBUG     presidio-analyzer              | --- match_time[Driver License - Alphanumeric (weak)]: 0.000016 seconds
10:38:23  DEBUG     presidio-analyzer              | --- match_time[Driver License - Digits (very weak)]: 0.000029 seconds
10:38:23  DEBUG     presidio-analyzer              | --- match_time[SSN1 (very weak)]: 0.000008 seconds
10:38:23  DEBUG     presidio-analyzer              | --- match_time[SSN2 (very weak)]: 0.000007 seconds
10:38:23  DEBUG     presidio-analyzer              | --- match_time[SSN3 (very weak)]: 0.000005 seconds
10:38:23  DEBUG     presidio-analyzer              | --- match_time[SSN4 (very weak)]: 0.000005 seconds
10:38:23  DEBUG     presidio-analyzer              | --- match_time[SSN5 (medium)]: 0.000005 seconds
10:38:23  DEBUG     presidio-analyzer              | --- match_time[Bank Account (weak)]: 0.000005 seconds
10:38:23  DEBUG     presidio-analyzer              | --- match_time[Passport (very weak)]: 0.000008 seconds
10:38:23  DEBUG     presidio-analyzer              | --- match_time[Passport Next Generation (very weak)]: 0.000007 seconds
10:38:23  DEBUG     presidio-analyzer              | --- match_time[NHS (medium)]: 0.000006 seconds
10:38:23  DEBUG     presidio-analyzer              | --- match_time[All Credit Cards (weak)]: 0.000004 seconds
10:38:23  DEBUG     presidio-analyzer              | Context list is: data u.k. b1.0 version personal regard
10:38:23  DEBUG     presidio-analyzer              | Context list is: 2022 u.k. march force 2018 21 set
10:38:23  DEBUG     masking.engine                 | Page 33: no entities masked (0 detected, none in mask list)
10:38:23  WARNING   presidio-analyzer              | Entity IN_PAN doesn't have the corresponding recognizer in language : en
10:38:23  WARNING   presidio-analyzer              | Entity IN_AADHAAR doesn't have the corresponding recognizer in language : en
10:38:23  WARNING   presidio-analyzer              | Entity AU_TFN doesn't have the corresponding recognizer in language : en
10:38:23  DEBUG     presidio-analyzer              | Returning a total of 9 recognizers
10:38:23  WARNING   presidio-analyzer              | Entity LAW is not mapped to a Presidio entity, but keeping anyway. Add to `NerModelConfiguration.labels_to_ignore` to remove.
10:38:23  WARNING   presidio-analyzer              | Entity PRODUCT is not mapped to a Presidio entity, but keeping anyway. Add to `NerModelConfiguration.labels_to_ignore` to remove.
10:38:23  WARNING   presidio-analyzer              | Entity LAW is not mapped to a Presidio entity, but keeping anyway. Add to `NerModelConfiguration.labels_to_ignore` to remove.
10:38:23  WARNING   presidio-analyzer              | Entity CARDINAL is not mapped to a Presidio entity, but keeping anyway. Add to `NerModelConfiguration.labels_to_ignore` to remove.
10:38:23  DEBUG     presidio-analyzer              | --- match_time[USA DEA Certificate Number (weak)]: 0.000016 seconds
10:38:23  DEBUG     presidio-analyzer              | --- match_time[Itin (very weak)]: 0.000007 seconds
10:38:23  DEBUG     presidio-analyzer              | --- match_time[Itin (weak)]: 0.000007 seconds
10:38:23  DEBUG     presidio-analyzer              | --- match_time[Itin (medium)]: 0.000005 seconds
10:38:23  DEBUG     presidio-analyzer              | --- match_time[Driver License - Alphanumeric (weak)]: 0.000026 seconds
10:38:23  DEBUG     presidio-analyzer              | --- match_time[Driver License - Digits (very weak)]: 0.000029 seconds
10:38:23  DEBUG     presidio-analyzer              | --- match_time[SSN1 (very weak)]: 0.000008 seconds
10:38:23  DEBUG     presidio-analyzer              | --- match_time[SSN2 (very weak)]: 0.000006 seconds
10:38:23  DEBUG     presidio-analyzer              | --- match_time[SSN3 (very weak)]: 0.000005 seconds
10:38:23  DEBUG     presidio-analyzer              | --- match_time[SSN4 (very weak)]: 0.000021 seconds
10:38:23  DEBUG     presidio-analyzer              | --- match_time[SSN5 (medium)]: 0.000006 seconds
10:38:23  DEBUG     presidio-analyzer              | --- match_time[Bank Account (weak)]: 0.000006 seconds
10:38:23  DEBUG     presidio-analyzer              | --- match_time[Passport (very weak)]: 0.000004 seconds
10:38:23  DEBUG     presidio-analyzer              | --- match_time[Passport Next Generation (very weak)]: 0.000006 seconds
10:38:23  DEBUG     presidio-analyzer              | --- match_time[NHS (medium)]: 0.000005 seconds
10:38:23  DEBUG     presidio-analyzer              | --- match_time[All Credit Cards (weak)]: 0.000005 seconds
10:38:23  DEBUG     masking.engine                 | Page 34: no entities masked (0 detected, none in mask list)
10:38:23  WARNING   presidio-analyzer              | Entity IN_PAN doesn't have the corresponding recognizer in language : en
10:38:23  WARNING   presidio-analyzer              | Entity IN_AADHAAR doesn't have the corresponding recognizer in language : en
10:38:23  WARNING   presidio-analyzer              | Entity AU_TFN doesn't have the corresponding recognizer in language : en
10:38:23  DEBUG     presidio-analyzer              | Returning a total of 9 recognizers
10:38:23  WARNING   presidio-analyzer              | Entity WORK_OF_ART is not mapped to a Presidio entity, but keeping anyway. Add to `NerModelConfiguration.labels_to_ignore` to remove.
10:38:23  WARNING   presidio-analyzer              | Entity CARDINAL is not mapped to a Presidio entity, but keeping anyway. Add to `NerModelConfiguration.labels_to_ignore` to remove.
10:38:23  WARNING   presidio-analyzer              | Entity CARDINAL is not mapped to a Presidio entity, but keeping anyway. Add to `NerModelConfiguration.labels_to_ignore` to remove.
10:38:23  WARNING   presidio-analyzer              | Entity CARDINAL is not mapped to a Presidio entity, but keeping anyway. Add to `NerModelConfiguration.labels_to_ignore` to remove.
10:38:23  WARNING   presidio-analyzer              | Entity CARDINAL is not mapped to a Presidio entity, but keeping anyway. Add to `NerModelConfiguration.labels_to_ignore` to remove.
10:38:23  WARNING   presidio-analyzer              | Entity CARDINAL is not mapped to a Presidio entity, but keeping anyway. Add to `NerModelConfiguration.labels_to_ignore` to remove.
10:38:23  WARNING   presidio-analyzer              | Entity CARDINAL is not mapped to a Presidio entity, but keeping anyway. Add to `NerModelConfiguration.labels_to_ignore` to remove.
10:38:23  WARNING   presidio-analyzer              | Entity CARDINAL is not mapped to a Presidio entity, but keeping anyway. Add to `NerModelConfiguration.labels_to_ignore` to remove.
10:38:23  WARNING   presidio-analyzer              | Entity CARDINAL is not mapped to a Presidio entity, but keeping anyway. Add to `NerModelConfiguration.labels_to_ignore` to remove.
10:38:23  WARNING   presidio-analyzer              | Entity CARDINAL is not mapped to a Presidio entity, but keeping anyway. Add to `NerModelConfiguration.labels_to_ignore` to remove.
10:38:23  WARNING   presidio-analyzer              | Entity CARDINAL is not mapped to a Presidio entity, but keeping anyway. Add to `NerModelConfiguration.labels_to_ignore` to remove.
10:38:23  DEBUG     presidio-analyzer              | --- match_time[USA DEA Certificate Number (weak)]: 0.000016 seconds
10:38:23  DEBUG     presidio-analyzer              | --- match_time[Itin (very weak)]: 0.000008 seconds
10:38:23  DEBUG     presidio-analyzer              | --- match_time[Itin (weak)]: 0.000008 seconds
10:38:23  DEBUG     presidio-analyzer              | --- match_time[Itin (medium)]: 0.000005 seconds
10:38:23  DEBUG     presidio-analyzer              | --- match_time[Driver License - Alphanumeric (weak)]: 0.000004 seconds
10:38:23  DEBUG     presidio-analyzer              | --- match_time[Driver License - Digits (very weak)]: 0.000006 seconds
10:38:23  DEBUG     presidio-analyzer              | --- match_time[SSN1 (very weak)]: 0.000004 seconds
10:38:23  DEBUG     presidio-analyzer              | --- match_time[SSN2 (very weak)]: 0.000005 seconds
10:38:23  DEBUG     presidio-analyzer              | --- match_time[SSN3 (very weak)]: 0.000004 seconds
10:38:23  DEBUG     presidio-analyzer              | --- match_time[SSN4 (very weak)]: 0.000005 seconds
10:38:23  DEBUG     presidio-analyzer              | --- match_time[SSN5 (medium)]: 0.000005 seconds
10:38:23  DEBUG     presidio-analyzer              | --- match_time[Bank Account (weak)]: 0.000005 seconds
10:38:23  DEBUG     presidio-analyzer              | --- match_time[Passport (very weak)]: 0.000004 seconds
10:38:23  DEBUG     presidio-analyzer              | --- match_time[Passport Next Generation (very weak)]: 0.000006 seconds
10:38:23  DEBUG     presidio-analyzer              | --- match_time[NHS (medium)]: 0.000004 seconds
10:38:23  DEBUG     presidio-analyzer              | --- match_time[All Credit Cards (weak)]: 0.000005 seconds
10:38:23  DEBUG     masking.engine                 | Page 35: no entities masked (0 detected, none in mask list)
10:38:23  WARNING   presidio-analyzer              | Entity IN_PAN doesn't have the corresponding recognizer in language : en
10:38:23  WARNING   presidio-analyzer              | Entity IN_AADHAAR doesn't have the corresponding recognizer in language : en
10:38:23  WARNING   presidio-analyzer              | Entity AU_TFN doesn't have the corresponding recognizer in language : en
10:38:23  DEBUG     presidio-analyzer              | Returning a total of 9 recognizers
10:38:23  WARNING   presidio-analyzer              | Entity CARDINAL is not mapped to a Presidio entity, but keeping anyway. Add to `NerModelConfiguration.labels_to_ignore` to remove.
10:38:23  WARNING   presidio-analyzer              | Entity CARDINAL is not mapped to a Presidio entity, but keeping anyway. Add to `NerModelConfiguration.labels_to_ignore` to remove.
10:38:23  WARNING   presidio-analyzer              | Entity CARDINAL is not mapped to a Presidio entity, but keeping anyway. Add to `NerModelConfiguration.labels_to_ignore` to remove.
10:38:23  WARNING   presidio-analyzer              | Entity CARDINAL is not mapped to a Presidio entity, but keeping anyway. Add to `NerModelConfiguration.labels_to_ignore` to remove.
10:38:23  WARNING   presidio-analyzer              | Entity CARDINAL is not mapped to a Presidio entity, but keeping anyway. Add to `NerModelConfiguration.labels_to_ignore` to remove.
10:38:23  WARNING   presidio-analyzer              | Entity CARDINAL is not mapped to a Presidio entity, but keeping anyway. Add to `NerModelConfiguration.labels_to_ignore` to remove.
10:38:23  DEBUG     presidio-analyzer              | --- match_time[USA DEA Certificate Number (weak)]: 0.000014 seconds
10:38:23  DEBUG     presidio-analyzer              | --- match_time[Itin (very weak)]: 0.000007 seconds
10:38:23  DEBUG     presidio-analyzer              | --- match_time[Itin (weak)]: 0.000007 seconds
10:38:23  DEBUG     presidio-analyzer              | --- match_time[Itin (medium)]: 0.000025 seconds
10:38:23  DEBUG     presidio-analyzer              | --- match_time[Driver License - Alphanumeric (weak)]: 0.000006 seconds
10:38:23  DEBUG     presidio-analyzer              | --- match_time[Driver License - Digits (very weak)]: 0.000007 seconds
10:38:23  DEBUG     presidio-analyzer              | --- match_time[SSN1 (very weak)]: 0.000005 seconds
10:38:23  DEBUG     presidio-analyzer              | --- match_time[SSN2 (very weak)]: 0.000006 seconds
10:38:23  DEBUG     presidio-analyzer              | --- match_time[SSN3 (very weak)]: 0.000005 seconds
10:38:23  DEBUG     presidio-analyzer              | --- match_time[SSN4 (very weak)]: 0.000005 seconds
10:38:23  DEBUG     presidio-analyzer              | --- match_time[SSN5 (medium)]: 0.000006 seconds
10:38:23  DEBUG     presidio-analyzer              | --- match_time[Bank Account (weak)]: 0.000005 seconds
10:38:23  DEBUG     presidio-analyzer              | --- match_time[Passport (very weak)]: 0.000005 seconds
10:38:23  DEBUG     presidio-analyzer              | --- match_time[Passport Next Generation (very weak)]: 0.000007 seconds
10:38:23  DEBUG     presidio-analyzer              | --- match_time[NHS (medium)]: 0.000006 seconds
10:38:23  DEBUG     presidio-analyzer              | --- match_time[All Credit Cards (weak)]: 0.000005 seconds
10:38:23  DEBUG     masking.engine                 | Page 36: no entities masked (0 detected, none in mask list)
10:38:23  WARNING   presidio-analyzer              | Entity IN_PAN doesn't have the corresponding recognizer in language : en
10:38:23  WARNING   presidio-analyzer              | Entity IN_AADHAAR doesn't have the corresponding recognizer in language : en
10:38:23  WARNING   presidio-analyzer              | Entity AU_TFN doesn't have the corresponding recognizer in language : en
10:38:23  DEBUG     presidio-analyzer              | Returning a total of 9 recognizers
10:38:24  WARNING   presidio-analyzer              | Entity CARDINAL is not mapped to a Presidio entity, but keeping anyway. Add to `NerModelConfiguration.labels_to_ignore` to remove.
10:38:24  WARNING   presidio-analyzer              | Entity CARDINAL is not mapped to a Presidio entity, but keeping anyway. Add to `NerModelConfiguration.labels_to_ignore` to remove.
10:38:24  WARNING   presidio-analyzer              | Entity CARDINAL is not mapped to a Presidio entity, but keeping anyway. Add to `NerModelConfiguration.labels_to_ignore` to remove.
10:38:24  WARNING   presidio-analyzer              | Entity CARDINAL is not mapped to a Presidio entity, but keeping anyway. Add to `NerModelConfiguration.labels_to_ignore` to remove.
10:38:24  WARNING   presidio-analyzer              | Entity CARDINAL is not mapped to a Presidio entity, but keeping anyway. Add to `NerModelConfiguration.labels_to_ignore` to remove.
10:38:24  WARNING   presidio-analyzer              | Entity CARDINAL is not mapped to a Presidio entity, but keeping anyway. Add to `NerModelConfiguration.labels_to_ignore` to remove.
10:38:24  WARNING   presidio-analyzer              | Entity CARDINAL is not mapped to a Presidio entity, but keeping anyway. Add to `NerModelConfiguration.labels_to_ignore` to remove.
10:38:24  WARNING   presidio-analyzer              | Entity CARDINAL is not mapped to a Presidio entity, but keeping anyway. Add to `NerModelConfiguration.labels_to_ignore` to remove.
10:38:24  WARNING   presidio-analyzer              | Entity CARDINAL is not mapped to a Presidio entity, but keeping anyway. Add to `NerModelConfiguration.labels_to_ignore` to remove.
10:38:24  WARNING   presidio-analyzer              | Entity CARDINAL is not mapped to a Presidio entity, but keeping anyway. Add to `NerModelConfiguration.labels_to_ignore` to remove.
10:38:24  DEBUG     presidio-analyzer              | --- match_time[USA DEA Certificate Number (weak)]: 0.000021 seconds
10:38:24  DEBUG     presidio-analyzer              | --- match_time[Itin (very weak)]: 0.000010 seconds
10:38:24  DEBUG     presidio-analyzer              | --- match_time[Itin (weak)]: 0.000009 seconds
10:38:24  DEBUG     presidio-analyzer              | --- match_time[Itin (medium)]: 0.000007 seconds
10:38:24  DEBUG     presidio-analyzer              | --- match_time[Driver License - Alphanumeric (weak)]: 0.000007 seconds
10:38:24  DEBUG     presidio-analyzer              | --- match_time[Driver License - Digits (very weak)]: 0.000032 seconds
10:38:24  DEBUG     presidio-analyzer              | --- match_time[SSN1 (very weak)]: 0.000008 seconds
10:38:24  DEBUG     presidio-analyzer              | --- match_time[SSN2 (very weak)]: 0.000007 seconds
10:38:24  DEBUG     presidio-analyzer              | --- match_time[SSN3 (very weak)]: 0.000006 seconds
10:38:24  DEBUG     presidio-analyzer              | --- match_time[SSN4 (very weak)]: 0.000016 seconds
10:38:24  DEBUG     presidio-analyzer              | --- match_time[SSN5 (medium)]: 0.000027 seconds
10:38:24  DEBUG     presidio-analyzer              | --- match_time[Bank Account (weak)]: 0.000016 seconds
10:38:24  DEBUG     presidio-analyzer              | --- match_time[Passport (very weak)]: 0.000020 seconds
10:38:24  DEBUG     presidio-analyzer              | --- match_time[Passport Next Generation (very weak)]: 0.000012 seconds
10:38:24  DEBUG     presidio-analyzer              | --- match_time[NHS (medium)]: 0.000018 seconds
10:38:24  DEBUG     presidio-analyzer              | --- match_time[All Credit Cards (weak)]: 0.000013 seconds
10:38:24  DEBUG     masking.engine                 | Page 37: no entities masked (0 detected, none in mask list)
10:38:24  WARNING   presidio-analyzer              | Entity IN_PAN doesn't have the corresponding recognizer in language : en
10:38:24  WARNING   presidio-analyzer              | Entity IN_AADHAAR doesn't have the corresponding recognizer in language : en
10:38:24  WARNING   presidio-analyzer              | Entity AU_TFN doesn't have the corresponding recognizer in language : en
10:38:24  DEBUG     presidio-analyzer              | Returning a total of 9 recognizers
10:38:24  WARNING   presidio-analyzer              | Entity CARDINAL is not mapped to a Presidio entity, but keeping anyway. Add to `NerModelConfiguration.labels_to_ignore` to remove.
10:38:24  WARNING   presidio-analyzer              | Entity CARDINAL is not mapped to a Presidio entity, but keeping anyway. Add to `NerModelConfiguration.labels_to_ignore` to remove.
10:38:24  DEBUG     presidio-analyzer              | --- match_time[USA DEA Certificate Number (weak)]: 0.000015 seconds
10:38:24  DEBUG     presidio-analyzer              | --- match_time[Itin (very weak)]: 0.000008 seconds
10:38:24  DEBUG     presidio-analyzer              | --- match_time[Itin (weak)]: 0.000007 seconds
10:38:24  DEBUG     presidio-analyzer              | --- match_time[Itin (medium)]: 0.000006 seconds
10:38:24  DEBUG     presidio-analyzer              | --- match_time[Driver License - Alphanumeric (weak)]: 0.000006 seconds
10:38:24  DEBUG     presidio-analyzer              | --- match_time[Driver License - Digits (very weak)]: 0.000008 seconds
10:38:24  DEBUG     presidio-analyzer              | --- match_time[SSN1 (very weak)]: 0.000006 seconds
10:38:24  DEBUG     presidio-analyzer              | --- match_time[SSN2 (very weak)]: 0.000006 seconds
10:38:24  DEBUG     presidio-analyzer              | --- match_time[SSN3 (very weak)]: 0.000005 seconds
10:38:24  DEBUG     presidio-analyzer              | --- match_time[SSN4 (very weak)]: 0.000005 seconds
10:38:24  DEBUG     presidio-analyzer              | --- match_time[SSN5 (medium)]: 0.000005 seconds
10:38:24  DEBUG     presidio-analyzer              | --- match_time[Bank Account (weak)]: 0.000014 seconds
10:38:24  DEBUG     presidio-analyzer              | --- match_time[Passport (very weak)]: 0.000014 seconds
10:38:24  DEBUG     presidio-analyzer              | --- match_time[Passport Next Generation (very weak)]: 0.000017 seconds
10:38:24  DEBUG     presidio-analyzer              | --- match_time[NHS (medium)]: 0.000006 seconds
10:38:24  DEBUG     presidio-analyzer              | --- match_time[All Credit Cards (weak)]: 0.000004 seconds
10:38:24  DEBUG     masking.engine                 | Page 38: no entities masked (0 detected, none in mask list)
10:38:24  WARNING   presidio-analyzer              | Entity IN_PAN doesn't have the corresponding recognizer in language : en
10:38:24  WARNING   presidio-analyzer              | Entity IN_AADHAAR doesn't have the corresponding recognizer in language : en
10:38:24  WARNING   presidio-analyzer              | Entity AU_TFN doesn't have the corresponding recognizer in language : en
10:38:24  DEBUG     presidio-analyzer              | Returning a total of 9 recognizers
10:38:24  WARNING   presidio-analyzer              | Entity LAW is not mapped to a Presidio entity, but keeping anyway. Add to `NerModelConfiguration.labels_to_ignore` to remove.
10:38:24  WARNING   presidio-analyzer              | Entity ORDINAL is not mapped to a Presidio entity, but keeping anyway. Add to `NerModelConfiguration.labels_to_ignore` to remove.
10:38:24  WARNING   presidio-analyzer              | Entity CARDINAL is not mapped to a Presidio entity, but keeping anyway. Add to `NerModelConfiguration.labels_to_ignore` to remove.
10:38:24  WARNING   presidio-analyzer              | Entity LAW is not mapped to a Presidio entity, but keeping anyway. Add to `NerModelConfiguration.labels_to_ignore` to remove.
10:38:24  WARNING   presidio-analyzer              | Entity CARDINAL is not mapped to a Presidio entity, but keeping anyway. Add to `NerModelConfiguration.labels_to_ignore` to remove.
10:38:24  WARNING   presidio-analyzer              | Entity CARDINAL is not mapped to a Presidio entity, but keeping anyway. Add to `NerModelConfiguration.labels_to_ignore` to remove.
10:38:24  WARNING   presidio-analyzer              | Entity CARDINAL is not mapped to a Presidio entity, but keeping anyway. Add to `NerModelConfiguration.labels_to_ignore` to remove.
10:38:24  WARNING   presidio-analyzer              | Entity CARDINAL is not mapped to a Presidio entity, but keeping anyway. Add to `NerModelConfiguration.labels_to_ignore` to remove.
10:38:24  WARNING   presidio-analyzer              | Entity CARDINAL is not mapped to a Presidio entity, but keeping anyway. Add to `NerModelConfiguration.labels_to_ignore` to remove.
10:38:24  WARNING   presidio-analyzer              | Entity ORDINAL is not mapped to a Presidio entity, but keeping anyway. Add to `NerModelConfiguration.labels_to_ignore` to remove.
10:38:24  WARNING   presidio-analyzer              | Entity WORK_OF_ART is not mapped to a Presidio entity, but keeping anyway. Add to `NerModelConfiguration.labels_to_ignore` to remove.
10:38:24  WARNING   presidio-analyzer              | Entity ORDINAL is not mapped to a Presidio entity, but keeping anyway. Add to `NerModelConfiguration.labels_to_ignore` to remove.
10:38:24  WARNING   presidio-analyzer              | Entity WORK_OF_ART is not mapped to a Presidio entity, but keeping anyway. Add to `NerModelConfiguration.labels_to_ignore` to remove.
10:38:24  WARNING   presidio-analyzer              | Entity CARDINAL is not mapped to a Presidio entity, but keeping anyway. Add to `NerModelConfiguration.labels_to_ignore` to remove.
10:38:24  DEBUG     presidio-analyzer              | --- match_time[USA DEA Certificate Number (weak)]: 0.000025 seconds
10:38:24  DEBUG     presidio-analyzer              | --- match_time[Itin (very weak)]: 0.000057 seconds
10:38:24  DEBUG     presidio-analyzer              | --- match_time[Itin (weak)]: 0.000027 seconds
10:38:24  DEBUG     presidio-analyzer              | --- match_time[Itin (medium)]: 0.000243 seconds
10:38:24  DEBUG     presidio-analyzer              | --- match_time[Driver License - Alphanumeric (weak)]: 0.000009 seconds
10:38:24  DEBUG     presidio-analyzer              | --- match_time[Driver License - Digits (very weak)]: 0.000025 seconds
10:38:24  DEBUG     presidio-analyzer              | --- match_time[SSN1 (very weak)]: 0.000009 seconds
10:38:24  DEBUG     presidio-analyzer              | --- match_time[SSN2 (very weak)]: 0.000009 seconds
10:38:24  DEBUG     presidio-analyzer              | --- match_time[SSN3 (very weak)]: 0.000006 seconds
10:38:24  DEBUG     presidio-analyzer              | --- match_time[SSN4 (very weak)]: 0.000006 seconds
10:38:24  DEBUG     presidio-analyzer              | --- match_time[SSN5 (medium)]: 0.000006 seconds
10:38:24  DEBUG     presidio-analyzer              | --- match_time[Bank Account (weak)]: 0.000006 seconds
10:38:24  DEBUG     presidio-analyzer              | --- match_time[Passport (very weak)]: 0.000017 seconds
10:38:24  DEBUG     presidio-analyzer              | --- match_time[Passport Next Generation (very weak)]: 0.000012 seconds
10:38:24  DEBUG     presidio-analyzer              | --- match_time[NHS (medium)]: 0.000007 seconds
10:38:24  DEBUG     presidio-analyzer              | --- match_time[All Credit Cards (weak)]: 0.000007 seconds
10:38:24  DEBUG     masking.engine                 | Page 39: no entities masked (0 detected, none in mask list)
10:38:24  WARNING   presidio-analyzer              | Entity IN_PAN doesn't have the corresponding recognizer in language : en
10:38:24  WARNING   presidio-analyzer              | Entity IN_AADHAAR doesn't have the corresponding recognizer in language : en
10:38:24  WARNING   presidio-analyzer              | Entity AU_TFN doesn't have the corresponding recognizer in language : en
10:38:24  DEBUG     presidio-analyzer              | Returning a total of 9 recognizers
10:38:25  WARNING   presidio-analyzer              | Entity ORDINAL is not mapped to a Presidio entity, but keeping anyway. Add to `NerModelConfiguration.labels_to_ignore` to remove.
10:38:25  WARNING   presidio-analyzer              | Entity WORK_OF_ART is not mapped to a Presidio entity, but keeping anyway. Add to `NerModelConfiguration.labels_to_ignore` to remove.
10:38:25  WARNING   presidio-analyzer              | Entity CARDINAL is not mapped to a Presidio entity, but keeping anyway. Add to `NerModelConfiguration.labels_to_ignore` to remove.
10:38:25  WARNING   presidio-analyzer              | Entity LAW is not mapped to a Presidio entity, but keeping anyway. Add to `NerModelConfiguration.labels_to_ignore` to remove.
10:38:25  WARNING   presidio-analyzer              | Entity LAW is not mapped to a Presidio entity, but keeping anyway. Add to `NerModelConfiguration.labels_to_ignore` to remove.
10:38:25  WARNING   presidio-analyzer              | Entity CARDINAL is not mapped to a Presidio entity, but keeping anyway. Add to `NerModelConfiguration.labels_to_ignore` to remove.
10:38:25  WARNING   presidio-analyzer              | Entity CARDINAL is not mapped to a Presidio entity, but keeping anyway. Add to `NerModelConfiguration.labels_to_ignore` to remove.
10:38:25  WARNING   presidio-analyzer              | Entity LAW is not mapped to a Presidio entity, but keeping anyway. Add to `NerModelConfiguration.labels_to_ignore` to remove.
10:38:25  WARNING   presidio-analyzer              | Entity PERCENT is not mapped to a Presidio entity, but keeping anyway. Add to `NerModelConfiguration.labels_to_ignore` to remove.
10:38:25  WARNING   presidio-analyzer              | Entity LAW is not mapped to a Presidio entity, but keeping anyway. Add to `NerModelConfiguration.labels_to_ignore` to remove.
10:38:25  WARNING   presidio-analyzer              | Entity ORDINAL is not mapped to a Presidio entity, but keeping anyway. Add to `NerModelConfiguration.labels_to_ignore` to remove.
10:38:25  WARNING   presidio-analyzer              | Entity CARDINAL is not mapped to a Presidio entity, but keeping anyway. Add to `NerModelConfiguration.labels_to_ignore` to remove.
10:38:25  WARNING   presidio-analyzer              | Entity ORDINAL is not mapped to a Presidio entity, but keeping anyway. Add to `NerModelConfiguration.labels_to_ignore` to remove.
10:38:25  WARNING   presidio-analyzer              | Entity CARDINAL is not mapped to a Presidio entity, but keeping anyway. Add to `NerModelConfiguration.labels_to_ignore` to remove.
10:38:25  DEBUG     presidio-analyzer              | --- match_time[USA DEA Certificate Number (weak)]: 0.000017 seconds
10:38:25  DEBUG     presidio-analyzer              | --- match_time[Itin (very weak)]: 0.000010 seconds
10:38:25  DEBUG     presidio-analyzer              | --- match_time[Itin (weak)]: 0.000021 seconds
10:38:25  DEBUG     presidio-analyzer              | --- match_time[Itin (medium)]: 0.000006 seconds
10:38:25  DEBUG     presidio-analyzer              | --- match_time[Driver License - Alphanumeric (weak)]: 0.000005 seconds
10:38:25  DEBUG     presidio-analyzer              | --- match_time[Driver License - Digits (very weak)]: 0.000007 seconds
10:38:25  DEBUG     presidio-analyzer              | --- match_time[SSN1 (very weak)]: 0.000006 seconds
10:38:25  DEBUG     presidio-analyzer              | --- match_time[SSN2 (very weak)]: 0.000019 seconds
10:38:25  DEBUG     presidio-analyzer              | --- match_time[SSN3 (very weak)]: 0.000007 seconds
10:38:25  DEBUG     presidio-analyzer              | --- match_time[SSN4 (very weak)]: 0.000005 seconds
10:38:25  DEBUG     presidio-analyzer              | --- match_time[SSN5 (medium)]: 0.000006 seconds
10:38:25  DEBUG     presidio-analyzer              | --- match_time[Bank Account (weak)]: 0.000019 seconds
10:38:25  DEBUG     presidio-analyzer              | --- match_time[Passport (very weak)]: 0.000015 seconds
10:38:25  DEBUG     presidio-analyzer              | --- match_time[Passport Next Generation (very weak)]: 0.000015 seconds
10:38:25  DEBUG     presidio-analyzer              | --- match_time[NHS (medium)]: 0.000006 seconds
10:38:25  DEBUG     presidio-analyzer              | --- match_time[All Credit Cards (weak)]: 0.000005 seconds
10:38:25  DEBUG     masking.engine                 | Page 40: no entities masked (0 detected, none in mask list)
10:38:25  WARNING   presidio-analyzer              | Entity IN_PAN doesn't have the corresponding recognizer in language : en
10:38:25  WARNING   presidio-analyzer              | Entity IN_AADHAAR doesn't have the corresponding recognizer in language : en
10:38:25  WARNING   presidio-analyzer              | Entity AU_TFN doesn't have the corresponding recognizer in language : en
10:38:25  DEBUG     presidio-analyzer              | Returning a total of 9 recognizers
10:38:25  WARNING   presidio-analyzer              | Entity CARDINAL is not mapped to a Presidio entity, but keeping anyway. Add to `NerModelConfiguration.labels_to_ignore` to remove.
10:38:25  WARNING   presidio-analyzer              | Entity CARDINAL is not mapped to a Presidio entity, but keeping anyway. Add to `NerModelConfiguration.labels_to_ignore` to remove.
10:38:25  WARNING   presidio-analyzer              | Entity CARDINAL is not mapped to a Presidio entity, but keeping anyway. Add to `NerModelConfiguration.labels_to_ignore` to remove.
10:38:25  WARNING   presidio-analyzer              | Entity LAW is not mapped to a Presidio entity, but keeping anyway. Add to `NerModelConfiguration.labels_to_ignore` to remove.
10:38:25  WARNING   presidio-analyzer              | Entity LAW is not mapped to a Presidio entity, but keeping anyway. Add to `NerModelConfiguration.labels_to_ignore` to remove.
10:38:25  WARNING   presidio-analyzer              | Entity LAW is not mapped to a Presidio entity, but keeping anyway. Add to `NerModelConfiguration.labels_to_ignore` to remove.
10:38:25  WARNING   presidio-analyzer              | Entity CARDINAL is not mapped to a Presidio entity, but keeping anyway. Add to `NerModelConfiguration.labels_to_ignore` to remove.
10:38:25  WARNING   presidio-analyzer              | Entity LAW is not mapped to a Presidio entity, but keeping anyway. Add to `NerModelConfiguration.labels_to_ignore` to remove.
10:38:25  WARNING   presidio-analyzer              | Entity CARDINAL is not mapped to a Presidio entity, but keeping anyway. Add to `NerModelConfiguration.labels_to_ignore` to remove.
10:38:25  WARNING   presidio-analyzer              | Entity CARDINAL is not mapped to a Presidio entity, but keeping anyway. Add to `NerModelConfiguration.labels_to_ignore` to remove.
10:38:25  WARNING   presidio-analyzer              | Entity CARDINAL is not mapped to a Presidio entity, but keeping anyway. Add to `NerModelConfiguration.labels_to_ignore` to remove.
10:38:25  WARNING   presidio-analyzer              | Entity LAW is not mapped to a Presidio entity, but keeping anyway. Add to `NerModelConfiguration.labels_to_ignore` to remove.
10:38:25  WARNING   presidio-analyzer              | Entity LAW is not mapped to a Presidio entity, but keeping anyway. Add to `NerModelConfiguration.labels_to_ignore` to remove.
10:38:25  WARNING   presidio-analyzer              | Entity CARDINAL is not mapped to a Presidio entity, but keeping anyway. Add to `NerModelConfiguration.labels_to_ignore` to remove.
10:38:25  WARNING   presidio-analyzer              | Entity CARDINAL is not mapped to a Presidio entity, but keeping anyway. Add to `NerModelConfiguration.labels_to_ignore` to remove.
10:38:25  WARNING   presidio-analyzer              | Entity CARDINAL is not mapped to a Presidio entity, but keeping anyway. Add to `NerModelConfiguration.labels_to_ignore` to remove.
10:38:25  WARNING   presidio-analyzer              | Entity LAW is not mapped to a Presidio entity, but keeping anyway. Add to `NerModelConfiguration.labels_to_ignore` to remove.
10:38:25  WARNING   presidio-analyzer              | Entity CARDINAL is not mapped to a Presidio entity, but keeping anyway. Add to `NerModelConfiguration.labels_to_ignore` to remove.
10:38:25  WARNING   presidio-analyzer              | Entity CARDINAL is not mapped to a Presidio entity, but keeping anyway. Add to `NerModelConfiguration.labels_to_ignore` to remove.
10:38:25  WARNING   presidio-analyzer              | Entity CARDINAL is not mapped to a Presidio entity, but keeping anyway. Add to `NerModelConfiguration.labels_to_ignore` to remove.
10:38:25  WARNING   presidio-analyzer              | Entity ORDINAL is not mapped to a Presidio entity, but keeping anyway. Add to `NerModelConfiguration.labels_to_ignore` to remove.
10:38:25  WARNING   presidio-analyzer              | Entity ORDINAL is not mapped to a Presidio entity, but keeping anyway. Add to `NerModelConfiguration.labels_to_ignore` to remove.
10:38:25  WARNING   presidio-analyzer              | Entity CARDINAL is not mapped to a Presidio entity, but keeping anyway. Add to `NerModelConfiguration.labels_to_ignore` to remove.
10:38:25  WARNING   presidio-analyzer              | Entity CARDINAL is not mapped to a Presidio entity, but keeping anyway. Add to `NerModelConfiguration.labels_to_ignore` to remove.
10:38:25  WARNING   presidio-analyzer              | Entity ORDINAL is not mapped to a Presidio entity, but keeping anyway. Add to `NerModelConfiguration.labels_to_ignore` to remove.
10:38:25  WARNING   presidio-analyzer              | Entity ORDINAL is not mapped to a Presidio entity, but keeping anyway. Add to `NerModelConfiguration.labels_to_ignore` to remove.
10:38:25  WARNING   presidio-analyzer              | Entity CARDINAL is not mapped to a Presidio entity, but keeping anyway. Add to `NerModelConfiguration.labels_to_ignore` to remove.
10:38:25  DEBUG     presidio-analyzer              | --- match_time[USA DEA Certificate Number (weak)]: 0.000019 seconds
10:38:25  DEBUG     presidio-analyzer              | --- match_time[Itin (very weak)]: 0.000009 seconds
10:38:25  DEBUG     presidio-analyzer              | --- match_time[Itin (weak)]: 0.000009 seconds
10:38:25  DEBUG     presidio-analyzer              | --- match_time[Itin (medium)]: 0.000028 seconds
10:38:25  DEBUG     presidio-analyzer              | --- match_time[Driver License - Alphanumeric (weak)]: 0.000731 seconds
10:38:25  DEBUG     presidio-analyzer              | --- match_time[Driver License - Digits (very weak)]: 0.000033 seconds
10:38:25  DEBUG     presidio-analyzer              | --- match_time[SSN1 (very weak)]: 0.000019 seconds
10:38:25  DEBUG     presidio-analyzer              | --- match_time[SSN2 (very weak)]: 0.000010 seconds
10:38:25  DEBUG     presidio-analyzer              | --- match_time[SSN3 (very weak)]: 0.000007 seconds
10:38:25  DEBUG     presidio-analyzer              | --- match_time[SSN4 (very weak)]: 0.000008 seconds
10:38:25  DEBUG     presidio-analyzer              | --- match_time[SSN5 (medium)]: 0.000024 seconds
10:38:25  DEBUG     presidio-analyzer              | --- match_time[Bank Account (weak)]: 0.000015 seconds
10:38:25  DEBUG     presidio-analyzer              | --- match_time[Passport (very weak)]: 0.000020 seconds
10:38:25  DEBUG     presidio-analyzer              | --- match_time[Passport Next Generation (very weak)]: 0.000022 seconds
10:38:25  DEBUG     presidio-analyzer              | --- match_time[NHS (medium)]: 0.000010 seconds
10:38:25  DEBUG     presidio-analyzer              | --- match_time[All Credit Cards (weak)]: 0.000007 seconds
10:38:25  DEBUG     masking.engine                 | Page 41: no entities masked (0 detected, none in mask list)
10:38:25  WARNING   presidio-analyzer              | Entity IN_PAN doesn't have the corresponding recognizer in language : en
10:38:25  WARNING   presidio-analyzer              | Entity IN_AADHAAR doesn't have the corresponding recognizer in language : en
10:38:25  WARNING   presidio-analyzer              | Entity AU_TFN doesn't have the corresponding recognizer in language : en
10:38:25  DEBUG     presidio-analyzer              | Returning a total of 9 recognizers
10:38:26  WARNING   presidio-analyzer              | Entity CARDINAL is not mapped to a Presidio entity, but keeping anyway. Add to `NerModelConfiguration.labels_to_ignore` to remove.
10:38:26  WARNING   presidio-analyzer              | Entity CARDINAL is not mapped to a Presidio entity, but keeping anyway. Add to `NerModelConfiguration.labels_to_ignore` to remove.
10:38:26  WARNING   presidio-analyzer              | Entity ORDINAL is not mapped to a Presidio entity, but keeping anyway. Add to `NerModelConfiguration.labels_to_ignore` to remove.
10:38:26  WARNING   presidio-analyzer              | Entity ORDINAL is not mapped to a Presidio entity, but keeping anyway. Add to `NerModelConfiguration.labels_to_ignore` to remove.
10:38:26  WARNING   presidio-analyzer              | Entity ORDINAL is not mapped to a Presidio entity, but keeping anyway. Add to `NerModelConfiguration.labels_to_ignore` to remove.
10:38:26  WARNING   presidio-analyzer              | Entity WORK_OF_ART is not mapped to a Presidio entity, but keeping anyway. Add to `NerModelConfiguration.labels_to_ignore` to remove.
10:38:26  WARNING   presidio-analyzer              | Entity ORDINAL is not mapped to a Presidio entity, but keeping anyway. Add to `NerModelConfiguration.labels_to_ignore` to remove.
10:38:26  WARNING   presidio-analyzer              | Entity CARDINAL is not mapped to a Presidio entity, but keeping anyway. Add to `NerModelConfiguration.labels_to_ignore` to remove.
10:38:26  WARNING   presidio-analyzer              | Entity CARDINAL is not mapped to a Presidio entity, but keeping anyway. Add to `NerModelConfiguration.labels_to_ignore` to remove.
10:38:26  DEBUG     presidio-analyzer              | --- match_time[USA DEA Certificate Number (weak)]: 0.000016 seconds
10:38:26  DEBUG     presidio-analyzer              | --- match_time[Itin (very weak)]: 0.000019 seconds
10:38:26  DEBUG     presidio-analyzer              | --- match_time[Itin (weak)]: 0.000009 seconds
10:38:26  DEBUG     presidio-analyzer              | --- match_time[Itin (medium)]: 0.000015 seconds
10:38:26  DEBUG     presidio-analyzer              | --- match_time[Driver License - Alphanumeric (weak)]: 0.000006 seconds
10:38:26  DEBUG     presidio-analyzer              | --- match_time[Driver License - Digits (very weak)]: 0.000027 seconds
10:38:26  DEBUG     presidio-analyzer              | --- match_time[SSN1 (very weak)]: 0.000008 seconds
10:38:26  DEBUG     presidio-analyzer              | --- match_time[SSN2 (very weak)]: 0.000006 seconds
10:38:26  DEBUG     presidio-analyzer              | --- match_time[SSN3 (very weak)]: 0.000006 seconds
10:38:26  DEBUG     presidio-analyzer              | --- match_time[SSN4 (very weak)]: 0.000013 seconds
10:38:26  DEBUG     presidio-analyzer              | --- match_time[SSN5 (medium)]: 0.000013 seconds
10:38:26  DEBUG     presidio-analyzer              | --- match_time[Bank Account (weak)]: 0.000007 seconds
10:38:26  DEBUG     presidio-analyzer              | --- match_time[Passport (very weak)]: 0.000005 seconds
10:38:26  DEBUG     presidio-analyzer              | --- match_time[Passport Next Generation (very weak)]: 0.000007 seconds
10:38:26  DEBUG     presidio-analyzer              | --- match_time[NHS (medium)]: 0.000011 seconds
10:38:26  DEBUG     presidio-analyzer              | --- match_time[All Credit Cards (weak)]: 0.000006 seconds
10:38:26  DEBUG     masking.engine                 | Page 42: no entities masked (0 detected, none in mask list)
10:38:26  WARNING   presidio-analyzer              | Entity IN_PAN doesn't have the corresponding recognizer in language : en
10:38:26  WARNING   presidio-analyzer              | Entity IN_AADHAAR doesn't have the corresponding recognizer in language : en
10:38:26  WARNING   presidio-analyzer              | Entity AU_TFN doesn't have the corresponding recognizer in language : en
10:38:26  DEBUG     presidio-analyzer              | Returning a total of 9 recognizers
10:38:26  WARNING   presidio-analyzer              | Entity ORDINAL is not mapped to a Presidio entity, but keeping anyway. Add to `NerModelConfiguration.labels_to_ignore` to remove.
10:38:26  WARNING   presidio-analyzer              | Entity CARDINAL is not mapped to a Presidio entity, but keeping anyway. Add to `NerModelConfiguration.labels_to_ignore` to remove.
10:38:26  WARNING   presidio-analyzer              | Entity ORDINAL is not mapped to a Presidio entity, but keeping anyway. Add to `NerModelConfiguration.labels_to_ignore` to remove.
10:38:26  WARNING   presidio-analyzer              | Entity CARDINAL is not mapped to a Presidio entity, but keeping anyway. Add to `NerModelConfiguration.labels_to_ignore` to remove.
10:38:26  WARNING   presidio-analyzer              | Entity CARDINAL is not mapped to a Presidio entity, but keeping anyway. Add to `NerModelConfiguration.labels_to_ignore` to remove.
10:38:26  WARNING   presidio-analyzer              | Entity CARDINAL is not mapped to a Presidio entity, but keeping anyway. Add to `NerModelConfiguration.labels_to_ignore` to remove.
10:38:26  WARNING   presidio-analyzer              | Entity CARDINAL is not mapped to a Presidio entity, but keeping anyway. Add to `NerModelConfiguration.labels_to_ignore` to remove.
10:38:26  WARNING   presidio-analyzer              | Entity ORDINAL is not mapped to a Presidio entity, but keeping anyway. Add to `NerModelConfiguration.labels_to_ignore` to remove.
10:38:26  WARNING   presidio-analyzer              | Entity LAW is not mapped to a Presidio entity, but keeping anyway. Add to `NerModelConfiguration.labels_to_ignore` to remove.
10:38:26  WARNING   presidio-analyzer              | Entity WORK_OF_ART is not mapped to a Presidio entity, but keeping anyway. Add to `NerModelConfiguration.labels_to_ignore` to remove.
10:38:26  WARNING   presidio-analyzer              | Entity CARDINAL is not mapped to a Presidio entity, but keeping anyway. Add to `NerModelConfiguration.labels_to_ignore` to remove.
10:38:26  WARNING   presidio-analyzer              | Entity CARDINAL is not mapped to a Presidio entity, but keeping anyway. Add to `NerModelConfiguration.labels_to_ignore` to remove.
10:38:26  DEBUG     presidio-analyzer              | --- match_time[USA DEA Certificate Number (weak)]: 0.000018 seconds
10:38:26  DEBUG     presidio-analyzer              | --- match_time[Itin (very weak)]: 0.000010 seconds
10:38:26  DEBUG     presidio-analyzer              | --- match_time[Itin (weak)]: 0.000009 seconds
10:38:26  DEBUG     presidio-analyzer              | --- match_time[Itin (medium)]: 0.000007 seconds
10:38:26  DEBUG     presidio-analyzer              | --- match_time[Driver License - Alphanumeric (weak)]: 0.000007 seconds
10:38:26  DEBUG     presidio-analyzer              | --- match_time[Driver License - Digits (very weak)]: 0.000026 seconds
10:38:26  DEBUG     presidio-analyzer              | --- match_time[SSN1 (very weak)]: 0.000020 seconds
10:38:26  DEBUG     presidio-analyzer              | --- match_time[SSN2 (very weak)]: 0.000025 seconds
10:38:26  DEBUG     presidio-analyzer              | --- match_time[SSN3 (very weak)]: 0.000018 seconds
10:38:26  DEBUG     presidio-analyzer              | --- match_time[SSN4 (very weak)]: 0.000016 seconds
10:38:26  DEBUG     presidio-analyzer              | --- match_time[SSN5 (medium)]: 0.000083 seconds
10:38:26  DEBUG     presidio-analyzer              | --- match_time[Bank Account (weak)]: 0.000023 seconds
10:38:26  DEBUG     presidio-analyzer              | --- match_time[Passport (very weak)]: 0.000012 seconds
10:38:26  DEBUG     presidio-analyzer              | --- match_time[Passport Next Generation (very weak)]: 0.000011 seconds
10:38:26  DEBUG     presidio-analyzer              | --- match_time[NHS (medium)]: 0.000006 seconds
10:38:26  DEBUG     presidio-analyzer              | --- match_time[All Credit Cards (weak)]: 0.000006 seconds
10:38:26  DEBUG     masking.engine                 | Page 43: no entities masked (0 detected, none in mask list)
10:38:26  WARNING   presidio-analyzer              | Entity IN_PAN doesn't have the corresponding recognizer in language : en
10:38:26  WARNING   presidio-analyzer              | Entity IN_AADHAAR doesn't have the corresponding recognizer in language : en
10:38:26  WARNING   presidio-analyzer              | Entity AU_TFN doesn't have the corresponding recognizer in language : en
10:38:26  DEBUG     presidio-analyzer              | Returning a total of 9 recognizers
10:38:27  WARNING   presidio-analyzer              | Entity CARDINAL is not mapped to a Presidio entity, but keeping anyway. Add to `NerModelConfiguration.labels_to_ignore` to remove.
10:38:27  WARNING   presidio-analyzer              | Entity CARDINAL is not mapped to a Presidio entity, but keeping anyway. Add to `NerModelConfiguration.labels_to_ignore` to remove.
10:38:27  WARNING   presidio-analyzer              | Entity CARDINAL is not mapped to a Presidio entity, but keeping anyway. Add to `NerModelConfiguration.labels_to_ignore` to remove.
10:38:27  WARNING   presidio-analyzer              | Entity LAW is not mapped to a Presidio entity, but keeping anyway. Add to `NerModelConfiguration.labels_to_ignore` to remove.
10:38:27  WARNING   presidio-analyzer              | Entity LAW is not mapped to a Presidio entity, but keeping anyway. Add to `NerModelConfiguration.labels_to_ignore` to remove.
10:38:27  WARNING   presidio-analyzer              | Entity CARDINAL is not mapped to a Presidio entity, but keeping anyway. Add to `NerModelConfiguration.labels_to_ignore` to remove.
10:38:27  WARNING   presidio-analyzer              | Entity CARDINAL is not mapped to a Presidio entity, but keeping anyway. Add to `NerModelConfiguration.labels_to_ignore` to remove.
10:38:27  DEBUG     presidio-analyzer              | --- match_time[USA DEA Certificate Number (weak)]: 0.000024 seconds
10:38:27  DEBUG     presidio-analyzer              | --- match_time[Itin (very weak)]: 0.000011 seconds
10:38:27  DEBUG     presidio-analyzer              | --- match_time[Itin (weak)]: 0.000009 seconds
10:38:27  DEBUG     presidio-analyzer              | --- match_time[Itin (medium)]: 0.000007 seconds
10:38:27  DEBUG     presidio-analyzer              | --- match_time[Driver License - Alphanumeric (weak)]: 0.000006 seconds
10:38:27  DEBUG     presidio-analyzer              | --- match_time[Driver License - Digits (very weak)]: 0.000027 seconds
10:38:27  DEBUG     presidio-analyzer              | --- match_time[SSN1 (very weak)]: 0.000030 seconds
10:38:27  DEBUG     presidio-analyzer              | --- match_time[SSN2 (very weak)]: 0.000025 seconds
10:38:27  DEBUG     presidio-analyzer              | --- match_time[SSN3 (very weak)]: 0.000010 seconds
10:38:27  DEBUG     presidio-analyzer              | --- match_time[SSN4 (very weak)]: 0.000026 seconds
10:38:27  DEBUG     presidio-analyzer              | --- match_time[SSN5 (medium)]: 0.000018 seconds
10:38:27  DEBUG     presidio-analyzer              | --- match_time[Bank Account (weak)]: 0.000018 seconds
10:38:27  DEBUG     presidio-analyzer              | --- match_time[Passport (very weak)]: 0.000012 seconds
10:38:27  DEBUG     presidio-analyzer              | --- match_time[Passport Next Generation (very weak)]: 0.000027 seconds
10:38:27  DEBUG     presidio-analyzer              | --- match_time[NHS (medium)]: 0.000022 seconds
10:38:27  DEBUG     presidio-analyzer              | --- match_time[All Credit Cards (weak)]: 0.000011 seconds
10:38:27  DEBUG     masking.engine                 | Page 44: no entities masked (0 detected, none in mask list)
10:38:27  WARNING   presidio-analyzer              | Entity IN_PAN doesn't have the corresponding recognizer in language : en
10:38:27  WARNING   presidio-analyzer              | Entity IN_AADHAAR doesn't have the corresponding recognizer in language : en
10:38:27  WARNING   presidio-analyzer              | Entity AU_TFN doesn't have the corresponding recognizer in language : en
10:38:27  DEBUG     presidio-analyzer              | Returning a total of 9 recognizers
10:38:27  WARNING   presidio-analyzer              | Entity LAW is not mapped to a Presidio entity, but keeping anyway. Add to `NerModelConfiguration.labels_to_ignore` to remove.
10:38:27  WARNING   presidio-analyzer              | Entity CARDINAL is not mapped to a Presidio entity, but keeping anyway. Add to `NerModelConfiguration.labels_to_ignore` to remove.
10:38:27  WARNING   presidio-analyzer              | Entity LAW is not mapped to a Presidio entity, but keeping anyway. Add to `NerModelConfiguration.labels_to_ignore` to remove.
10:38:27  WARNING   presidio-analyzer              | Entity LAW is not mapped to a Presidio entity, but keeping anyway. Add to `NerModelConfiguration.labels_to_ignore` to remove.
10:38:27  WARNING   presidio-analyzer              | Entity ORDINAL is not mapped to a Presidio entity, but keeping anyway. Add to `NerModelConfiguration.labels_to_ignore` to remove.
10:38:27  WARNING   presidio-analyzer              | Entity CARDINAL is not mapped to a Presidio entity, but keeping anyway. Add to `NerModelConfiguration.labels_to_ignore` to remove.
10:38:27  WARNING   presidio-analyzer              | Entity CARDINAL is not mapped to a Presidio entity, but keeping anyway. Add to `NerModelConfiguration.labels_to_ignore` to remove.
10:38:27  WARNING   presidio-analyzer              | Entity CARDINAL is not mapped to a Presidio entity, but keeping anyway. Add to `NerModelConfiguration.labels_to_ignore` to remove.
10:38:27  WARNING   presidio-analyzer              | Entity PRODUCT is not mapped to a Presidio entity, but keeping anyway. Add to `NerModelConfiguration.labels_to_ignore` to remove.
10:38:27  WARNING   presidio-analyzer              | Entity LAW is not mapped to a Presidio entity, but keeping anyway. Add to `NerModelConfiguration.labels_to_ignore` to remove.
10:38:27  WARNING   presidio-analyzer              | Entity CARDINAL is not mapped to a Presidio entity, but keeping anyway. Add to `NerModelConfiguration.labels_to_ignore` to remove.
10:38:27  WARNING   presidio-analyzer              | Entity LAW is not mapped to a Presidio entity, but keeping anyway. Add to `NerModelConfiguration.labels_to_ignore` to remove.
10:38:27  WARNING   presidio-analyzer              | Entity ORDINAL is not mapped to a Presidio entity, but keeping anyway. Add to `NerModelConfiguration.labels_to_ignore` to remove.
10:38:27  WARNING   presidio-analyzer              | Entity LAW is not mapped to a Presidio entity, but keeping anyway. Add to `NerModelConfiguration.labels_to_ignore` to remove.
10:38:27  WARNING   presidio-analyzer              | Entity LAW is not mapped to a Presidio entity, but keeping anyway. Add to `NerModelConfiguration.labels_to_ignore` to remove.
10:38:27  WARNING   presidio-analyzer              | Entity CARDINAL is not mapped to a Presidio entity, but keeping anyway. Add to `NerModelConfiguration.labels_to_ignore` to remove.
10:38:27  WARNING   presidio-analyzer              | Entity LAW is not mapped to a Presidio entity, but keeping anyway. Add to `NerModelConfiguration.labels_to_ignore` to remove.
10:38:27  WARNING   presidio-analyzer              | Entity CARDINAL is not mapped to a Presidio entity, but keeping anyway. Add to `NerModelConfiguration.labels_to_ignore` to remove.
10:38:27  DEBUG     presidio-analyzer              | --- match_time[USA DEA Certificate Number (weak)]: 0.000014 seconds
10:38:27  DEBUG     presidio-analyzer              | --- match_time[Itin (very weak)]: 0.000007 seconds
10:38:27  DEBUG     presidio-analyzer              | --- match_time[Itin (weak)]: 0.000007 seconds
10:38:27  DEBUG     presidio-analyzer              | --- match_time[Itin (medium)]: 0.000005 seconds
10:38:27  DEBUG     presidio-analyzer              | --- match_time[Driver License - Alphanumeric (weak)]: 0.000005 seconds
10:38:27  DEBUG     presidio-analyzer              | --- match_time[Driver License - Digits (very weak)]: 0.000029 seconds
10:38:27  DEBUG     presidio-analyzer              | --- match_time[SSN1 (very weak)]: 0.000012 seconds
10:38:27  DEBUG     presidio-analyzer              | --- match_time[SSN2 (very weak)]: 0.000007 seconds
10:38:27  DEBUG     presidio-analyzer              | --- match_time[SSN3 (very weak)]: 0.000005 seconds
10:38:27  DEBUG     presidio-analyzer              | --- match_time[SSN4 (very weak)]: 0.000005 seconds
10:38:27  DEBUG     presidio-analyzer              | --- match_time[SSN5 (medium)]: 0.000005 seconds
10:38:27  DEBUG     presidio-analyzer              | --- match_time[Bank Account (weak)]: 0.000005 seconds
10:38:27  DEBUG     presidio-analyzer              | --- match_time[Passport (very weak)]: 0.000021 seconds
10:38:27  DEBUG     presidio-analyzer              | --- match_time[Passport Next Generation (very weak)]: 0.000021 seconds
10:38:27  DEBUG     presidio-analyzer              | --- match_time[NHS (medium)]: 0.000015 seconds
10:38:27  DEBUG     presidio-analyzer              | --- match_time[All Credit Cards (weak)]: 0.000007 seconds
10:38:27  DEBUG     masking.engine                 | Page 45: no entities masked (0 detected, none in mask list)
10:38:27  WARNING   presidio-analyzer              | Entity IN_PAN doesn't have the corresponding recognizer in language : en
10:38:27  WARNING   presidio-analyzer              | Entity IN_AADHAAR doesn't have the corresponding recognizer in language : en
10:38:27  WARNING   presidio-analyzer              | Entity AU_TFN doesn't have the corresponding recognizer in language : en
10:38:27  DEBUG     presidio-analyzer              | Returning a total of 9 recognizers
10:38:27  WARNING   presidio-analyzer              | Entity EVENT is not mapped to a Presidio entity, but keeping anyway. Add to `NerModelConfiguration.labels_to_ignore` to remove.
10:38:27  WARNING   presidio-analyzer              | Entity EVENT is not mapped to a Presidio entity, but keeping anyway. Add to `NerModelConfiguration.labels_to_ignore` to remove.
10:38:27  WARNING   presidio-analyzer              | Entity CARDINAL is not mapped to a Presidio entity, but keeping anyway. Add to `NerModelConfiguration.labels_to_ignore` to remove.
10:38:27  WARNING   presidio-analyzer              | Entity CARDINAL is not mapped to a Presidio entity, but keeping anyway. Add to `NerModelConfiguration.labels_to_ignore` to remove.
10:38:27  DEBUG     presidio-analyzer              | --- match_time[USA DEA Certificate Number (weak)]: 0.000018 seconds
10:38:27  DEBUG     presidio-analyzer              | --- match_time[Itin (very weak)]: 0.000006 seconds
10:38:27  DEBUG     presidio-analyzer              | --- match_time[Itin (weak)]: 0.000007 seconds
10:38:27  DEBUG     presidio-analyzer              | --- match_time[Itin (medium)]: 0.000005 seconds
10:38:27  DEBUG     presidio-analyzer              | --- match_time[Driver License - Alphanumeric (weak)]: 0.000004 seconds
10:38:27  DEBUG     presidio-analyzer              | --- match_time[Driver License - Digits (very weak)]: 0.000036 seconds
10:38:27  DEBUG     presidio-analyzer              | --- match_time[SSN1 (very weak)]: 0.000008 seconds
10:38:27  DEBUG     presidio-analyzer              | --- match_time[SSN2 (very weak)]: 0.000007 seconds
10:38:27  DEBUG     presidio-analyzer              | --- match_time[SSN3 (very weak)]: 0.000004 seconds
10:38:27  DEBUG     presidio-analyzer              | --- match_time[SSN4 (very weak)]: 0.000005 seconds
10:38:27  DEBUG     presidio-analyzer              | --- match_time[SSN5 (medium)]: 0.000005 seconds
10:38:27  DEBUG     presidio-analyzer              | --- match_time[Bank Account (weak)]: 0.000012 seconds
10:38:27  DEBUG     presidio-analyzer              | --- match_time[Passport (very weak)]: 0.000005 seconds
10:38:27  DEBUG     presidio-analyzer              | --- match_time[Passport Next Generation (very weak)]: 0.000016 seconds
10:38:27  DEBUG     presidio-analyzer              | --- match_time[NHS (medium)]: 0.000007 seconds
10:38:27  DEBUG     presidio-analyzer              | --- match_time[All Credit Cards (weak)]: 0.000005 seconds
10:38:27  DEBUG     masking.engine                 | Page 46: no entities masked (0 detected, none in mask list)
10:38:27  INFO      masking.engine                 | Document masking complete: 46 pages, 0 unique entities masked.
10:38:27  INFO      masking.engine                 | No sensitive entities found — mask file not written.
10:38:27  DEBUG     extraction.segmenter           | Buffer too small (2 tokens) — not emitting.
10:38:27  DEBUG     extraction.segmenter           | Buffer too small (16 tokens) — not emitting.
10:38:27  DEBUG     extraction.segmenter           | Buffer too small (16 tokens) — not emitting.
10:38:27  DEBUG     extraction.segmenter           | Buffer too small (44 tokens) — not emitting.
10:38:27  DEBUG     extraction.segmenter           | Buffer too small (2 tokens) — not emitting.
10:38:27  DEBUG     extraction.segmenter           | Buffer too small (14 tokens) — not emitting.
10:38:27  DEBUG     extraction.segmenter           | Buffer too small (36 tokens) — not emitting.
10:38:27  DEBUG     extraction.segmenter           | Buffer too small (3 tokens) — not emitting.
10:38:27  DEBUG     extraction.segmenter           | Buffer too small (18 tokens) — not emitting.
10:38:27  DEBUG     extraction.segmenter           | Buffer too small (2 tokens) — not emitting.
10:38:27  INFO      extraction.segmenter           | Segmentation complete: 46 pages → 51 segments (KV: 3, Table: 0, Mixed: 3)
10:38:27  INFO      gpt.extractor                  | [1/51] segment=seg_001  pages=[1]  ~697 tokens  (elapsed=0s)
10:38:32  DEBUG     gpt.client                     | Groq call attempt 1/3 model=llama-3.3-70b-versatile
10:38:34  DEBUG     openai._base_client            | Building HTTP request: method=POST retries_taken=0
10:38:34  DEBUG     openai._base_client            | Sending HTTP Request: POST
10:38:34  DEBUG     httpcore2.connection           | connect_tcp.started host='api.groq.com' port=443 local_address=None timeout=5.0 socket_options=None
10:38:34  DEBUG     httpcore2.connection           | connect_tcp.complete return_value=<httpcore2._backends.sync.SyncStream object at 0x00000218402516A0>
10:38:34  DEBUG     httpcore2.connection           | start_tls.started ssl_context=<truststore._api.SSLContext object at 0x000002183EAF1A90> server_hostname='api.groq.com' timeout=5.0
10:38:34  DEBUG     httpcore2.connection           | start_tls.complete return_value=<httpcore2._backends.sync.SyncStream object at 0x0000021840016350>
10:38:34  DEBUG     httpcore2.http11               | send_request_headers.started request=<Request [b'POST']>
10:38:34  DEBUG     httpcore2.http11               | send_request_headers.complete
10:38:34  DEBUG     httpcore2.http11               | send_request_body.started request=<Request [b'POST']>
10:38:34  DEBUG     httpcore2.http11               | send_request_body.complete
10:38:34  DEBUG     httpcore2.http11               | receive_response_headers.started request=<Request [b'POST']>
10:38:34  DEBUG     httpcore2.http11               | receive_response_headers.complete return_value=(b'HTTP/1.1', 404, b'Not Found', [(b'Date', b'Tue, 15 Sep 2026 05:08:32 GMT'), (b'Content-Type', b'application/json'), (b'Transfer-Encoding', b'chunked'), (b'Connection', b'keep-alive'), (b'Cache-Control', b'private, max-age=0, no-store, no-cache, must-revalidate'), (b'Server', b'cloudflare'), (b'vary', b'Origin'), (b'x-groq-region', b'bom'), (b'x-request-id', b'req_01m2hqez1zebjvb562xpetpg9n'), (b'via', b'1.1 google'), (b'cf-cache-status', b'DYNAMIC'), (b'set-cookie', b'__cf_bm=A9HV3dStv5hcMN5g.KY.JAcLrsOXULPJ3vCCzE08JHY-1789448911.9113233-1.0.1.1-g7fp19JXOY30OMlDrMmMH4UDqHGGTugLIZv5dMz62aGTgW0V95zvwJtu7EcK6ABfvTQuYoZLeT4xAdcDSYmZfhWlYKcCI5rcCV435qzLAidn3DTT9mr7UTpYe8rX8RB0; HttpOnly; SameSite=None; Secure; Path=/; Domain=groq.com; Expires=Tue, 15 Sep 2026 05:38:32 GMT'), (b'Strict-Transport-Security', b'max-age=15552000'), (b'Content-Encoding', b'gzip'), (b'CF-RAY', b'a3b51d3379ffff18-MAA'), (b'alt-svc', b'h3=":443"; ma=86400')])
10:38:34  INFO      httpx2                         | HTTP Request: POST https://api.groq.com/openai/v1/chat/completions "HTTP/1.1 404 Not Found"
10:38:34  DEBUG     httpcore2.http11               | receive_response_body.started request=<Request [b'POST']>
10:38:34  DEBUG     httpcore2.http11               | receive_response_body.complete
10:38:34  DEBUG     httpcore2.http11               | response_closed.started
10:38:34  DEBUG     httpcore2.http11               | response_closed.complete
10:38:34  DEBUG     openai._base_client            | HTTP Response: POST 404
10:38:34  DEBUG     openai._base_client            | request_id: req_01m2hqez1zebjvb562xpetpg9n
10:38:34  DEBUG     openai._base_client            | Encountered an HTTP status error: 404
10:38:34  DEBUG     openai._base_client            | Not retrying
10:38:34  DEBUG     openai._base_client            | Re-raising status error
10:38:34  WARNING   gpt.client                     | Unexpected error attempt 1: Error code: 404 - {'error': {'message': 'The model `llama-3.3-70b-versatile` does not exist or you do not have access to it.', 'type': 'invalid_request_error', 'code': 'model_not_found'}} — retrying...
10:38:36  DEBUG     gpt.client                     | Groq call attempt 2/3 model=llama-3.3-70b-versatile
10:38:36  DEBUG     openai._base_client            | Building HTTP request: method=POST retries_taken=0
10:38:36  DEBUG     openai._base_client            | Sending HTTP Request: POST
10:38:36  DEBUG     httpcore2.http11               | send_request_headers.started request=<Request [b'POST']>
10:38:36  DEBUG     httpcore2.http11               | send_request_headers.complete
10:38:36  DEBUG     httpcore2.http11               | send_request_body.started request=<Request [b'POST']>
10:38:36  DEBUG     httpcore2.http11               | send_request_body.complete
10:38:36  DEBUG     httpcore2.http11               | receive_response_headers.started request=<Request [b'POST']>
10:38:36  DEBUG     httpcore2.http11               | receive_response_headers.complete return_value=(b'HTTP/1.1', 404, b'Not Found', [(b'Date', b'Tue, 15 Sep 2026 05:08:34 GMT'), (b'Content-Type', b'application/json'), (b'Transfer-Encoding', b'chunked'), (b'Connection', b'keep-alive'), (b'Cache-Control', b'private, max-age=0, no-store, no-cache, must-revalidate'), (b'Server', b'cloudflare'), (b'vary', b'Origin'), (b'x-groq-region', b'bom'), (b'x-request-id', b'req_01m2hqf1cbe4drfe2czjy0cr5q'), (b'Strict-Transport-Security', b'max-age=15552000'), (b'via', b'1.1 google'), (b'cf-cache-status', b'DYNAMIC'), (b'Content-Encoding', b'gzip'), (b'CF-RAY', b'a3b51d4248ebff18-MAA'), (b'alt-svc', b'h3=":443"; ma=86400')])
10:38:36  INFO      httpx2                         | HTTP Request: POST https://api.groq.com/openai/v1/chat/completions "HTTP/1.1 404 Not Found"
10:38:36  DEBUG     httpcore2.http11               | receive_response_body.started request=<Request [b'POST']>
10:38:36  DEBUG     httpcore2.http11               | receive_response_body.complete
10:38:36  DEBUG     httpcore2.http11               | response_closed.started
10:38:36  DEBUG     httpcore2.http11               | response_closed.complete
10:38:36  DEBUG     openai._base_client            | HTTP Response: POST 404
10:38:36  DEBUG     openai._base_client            | request_id: req_01m2hqf1cbe4drfe2czjy0cr5q
10:38:36  DEBUG     openai._base_client            | Encountered an HTTP status error: 404
10:38:36  DEBUG     openai._base_client            | Not retrying
10:38:36  DEBUG     openai._base_client            | Re-raising status error
10:38:36  WARNING   gpt.client                     | Unexpected error attempt 2: Error code: 404 - {'error': {'message': 'The model `llama-3.3-70b-versatile` does not exist or you do not have access to it.', 'type': 'invalid_request_error', 'code': 'model_not_found'}} — retrying...
10:38:40  DEBUG     gpt.client                     | Groq call attempt 3/3 model=llama-3.3-70b-versatile
10:38:40  DEBUG     openai._base_client            | Building HTTP request: method=POST retries_taken=0
10:38:40  DEBUG     openai._base_client            | Sending HTTP Request: POST
10:38:40  DEBUG     httpcore2.http11               | send_request_headers.started request=<Request [b'POST']>
10:38:40  DEBUG     httpcore2.http11               | send_request_headers.complete
10:38:40  DEBUG     httpcore2.http11               | send_request_body.started request=<Request [b'POST']>
10:38:40  DEBUG     httpcore2.http11               | send_request_body.complete
10:38:40  DEBUG     httpcore2.http11               | receive_response_headers.started request=<Request [b'POST']>
10:38:40  DEBUG     httpcore2.http11               | receive_response_headers.complete return_value=(b'HTTP/1.1', 404, b'Not Found', [(b'Date', b'Tue, 15 Sep 2026 05:08:38 GMT'), (b'Content-Type', b'application/json'), (b'Transfer-Encoding', b'chunked'), (b'Connection', b'keep-alive'), (b'Cache-Control', b'private, max-age=0, no-store, no-cache, must-revalidate'), (b'Server', b'cloudflare'), (b'vary', b'Origin'), (b'x-groq-region', b'bom'), (b'x-request-id', b'req_01m2hqf5bkee2t5v1rzma5b2gr'), (b'Strict-Transport-Security', b'max-age=15552000'), (b'via', b'1.1 google'), (b'cf-cache-status', b'DYNAMIC'), (b'Content-Encoding', b'gzip'), (b'CF-RAY', b'a3b51d5bc90fff18-MAA'), (b'alt-svc', b'h3=":443"; ma=86400')])
10:38:40  INFO      httpx2                         | HTTP Request: POST https://api.groq.com/openai/v1/chat/completions "HTTP/1.1 404 Not Found"
10:38:40  DEBUG     httpcore2.http11               | receive_response_body.started request=<Request [b'POST']>
10:38:40  DEBUG     httpcore2.http11               | receive_response_body.complete
10:38:40  DEBUG     httpcore2.http11               | response_closed.started
10:38:40  DEBUG     httpcore2.http11               | response_closed.complete
10:38:40  DEBUG     openai._base_client            | HTTP Response: POST 404
10:38:40  DEBUG     openai._base_client            | request_id: req_01m2hqf5bkee2t5v1rzma5b2gr
10:38:40  DEBUG     openai._base_client            | Encountered an HTTP status error: 404
10:38:40  DEBUG     openai._base_client            | Not retrying
10:38:40  DEBUG     openai._base_client            | Re-raising status error
10:38:40  WARNING   gpt.client                     | Primary model llama-3.3-70b-versatile failed: Groq API call failed after 3 attempts. Last error: Error code: 404 - {'error': {'message': 'The model `llama-3.3-70b-versatile` does not exist or you do not have access to it.', 'type': 'invalid_request_error', 'code': 'model_not_found'}} — trying fallback llama3-70b-8192
10:38:40  DEBUG     gpt.client                     | Groq call attempt 1/3 model=llama3-70b-8192
10:38:40  DEBUG     openai._base_client            | Building HTTP request: method=POST retries_taken=0
10:38:40  DEBUG     openai._base_client            | Sending HTTP Request: POST
10:38:40  DEBUG     httpcore2.connection           | connect_tcp.started host='api.groq.com' port=443 local_address=None timeout=5.0 socket_options=None
10:38:40  DEBUG     httpcore2.connection           | connect_tcp.complete return_value=<httpcore2._backends.sync.SyncStream object at 0x0000021840016E90>
10:38:40  DEBUG     httpcore2.connection           | start_tls.started ssl_context=<truststore._api.SSLContext object at 0x000002184026F570> server_hostname='api.groq.com' timeout=5.0
10:38:40  DEBUG     httpcore2.connection           | start_tls.complete return_value=<httpcore2._backends.sync.SyncStream object at 0x000002183FFC7950>
10:38:40  DEBUG     httpcore2.http11               | send_request_headers.started request=<Request [b'POST']>
10:38:40  DEBUG     httpcore2.http11               | send_request_headers.complete
10:38:40  DEBUG     httpcore2.http11               | send_request_body.started request=<Request [b'POST']>
10:38:40  DEBUG     httpcore2.http11               | send_request_body.complete
10:38:40  DEBUG     httpcore2.http11               | receive_response_headers.started request=<Request [b'POST']>
10:38:41  DEBUG     httpcore2.http11               | receive_response_headers.complete return_value=(b'HTTP/1.1', 400, b'Bad Request', [(b'Date', b'Tue, 15 Sep 2026 05:08:38 GMT'), (b'Content-Type', b'application/json'), (b'Content-Length', b'276'), (b'Connection', b'keep-alive'), (b'Cache-Control', b'private, max-age=0, no-store, no-cache, must-revalidate'), (b'Server', b'cloudflare'), (b'vary', b'Origin'), (b'x-groq-region', b'bom'), (b'x-request-id', b'req_01m2hqf5f5ewdbveg9yv4hzas2'), (b'set-cookie', b'__cf_bm=6.8bcMYVUnJhDVHZn6EqTDbCr_ZtrPpULJjvK1XwNJk-1789448918.4725993-1.0.1.1-cMLMsjeJlKpInY36y_nrOymqKIy_kjWzmLqT2FE1PIkQCBvJi9TkBauWXU6xYjgNaIqfxg3PHcHTrcK_Zela_hFb5I9mTgchJn0f2LghlhMuWj_ahInss0dphxh9FPJ1; HttpOnly; SameSite=None; Secure; Path=/; Domain=groq.com; Expires=Tue, 15 Sep 2026 05:38:38 GMT'), (b'via', b'1.1 google'), (b'Strict-Transport-Security', b'max-age=15552000'), (b'cf-cache-status', b'DYNAMIC'), (b'CF-RAY', b'a3b51d5c7af37fd0-MAA'), (b'alt-svc', b'h3=":443"; ma=86400')])
10:38:41  INFO      httpx2                         | HTTP Request: POST https://api.groq.com/openai/v1/chat/completions "HTTP/1.1 400 Bad Request"
10:38:41  DEBUG     httpcore2.http11               | receive_response_body.started request=<Request [b'POST']>
10:38:41  DEBUG     httpcore2.http11               | receive_response_body.complete
10:38:41  DEBUG     httpcore2.http11               | response_closed.started
10:38:41  DEBUG     httpcore2.http11               | response_closed.complete
10:38:41  DEBUG     openai._base_client            | HTTP Response: POST 400
10:38:41  DEBUG     openai._base_client            | request_id: req_01m2hqf5f5ewdbveg9yv4hzas2
10:38:41  DEBUG     openai._base_client            | Encountered an HTTP status error: 400
10:38:41  DEBUG     openai._base_client            | Not retrying
10:38:41  DEBUG     openai._base_client            | Re-raising status error
10:38:41  WARNING   gpt.client                     | Unexpected error attempt 1: Error code: 400 - {'error': {'message': 'The model `llama3-70b-8192` has been decommissioned and is no longer supported. Please refer to https://console.groq.com/docs/deprecations for a recommendation on which model to use instead.', 'type': 'invalid_request_error', 'code': 'model_decommissioned'}} — retrying...
10:38:43  DEBUG     gpt.client                     | Groq call attempt 2/3 model=llama3-70b-8192
10:38:43  DEBUG     openai._base_client            | Building HTTP request: method=POST retries_taken=0
10:38:43  DEBUG     openai._base_client            | Sending HTTP Request: POST
10:38:43  DEBUG     httpcore2.http11               | send_request_headers.started request=<Request [b'POST']>
10:38:43  DEBUG     httpcore2.http11               | send_request_headers.complete
10:38:43  DEBUG     httpcore2.http11               | send_request_body.started request=<Request [b'POST']>
10:38:43  DEBUG     httpcore2.http11               | send_request_body.complete
10:38:43  DEBUG     httpcore2.http11               | receive_response_headers.started request=<Request [b'POST']>
10:38:43  DEBUG     httpcore2.http11               | receive_response_headers.complete return_value=(b'HTTP/1.1', 400, b'Bad Request', [(b'Date', b'Tue, 15 Sep 2026 05:08:40 GMT'), (b'Content-Type', b'application/json'), (b'Content-Length', b'276'), (b'Connection', b'keep-alive'), (b'Cache-Control', b'private, max-age=0, no-store, no-cache, must-revalidate'), (b'Server', b'cloudflare'), (b'vary', b'Origin'), (b'x-groq-region', b'bom'), (b'x-request-id', b'req_01m2hqf7ftephacdh1k0ehxjkp'), (b'via', b'1.1 google'), (b'cf-cache-status', b'DYNAMIC'), (b'Strict-Transport-Security', b'max-age=15552000'), (b'CF-RAY', b'a3b51d696a167fd0-MAA'), (b'alt-svc', b'h3=":443"; ma=86400')])
10:38:43  INFO      httpx2                         | HTTP Request: POST https://api.groq.com/openai/v1/chat/completions "HTTP/1.1 400 Bad Request"
10:38:43  DEBUG     httpcore2.http11               | receive_response_body.started request=<Request [b'POST']>
10:38:43  DEBUG     httpcore2.http11               | receive_response_body.complete
10:38:43  DEBUG     httpcore2.http11               | response_closed.started
10:38:43  DEBUG     httpcore2.http11               | response_closed.complete
10:38:43  DEBUG     openai._base_client            | HTTP Response: POST 400
10:38:43  DEBUG     openai._base_client            | request_id: req_01m2hqf7ftephacdh1k0ehxjkp
10:38:43  DEBUG     openai._base_client            | Encountered an HTTP status error: 400
10:38:43  DEBUG     openai._base_client            | Not retrying
10:38:43  DEBUG     openai._base_client            | Re-raising status error
10:38:43  WARNING   gpt.client                     | Unexpected error attempt 2: Error code: 400 - {'error': {'message': 'The model `llama3-70b-8192` has been decommissioned and is no longer supported. Please refer to https://console.groq.com/docs/deprecations for a recommendation on which model to use instead.', 'type': 'invalid_request_error', 'code': 'model_decommissioned'}} — retrying...
10:38:47  DEBUG     gpt.client                     | Groq call attempt 3/3 model=llama3-70b-8192
10:38:47  DEBUG     openai._base_client            | Building HTTP request: method=POST retries_taken=0
10:38:47  DEBUG     openai._base_client            | Sending HTTP Request: POST
10:38:47  DEBUG     httpcore2.http11               | send_request_headers.started request=<Request [b'POST']>
10:38:47  DEBUG     httpcore2.http11               | send_request_headers.complete
10:38:47  DEBUG     httpcore2.http11               | send_request_body.started request=<Request [b'POST']>
10:38:47  DEBUG     httpcore2.http11               | send_request_body.complete
10:38:47  DEBUG     httpcore2.http11               | receive_response_headers.started request=<Request [b'POST']>
10:38:47  DEBUG     httpcore2.http11               | receive_response_headers.complete return_value=(b'HTTP/1.1', 400, b'Bad Request', [(b'Date', b'Tue, 15 Sep 2026 05:08:44 GMT'), (b'Content-Type', b'application/json'), (b'Content-Length', b'276'), (b'Connection', b'keep-alive'), (b'Cache-Control', b'private, max-age=0, no-store, no-cache, must-revalidate'), (b'Server', b'cloudflare'), (b'vary', b'Origin'), (b'x-groq-region', b'bom'), (b'x-request-id', b'req_01m2hqfbrfeajbcwt724adrajb'), (b'Strict-Transport-Security', b'max-age=15552000'), (b'via', b'1.1 google'), (b'cf-cache-status', b'DYNAMIC'), (b'CF-RAY', b'a3b51d84a9f97fd0-MAA'), (b'alt-svc', b'h3=":443"; ma=86400')])
10:38:47  INFO      httpx2                         | HTTP Request: POST https://api.groq.com/openai/v1/chat/completions "HTTP/1.1 400 Bad Request"
10:38:47  DEBUG     httpcore2.http11               | receive_response_body.started request=<Request [b'POST']>
10:38:47  DEBUG     httpcore2.http11               | receive_response_body.complete
10:38:47  DEBUG     httpcore2.http11               | response_closed.started
10:38:47  DEBUG     httpcore2.http11               | response_closed.complete
10:38:47  DEBUG     openai._base_client            | HTTP Response: POST 400
10:38:47  DEBUG     openai._base_client            | request_id: req_01m2hqfbrfeajbcwt724adrajb
10:38:47  DEBUG     openai._base_client            | Encountered an HTTP status error: 400
10:38:47  DEBUG     openai._base_client            | Not retrying
10:38:47  DEBUG     openai._base_client            | Re-raising status error
10:38:47  ERROR     gpt.extractor                  | GPT extraction failed for segment seg_001: Both Groq models failed.
Primary  (llama-3.3-70b-versatile): Groq API call failed after 3 attempts. Last error: Error code: 404 - {'error': {'message': 'The model `llama-3.3-70b-versatile` does not exist or you do not have access to it.', 'type': 'invalid_request_error', 'code': 'model_not_found'}}
Fallback (llama3-70b-8192): Groq API call failed after 3 attempts. Last error: Error code: 400 - {'error': {'message': 'The model `llama3-70b-8192` has been decommissioned and is no longer supported. Please refer to https://console.groq.com/docs/deprecations for a recommendation on which model to use instead.', 'type': 'invalid_request_error', 'code': 'model_decommissioned'}}
10:38:50  INFO      gpt.extractor                  | [2/51] segment=seg_002  pages=[1]  ~173 tokens  (elapsed=22s)
10:38:50  DEBUG     gpt.client                     | Groq call attempt 1/3 model=llama-3.3-70b-versatile
10:38:50  DEBUG     openai._base_client            | Building HTTP request: method=POST retries_taken=0
10:38:50  DEBUG     openai._base_client            | Sending HTTP Request: POST
10:38:50  DEBUG     httpcore2.connection           | connect_tcp.started host='api.groq.com' port=443 local_address=None timeout=5.0 socket_options=None
10:38:50  DEBUG     httpcore2.connection           | connect_tcp.complete return_value=<httpcore2._backends.sync.SyncStream object at 0x000002183FFC6FD0>
10:38:50  DEBUG     httpcore2.connection           | start_tls.started ssl_context=<truststore._api.SSLContext object at 0x000002184026F9D0> server_hostname='api.groq.com' timeout=5.0
10:38:50  DEBUG     httpcore2.connection           | start_tls.complete return_value=<httpcore2._backends.sync.SyncStream object at 0x00000218402AC4D0>
10:38:50  DEBUG     httpcore2.http11               | send_request_headers.started request=<Request [b'POST']>
10:38:50  DEBUG     httpcore2.http11               | send_request_headers.complete
10:38:50  DEBUG     httpcore2.http11               | send_request_body.started request=<Request [b'POST']>
10:38:50  DEBUG     httpcore2.http11               | send_request_body.complete
10:38:50  DEBUG     httpcore2.http11               | receive_response_headers.started request=<Request [b'POST']>
10:38:50  DEBUG     httpcore2.http11               | receive_response_headers.complete return_value=(b'HTTP/1.1', 404, b'Not Found', [(b'Date', b'Tue, 15 Sep 2026 05:08:47 GMT'), (b'Content-Type', b'application/json'), (b'Transfer-Encoding', b'chunked'), (b'Connection', b'keep-alive'), (b'Cache-Control', b'private, max-age=0, no-store, no-cache, must-revalidate'), (b'Server', b'cloudflare'), (b'vary', b'Origin'), (b'x-groq-region', b'bom'), (b'x-request-id', b'req_01m2hqfease3kstjh76e4cke0z'), (b'set-cookie', b'__cf_bm=q117ut6KbMZOW258zaGBJ5.Wy0Nwt4Vef1EvTgv7WUw-1789448927.548399-1.0.1.1-GlSLhrLhR_T5xRI4ihcl9d0tHqoHV0GK9p1OCSEms5Oz1.TyjJ.PV4GJUX087ciLwp20XR6dnDISjMMEkBUbYVN8cnlrSBr5WGLJDnDnU5g4df5Hme.pe2lLI3KA5Hs6; HttpOnly; SameSite=None; Secure; Path=/; Domain=groq.com; Expires=Tue, 15 Sep 2026 05:38:47 GMT'), (b'via', b'1.1 google'), (b'Strict-Transport-Security', b'max-age=15552000'), (b'cf-cache-status', b'DYNAMIC'), (b'Content-Encoding', b'gzip'), (b'CF-RAY', b'a3b51d952f637f50-MAA'), (b'alt-svc', b'h3=":443"; ma=86400')])
10:38:50  INFO      httpx2                         | HTTP Request: POST https://api.groq.com/openai/v1/chat/completions "HTTP/1.1 404 Not Found"
10:38:50  DEBUG     httpcore2.http11               | receive_response_body.started request=<Request [b'POST']>
10:38:50  DEBUG     httpcore2.http11               | receive_response_body.complete
10:38:50  DEBUG     httpcore2.http11               | response_closed.started
10:38:50  DEBUG     httpcore2.http11               | response_closed.complete
10:38:50  DEBUG     openai._base_client            | HTTP Response: POST 404
10:38:50  DEBUG     openai._base_client            | request_id: req_01m2hqfease3kstjh76e4cke0z
10:38:50  DEBUG     openai._base_client            | Encountered an HTTP status error: 404
10:38:50  DEBUG     openai._base_client            | Not retrying
10:38:50  DEBUG     openai._base_client            | Re-raising status error
10:38:50  WARNING   gpt.client                     | Unexpected error attempt 1: Error code: 404 - {'error': {'message': 'The model `llama-3.3-70b-versatile` does not exist or you do not have access to it.', 'type': 'invalid_request_error', 'code': 'model_not_found'}} — retrying...
10:38:52  DEBUG     gpt.client                     | Groq call attempt 2/3 model=llama-3.3-70b-versatile
10:38:52  DEBUG     openai._base_client            | Building HTTP request: method=POST retries_taken=0
10:38:52  DEBUG     openai._base_client            | Sending HTTP Request: POST
10:38:52  DEBUG     httpcore2.http11               | send_request_headers.started request=<Request [b'POST']>
10:38:52  DEBUG     httpcore2.http11               | send_request_headers.complete
10:38:52  DEBUG     httpcore2.http11               | send_request_body.started request=<Request [b'POST']>
10:38:52  DEBUG     httpcore2.http11               | send_request_body.complete
10:38:52  DEBUG     httpcore2.http11               | receive_response_headers.started request=<Request [b'POST']>
10:38:52  DEBUG     httpcore2.http11               | receive_response_headers.complete return_value=(b'HTTP/1.1', 404, b'Not Found', [(b'Date', b'Tue, 15 Sep 2026 05:08:49 GMT'), (b'Content-Type', b'application/json'), (b'Transfer-Encoding', b'chunked'), (b'Connection', b'keep-alive'), (b'Cache-Control', b'private, max-age=0, no-store, no-cache, must-revalidate'), (b'Server', b'cloudflare'), (b'vary', b'Origin'), (b'x-groq-region', b'bom'), (b'x-request-id', b'req_01m2hqfgb9echtbbpb7rw927ak'), (b'Strict-Transport-Security', b'max-age=15552000'), (b'via', b'1.1 google'), (b'cf-cache-status', b'DYNAMIC'), (b'Content-Encoding', b'gzip'), (b'CF-RAY', b'a3b51da21c587f50-MAA'), (b'alt-svc', b'h3=":443"; ma=86400')])
10:38:52  INFO      httpx2                         | HTTP Request: POST https://api.groq.com/openai/v1/chat/completions "HTTP/1.1 404 Not Found"
10:38:52  DEBUG     httpcore2.http11               | receive_response_body.started request=<Request [b'POST']>
10:38:52  DEBUG     httpcore2.http11               | receive_response_body.complete
10:38:52  DEBUG     httpcore2.http11               | response_closed.started
10:38:52  DEBUG     httpcore2.http11               | response_closed.complete
10:38:52  DEBUG     openai._base_client            | HTTP Response: POST 404
10:38:52  DEBUG     openai._base_client            | request_id: req_01m2hqfgb9echtbbpb7rw927ak
10:38:52  DEBUG     openai._base_client            | Encountered an HTTP status error: 404
10:38:52  DEBUG     openai._base_client            | Not retrying
10:38:52  DEBUG     openai._base_client            | Re-raising status error
10:38:52  WARNING   gpt.client                     | Unexpected error attempt 2: Error code: 404 - {'error': {'message': 'The model `llama-3.3-70b-versatile` does not exist or you do not have access to it.', 'type': 'invalid_request_error', 'code': 'model_not_found'}} — retrying...
10:38:56  DEBUG     gpt.client                     | Groq call attempt 3/3 model=llama-3.3-70b-versatile
10:38:56  DEBUG     openai._base_client            | Building HTTP request: method=POST retries_taken=0
10:38:56  DEBUG     openai._base_client            | Sending HTTP Request: POST
10:38:56  DEBUG     httpcore2.http11               | send_request_headers.started request=<Request [b'POST']>
10:38:56  DEBUG     httpcore2.http11               | send_request_headers.complete
10:38:56  DEBUG     httpcore2.http11               | send_request_body.started request=<Request [b'POST']>
10:38:56  DEBUG     httpcore2.http11               | send_request_body.complete
10:38:56  DEBUG     httpcore2.http11               | receive_response_headers.started request=<Request [b'POST']>
10:38:56  DEBUG     httpcore2.http11               | receive_response_headers.complete return_value=(b'HTTP/1.1', 404, b'Not Found', [(b'Date', b'Tue, 15 Sep 2026 05:08:53 GMT'), (b'Content-Type', b'application/json'), (b'Transfer-Encoding', b'chunked'), (b'Connection', b'keep-alive'), (b'Cache-Control', b'private, max-age=0, no-store, no-cache, must-revalidate'), (b'Server', b'cloudflare'), (b'vary', b'Origin'), (b'x-groq-region', b'bom'), (b'x-request-id', b'req_01m2hqfmajes5a0vfsc43je80m'), (b'Strict-Transport-Security', b'max-age=15552000'), (b'via', b'1.1 google'), (b'cf-cache-status', b'DYNAMIC'), (b'Content-Encoding', b'gzip'), (b'CF-RAY', b'a3b51dbb8a647f50-MAA'), (b'alt-svc', b'h3=":443"; ma=86400')])
10:38:56  INFO      httpx2                         | HTTP Request: POST https://api.groq.com/openai/v1/chat/completions "HTTP/1.1 404 Not Found"
10:38:56  DEBUG     httpcore2.http11               | receive_response_body.started request=<Request [b'POST']>
10:38:56  DEBUG     httpcore2.http11               | receive_response_body.complete
10:38:56  DEBUG     httpcore2.http11               | response_closed.started
10:38:56  DEBUG     httpcore2.http11               | response_closed.complete
10:38:56  DEBUG     openai._base_client            | HTTP Response: POST 404
10:38:56  DEBUG     openai._base_client            | request_id: req_01m2hqfmajes5a0vfsc43je80m
10:38:56  DEBUG     openai._base_client            | Encountered an HTTP status error: 404
10:38:56  DEBUG     openai._base_client            | Not retrying
10:38:56  DEBUG     openai._base_client            | Re-raising status error
10:38:56  WARNING   gpt.client                     | Primary model llama-3.3-70b-versatile failed: Groq API call failed after 3 attempts. Last error: Error code: 404 - {'error': {'message': 'The model `llama-3.3-70b-versatile` does not exist or you do not have access to it.', 'type': 'invalid_request_error', 'code': 'model_not_found'}} — trying fallback llama3-70b-8192
10:38:56  DEBUG     gpt.client                     | Groq call attempt 1/3 model=llama3-70b-8192
10:38:56  DEBUG     openai._base_client            | Building HTTP request: method=POST retries_taken=0
10:38:56  DEBUG     openai._base_client            | Sending HTTP Request: POST
10:38:56  DEBUG     httpcore2.connection           | connect_tcp.started host='api.groq.com' port=443 local_address=None timeout=5.0 socket_options=None
10:38:56  DEBUG     httpcore2.connection           | connect_tcp.complete return_value=<httpcore2._backends.sync.SyncStream object at 0x000002184024BDF0>
10:38:56  DEBUG     httpcore2.connection           | start_tls.started ssl_context=<truststore._api.SSLContext object at 0x000002184026FCF0> server_hostname='api.groq.com' timeout=5.0
10:38:56  DEBUG     httpcore2.connection           | start_tls.complete return_value=<httpcore2._backends.sync.SyncStream object at 0x000002184024B240>
10:38:56  DEBUG     httpcore2.http11               | send_request_headers.started request=<Request [b'POST']>
10:38:56  DEBUG     httpcore2.http11               | send_request_headers.complete
10:38:56  DEBUG     httpcore2.http11               | send_request_body.started request=<Request [b'POST']>
10:38:56  DEBUG     httpcore2.http11               | send_request_body.complete
10:38:56  DEBUG     httpcore2.http11               | receive_response_headers.started request=<Request [b'POST']>
10:38:56  DEBUG     httpcore2.http11               | receive_response_headers.complete return_value=(b'HTTP/1.1', 400, b'Bad Request', [(b'Date', b'Tue, 15 Sep 2026 05:08:53 GMT'), (b'Content-Type', b'application/json'), (b'Content-Length', b'276'), (b'Connection', b'keep-alive'), (b'Cache-Control', b'private, max-age=0, no-store, no-cache, must-revalidate'), (b'Server', b'cloudflare'), (b'vary', b'Origin'), (b'x-groq-region', b'bom'), (b'x-request-id', b'req_01m2hqfmege938nxpm8narf8y7'), (b'set-cookie', b'__cf_bm=Rkx3ZS0iQyvpY4RUS91Qxfm5WJ46QE9Qi5.1cdnlO70-1789448933.8143039-1.0.1.1-PJQwlz0dkv_7zzRfJ6EaM6qKSnsWTFr55fi1w_nRY6YRzde1Q.B8sZbcq9rXulVMCs4.nmcR4HxdAx6ppQf68cVW3gNylmjDK_EfoWglFi18EDv0Hb4ocFj2B7djy1Sl; HttpOnly; SameSite=None; Secure; Path=/; Domain=groq.com; Expires=Tue, 15 Sep 2026 05:38:53 GMT'), (b'via', b'1.1 google'), (b'Strict-Transport-Security', b'max-age=15552000'), (b'cf-cache-status', b'DYNAMIC'), (b'CF-RAY', b'a3b51dbc5b987efa-MAA'), (b'alt-svc', b'h3=":443"; ma=86400')])
10:38:56  INFO      httpx2                         | HTTP Request: POST https://api.groq.com/openai/v1/chat/completions "HTTP/1.1 400 Bad Request"
10:38:56  DEBUG     httpcore2.http11               | receive_response_body.started request=<Request [b'POST']>
10:38:56  DEBUG     httpcore2.http11               | receive_response_body.complete
10:38:56  DEBUG     httpcore2.http11               | response_closed.started
10:38:56  DEBUG     httpcore2.http11               | response_closed.complete
10:38:56  DEBUG     openai._base_client            | HTTP Response: POST 400
10:38:56  DEBUG     openai._base_client            | request_id: req_01m2hqfmege938nxpm8narf8y7
10:38:56  DEBUG     openai._base_client            | Encountered an HTTP status error: 400
10:38:56  DEBUG     openai._base_client            | Not retrying
10:38:56  DEBUG     openai._base_client            | Re-raising status error
10:38:56  WARNING   gpt.client                     | Unexpected error attempt 1: Error code: 400 - {'error': {'message': 'The model `llama3-70b-8192` has been decommissioned and is no longer supported. Please refer to https://console.groq.com/docs/deprecations for a recommendation on which model to use instead.', 'type': 'invalid_request_error', 'code': 'model_decommissioned'}} — retrying...
10:38:58  DEBUG     gpt.client                     | Groq call attempt 2/3 model=llama3-70b-8192
10:38:58  DEBUG     openai._base_client            | Building HTTP request: method=POST retries_taken=0
10:38:58  DEBUG     openai._base_client            | Sending HTTP Request: POST
10:38:58  DEBUG     httpcore2.http11               | send_request_headers.started request=<Request [b'POST']>
10:38:58  DEBUG     httpcore2.http11               | send_request_headers.complete
10:38:58  DEBUG     httpcore2.http11               | send_request_body.started request=<Request [b'POST']>
10:38:58  DEBUG     httpcore2.http11               | send_request_body.complete
10:38:58  DEBUG     httpcore2.http11               | receive_response_headers.started request=<Request [b'POST']>
10:38:58  DEBUG     httpcore2.http11               | receive_response_headers.complete return_value=(b'HTTP/1.1', 400, b'Bad Request', [(b'Date', b'Tue, 15 Sep 2026 05:08:55 GMT'), (b'Content-Type', b'application/json'), (b'Content-Length', b'276'), (b'Connection', b'keep-alive'), (b'Cache-Control', b'private, max-age=0, no-store, no-cache, must-revalidate'), (b'Server', b'cloudflare'), (b'vary', b'Origin'), (b'x-groq-region', b'bom'), (b'x-request-id', b'req_01m2hqfpgtegpsx9eka2ngd4p0'), (b'Strict-Transport-Security', b'max-age=15552000'), (b'via', b'1.1 google'), (b'cf-cache-status', b'DYNAMIC'), (b'CF-RAY', b'a3b51dc99baf7efa-MAA'), (b'alt-svc', b'h3=":443"; ma=86400')])
10:38:58  INFO      httpx2                         | HTTP Request: POST https://api.groq.com/openai/v1/chat/completions "HTTP/1.1 400 Bad Request"
10:38:58  DEBUG     httpcore2.http11               | receive_response_body.started request=<Request [b'POST']>
10:38:58  DEBUG     httpcore2.http11               | receive_response_body.complete
10:38:58  DEBUG     httpcore2.http11               | response_closed.started
10:38:58  DEBUG     httpcore2.http11               | response_closed.complete
10:38:58  DEBUG     openai._base_client            | HTTP Response: POST 400
10:38:58  DEBUG     openai._base_client            | request_id: req_01m2hqfpgtegpsx9eka2ngd4p0
10:38:58  DEBUG     openai._base_client            | Encountered an HTTP status error: 400
10:38:58  DEBUG     openai._base_client            | Not retrying
10:38:58  DEBUG     openai._base_client            | Re-raising status error
10:38:58  WARNING   gpt.client                     | Unexpected error attempt 2: Error code: 400 - {'error': {'message': 'The model `llama3-70b-8192` has been decommissioned and is no longer supported. Please refer to https://console.groq.com/docs/deprecations for a recommendation on which model to use instead.', 'type': 'invalid_request_error', 'code': 'model_decommissioned'}} — retrying...
10:39:02  DEBUG     gpt.client                     | Groq call attempt 3/3 model=llama3-70b-8192
10:39:02  DEBUG     openai._base_client            | Building HTTP request: method=POST retries_taken=0
10:39:02  DEBUG     openai._base_client            | Sending HTTP Request: POST
10:39:02  DEBUG     httpcore2.http11               | send_request_headers.started request=<Request [b'POST']>
10:39:02  DEBUG     httpcore2.http11               | send_request_headers.complete
10:39:02  DEBUG     httpcore2.http11               | send_request_body.started request=<Request [b'POST']>
10:39:02  DEBUG     httpcore2.http11               | send_request_body.complete
10:39:02  DEBUG     httpcore2.http11               | receive_response_headers.started request=<Request [b'POST']>
10:39:02  DEBUG     httpcore2.http11               | receive_response_headers.complete return_value=(b'HTTP/1.1', 400, b'Bad Request', [(b'Date', b'Tue, 15 Sep 2026 05:09:00 GMT'), (b'Content-Type', b'application/json'), (b'Content-Length', b'276'), (b'Connection', b'keep-alive'), (b'Cache-Control', b'private, max-age=0, no-store, no-cache, must-revalidate'), (b'Server', b'cloudflare'), (b'vary', b'Origin'), (b'x-groq-region', b'bom'), (b'x-request-id', b'req_01m2hqftfhee79q9m98scvw1tw'), (b'Strict-Transport-Security', b'max-age=15552000'), (b'via', b'1.1 google'), (b'cf-cache-status', b'DYNAMIC'), (b'CF-RAY', b'a3b51de2fa867efa-MAA'), (b'alt-svc', b'h3=":443"; ma=86400')])
10:39:02  INFO      httpx2                         | HTTP Request: POST https://api.groq.com/openai/v1/chat/completions "HTTP/1.1 400 Bad Request"
10:39:02  DEBUG     httpcore2.http11               | receive_response_body.started request=<Request [b'POST']>
10:39:02  DEBUG     httpcore2.http11               | receive_response_body.complete
10:39:02  DEBUG     httpcore2.http11               | response_closed.started
10:39:02  DEBUG     httpcore2.http11               | response_closed.complete
10:39:02  DEBUG     openai._base_client            | HTTP Response: POST 400
10:39:02  DEBUG     openai._base_client            | request_id: req_01m2hqftfhee79q9m98scvw1tw
10:39:02  DEBUG     openai._base_client            | Encountered an HTTP status error: 400
10:39:02  DEBUG     openai._base_client            | Not retrying
10:39:02  DEBUG     openai._base_client            | Re-raising status error
10:39:02  ERROR     gpt.extractor                  | GPT extraction failed for segment seg_002: Both Groq models failed.
Primary  (llama-3.3-70b-versatile): Groq API call failed after 3 attempts. Last error: Error code: 404 - {'error': {'message': 'The model `llama-3.3-70b-versatile` does not exist or you do not have access to it.', 'type': 'invalid_request_error', 'code': 'model_not_found'}}
Fallback (llama3-70b-8192): Groq API call failed after 3 attempts. Last error: Error code: 400 - {'error': {'message': 'The model `llama3-70b-8192` has been decommissioned and is no longer supported. Please refer to https://console.groq.com/docs/deprecations for a recommendation on which model to use instead.', 'type': 'invalid_request_error', 'code': 'model_decommissioned'}}
10:39:05  INFO      gpt.extractor                  | [3/51] segment=seg_003  pages=[2]  ~899 tokens  (elapsed=37s)
10:39:05  DEBUG     gpt.client                     | Groq call attempt 1/3 model=llama-3.3-70b-versatile
10:39:05  DEBUG     openai._base_client            | Building HTTP request: method=POST retries_taken=0
10:39:05  DEBUG     openai._base_client            | Sending HTTP Request: POST
10:39:05  DEBUG     httpcore2.connection           | connect_tcp.started host='api.groq.com' port=443 local_address=None timeout=5.0 socket_options=None
10:39:05  DEBUG     httpcore2.connection           | connect_tcp.complete return_value=<httpcore2._backends.sync.SyncStream object at 0x00000218402B4C50>
10:39:05  DEBUG     httpcore2.connection           | start_tls.started ssl_context=<truststore._api.SSLContext object at 0x00000218402BC0F0> server_hostname='api.groq.com' timeout=5.0
10:39:05  DEBUG     httpcore2.connection           | start_tls.complete return_value=<httpcore2._backends.sync.SyncStream object at 0x00000218402B4850>
10:39:05  DEBUG     httpcore2.http11               | send_request_headers.started request=<Request [b'POST']>
10:39:05  DEBUG     httpcore2.http11               | send_request_headers.complete
10:39:05  DEBUG     httpcore2.http11               | send_request_body.started request=<Request [b'POST']>
10:39:05  DEBUG     httpcore2.http11               | send_request_body.complete
10:39:05  DEBUG     httpcore2.http11               | receive_response_headers.started request=<Request [b'POST']>
10:39:05  DEBUG     httpcore2.http11               | receive_response_headers.complete return_value=(b'HTTP/1.1', 404, b'Not Found', [(b'Date', b'Tue, 15 Sep 2026 05:09:02 GMT'), (b'Content-Type', b'application/json'), (b'Transfer-Encoding', b'chunked'), (b'Connection', b'keep-alive'), (b'Cache-Control', b'private, max-age=0, no-store, no-cache, must-revalidate'), (b'Server', b'cloudflare'), (b'vary', b'Origin'), (b'x-groq-region', b'bom'), (b'x-request-id', b'req_01m2hqfx1jehzvts92gb8yvdgm'), (b'set-cookie', b'__cf_bm=.yFegQmSR8DosU2Y_FQ_6vX1y1Zioaal4lBf0EiZRqs-1789448942.6112213-1.0.1.1-NOwmPs0Gd64BnlW.g7iWOmJeihZY.h4GpqCqUrLmUv9w59OYcqarEy_4C0HN83iZG4nF3McUwQgmsSva_998.3x_oFAQ07PQGaUOy9ORgIP3BpAYWv6UqVgW4yuzL2Da; HttpOnly; SameSite=None; Secure; Path=/; Domain=groq.com; Expires=Tue, 15 Sep 2026 05:39:02 GMT'), (b'via', b'1.1 google'), (b'Strict-Transport-Security', b'max-age=15552000'), (b'cf-cache-status', b'DYNAMIC'), (b'Content-Encoding', b'gzip'), (b'CF-RAY', b'a3b51df34fe57fb9-MAA'), (b'alt-svc', b'h3=":443"; ma=86400')])
10:39:05  INFO      httpx2                         | HTTP Request: POST https://api.groq.com/openai/v1/chat/completions "HTTP/1.1 404 Not Found"
10:39:05  DEBUG     httpcore2.http11               | receive_response_body.started request=<Request [b'POST']>
10:39:05  DEBUG     httpcore2.http11               | receive_response_body.complete
10:39:05  DEBUG     httpcore2.http11               | response_closed.started
10:39:05  DEBUG     httpcore2.http11               | response_closed.complete
10:39:05  DEBUG     openai._base_client            | HTTP Response: POST 404
10:39:05  DEBUG     openai._base_client            | request_id: req_01m2hqfx1jehzvts92gb8yvdgm
10:39:05  DEBUG     openai._base_client            | Encountered an HTTP status error: 404
10:39:05  DEBUG     openai._base_client            | Not retrying
10:39:05  DEBUG     openai._base_client            | Re-raising status error
10:39:05  WARNING   gpt.client                     | Unexpected error attempt 1: Error code: 404 - {'error': {'message': 'The model `llama-3.3-70b-versatile` does not exist or you do not have access to it.', 'type': 'invalid_request_error', 'code': 'model_not_found'}} — retrying...
10:39:07  DEBUG     gpt.client                     | Groq call attempt 2/3 model=llama-3.3-70b-versatile
10:39:07  DEBUG     openai._base_client            | Building HTTP request: method=POST retries_taken=0
10:39:07  DEBUG     openai._base_client            | Sending HTTP Request: POST
10:39:07  DEBUG     httpcore2.http11               | send_request_headers.started request=<Request [b'POST']>
10:39:07  DEBUG     httpcore2.http11               | send_request_headers.complete
10:39:07  DEBUG     httpcore2.http11               | send_request_body.started request=<Request [b'POST']>
10:39:07  DEBUG     httpcore2.http11               | send_request_body.complete
10:39:07  DEBUG     httpcore2.http11               | receive_response_headers.started request=<Request [b'POST']>
10:39:07  DEBUG     httpcore2.http11               | receive_response_headers.complete return_value=(b'HTTP/1.1', 404, b'Not Found', [(b'Date', b'Tue, 15 Sep 2026 05:09:04 GMT'), (b'Content-Type', b'application/json'), (b'Transfer-Encoding', b'chunked'), (b'Connection', b'keep-alive'), (b'Cache-Control', b'private, max-age=0, no-store, no-cache, must-revalidate'), (b'Server', b'cloudflare'), (b'vary', b'Origin'), (b'x-groq-region', b'bom'), (b'x-request-id', b'req_01m2hqfz20earsth96aq9a11nj'), (b'Strict-Transport-Security', b'max-age=15552000'), (b'via', b'1.1 google'), (b'cf-cache-status', b'DYNAMIC'), (b'Content-Encoding', b'gzip'), (b'CF-RAY', b'a3b51e00382a7fb9-MAA'), (b'alt-svc', b'h3=":443"; ma=86400')])
10:39:07  INFO      httpx2                         | HTTP Request: POST https://api.groq.com/openai/v1/chat/completions "HTTP/1.1 404 Not Found"
10:39:07  DEBUG     httpcore2.http11               | receive_response_body.started request=<Request [b'POST']>
10:39:07  DEBUG     httpcore2.http11               | receive_response_body.complete
10:39:07  DEBUG     httpcore2.http11               | response_closed.started
10:39:07  DEBUG     httpcore2.http11               | response_closed.complete
10:39:07  DEBUG     openai._base_client            | HTTP Response: POST 404
10:39:07  DEBUG     openai._base_client            | request_id: req_01m2hqfz20earsth96aq9a11nj
10:39:07  DEBUG     openai._base_client            | Encountered an HTTP status error: 404
10:39:07  DEBUG     openai._base_client            | Not retrying
10:39:07  DEBUG     openai._base_client            | Re-raising status error
10:39:07  WARNING   gpt.client                     | Unexpected error attempt 2: Error code: 404 - {'error': {'message': 'The model `llama-3.3-70b-versatile` does not exist or you do not have access to it.', 'type': 'invalid_request_error', 'code': 'model_not_found'}} — retrying...
10:39:11  DEBUG     gpt.client                     | Groq call attempt 3/3 model=llama-3.3-70b-versatile
10:39:11  DEBUG     openai._base_client            | Building HTTP request: method=POST retries_taken=0
10:39:11  DEBUG     openai._base_client            | Sending HTTP Request: POST
10:39:11  DEBUG     httpcore2.http11               | send_request_headers.started request=<Request [b'POST']>
10:39:11  DEBUG     httpcore2.http11               | send_request_headers.complete
10:39:11  DEBUG     httpcore2.http11               | send_request_body.started request=<Request [b'POST']>
10:39:11  DEBUG     httpcore2.http11               | send_request_body.complete
10:39:11  DEBUG     httpcore2.http11               | receive_response_headers.started request=<Request [b'POST']>
10:39:11  DEBUG     httpcore2.http11               | receive_response_headers.complete return_value=(b'HTTP/1.1', 404, b'Not Found', [(b'Date', b'Tue, 15 Sep 2026 05:09:08 GMT'), (b'Content-Type', b'application/json'), (b'Transfer-Encoding', b'chunked'), (b'Connection', b'keep-alive'), (b'Cache-Control', b'private, max-age=0, no-store, no-cache, must-revalidate'), (b'Server', b'cloudflare'), (b'vary', b'Origin'), (b'x-groq-region', b'bom'), (b'x-request-id', b'req_01m2hqg30weq1akx43myk1tmpc'), (b'Strict-Transport-Security', b'max-age=15552000'), (b'via', b'1.1 google'), (b'cf-cache-status', b'DYNAMIC'), (b'Content-Encoding', b'gzip'), (b'CF-RAY', b'a3b51e199e4f7fb9-MAA'), (b'alt-svc', b'h3=":443"; ma=86400')])
10:39:11  INFO      httpx2                         | HTTP Request: POST https://api.groq.com/openai/v1/chat/completions "HTTP/1.1 404 Not Found"
10:39:11  DEBUG     httpcore2.http11               | receive_response_body.started request=<Request [b'POST']>
10:39:11  DEBUG     httpcore2.http11               | receive_response_body.complete
10:39:11  DEBUG     httpcore2.http11               | response_closed.started
10:39:11  DEBUG     httpcore2.http11               | response_closed.complete
10:39:11  DEBUG     openai._base_client            | HTTP Response: POST 404
10:39:11  DEBUG     openai._base_client            | request_id: req_01m2hqg30weq1akx43myk1tmpc
10:39:11  DEBUG     openai._base_client            | Encountered an HTTP status error: 404
10:39:11  DEBUG     openai._base_client            | Not retrying
10:39:11  DEBUG     openai._base_client            | Re-raising status error
10:39:11  WARNING   gpt.client                     | Primary model llama-3.3-70b-versatile failed: Groq API call failed after 3 attempts. Last error: Error code: 404 - {'error': {'message': 'The model `llama-3.3-70b-versatile` does not exist or you do not have access to it.', 'type': 'invalid_request_error', 'code': 'model_not_found'}} — trying fallback llama3-70b-8192
10:39:11  DEBUG     gpt.client                     | Groq call attempt 1/3 model=llama3-70b-8192
10:39:11  DEBUG     openai._base_client            | Building HTTP request: method=POST retries_taken=0
10:39:11  DEBUG     openai._base_client            | Sending HTTP Request: POST
10:39:11  DEBUG     httpcore2.connection           | connect_tcp.started host='api.groq.com' port=443 local_address=None timeout=5.0 socket_options=None
10:39:11  DEBUG     httpcore2.connection           | connect_tcp.complete return_value=<httpcore2._backends.sync.SyncStream object at 0x00000218401CA8A0>
10:39:11  DEBUG     httpcore2.connection           | start_tls.started ssl_context=<truststore._api.SSLContext object at 0x00000218402BC5F0> server_hostname='api.groq.com' timeout=5.0
10:39:11  DEBUG     httpcore2.connection           | start_tls.complete return_value=<httpcore2._backends.sync.SyncStream object at 0x00000218401CA4E0>
10:39:11  DEBUG     httpcore2.http11               | send_request_headers.started request=<Request [b'POST']>
10:39:11  DEBUG     httpcore2.http11               | send_request_headers.complete
10:39:11  DEBUG     httpcore2.http11               | send_request_body.started request=<Request [b'POST']>
10:39:11  DEBUG     httpcore2.http11               | send_request_body.complete
10:39:11  DEBUG     httpcore2.http11               | receive_response_headers.started request=<Request [b'POST']>
10:39:11  DEBUG     httpcore2.http11               | receive_response_headers.complete return_value=(b'HTTP/1.1', 400, b'Bad Request', [(b'Date', b'Tue, 15 Sep 2026 05:09:08 GMT'), (b'Content-Type', b'application/json'), (b'Content-Length', b'276'), (b'Connection', b'keep-alive'), (b'Cache-Control', b'private, max-age=0, no-store, no-cache, must-revalidate'), (b'Server', b'cloudflare'), (b'vary', b'Origin'), (b'x-groq-region', b'bom'), (b'x-request-id', b'req_01m2hqg34eecpvechzvhngagvy'), (b'set-cookie', b'__cf_bm=H10v3AUMVptKs0xpoqUX0H92qmKDd4O5xdPsTFycuc8-1789448948.8575778-1.0.1.1-6.62cdR_KZB4D2dxcC7RyQGCX2IblbU49EGKEqrpyy5IqcvOBRBIctKravLgixs.PbJdpGoNkGw9JAyFEsanqCY5MuJe6bbg1yfpN9_.eolZC9jKsj8BEf3hnmdbZ5lk; HttpOnly; SameSite=None; Secure; Path=/; Domain=groq.com; Expires=Tue, 15 Sep 2026 05:39:08 GMT'), (b'via', b'1.1 google'), (b'Strict-Transport-Security', b'max-age=15552000'), (b'cf-cache-status', b'DYNAMIC'), (b'CF-RAY', b'a3b51e1a5b5658b8-MAA'), (b'alt-svc', b'h3=":443"; ma=86400')])
10:39:11  INFO      httpx2                         | HTTP Request: POST https://api.groq.com/openai/v1/chat/completions "HTTP/1.1 400 Bad Request"
10:39:11  DEBUG     httpcore2.http11               | receive_response_body.started request=<Request [b'POST']>
10:39:11  DEBUG     httpcore2.http11               | receive_response_body.complete
10:39:11  DEBUG     httpcore2.http11               | response_closed.started
10:39:11  DEBUG     httpcore2.http11               | response_closed.complete
10:39:11  DEBUG     openai._base_client            | HTTP Response: POST 400
10:39:11  DEBUG     openai._base_client            | request_id: req_01m2hqg34eecpvechzvhngagvy
10:39:11  DEBUG     openai._base_client            | Encountered an HTTP status error: 400
10:39:11  DEBUG     openai._base_client            | Not retrying
10:39:11  DEBUG     openai._base_client            | Re-raising status error
10:39:11  WARNING   gpt.client                     | Unexpected error attempt 1: Error code: 400 - {'error': {'message': 'The model `llama3-70b-8192` has been decommissioned and is no longer supported. Please refer to https://console.groq.com/docs/deprecations for a recommendation on which model to use instead.', 'type': 'invalid_request_error', 'code': 'model_decommissioned'}} — retrying...
10:39:13  DEBUG     gpt.client                     | Groq call attempt 2/3 model=llama3-70b-8192
10:39:13  DEBUG     openai._base_client            | Building HTTP request: method=POST retries_taken=0
10:39:13  DEBUG     openai._base_client            | Sending HTTP Request: POST
10:39:13  DEBUG     httpcore2.http11               | send_request_headers.started request=<Request [b'POST']>
10:39:13  DEBUG     httpcore2.http11               | send_request_headers.complete
10:39:13  DEBUG     httpcore2.http11               | send_request_body.started request=<Request [b'POST']>
10:39:13  DEBUG     httpcore2.http11               | send_request_body.complete
10:39:13  DEBUG     httpcore2.http11               | receive_response_headers.started request=<Request [b'POST']>
10:39:13  DEBUG     httpcore2.http11               | receive_response_headers.complete return_value=(b'HTTP/1.1', 400, b'Bad Request', [(b'Date', b'Tue, 15 Sep 2026 05:09:10 GMT'), (b'Content-Type', b'application/json'), (b'Content-Length', b'276'), (b'Connection', b'keep-alive'), (b'Cache-Control', b'private, max-age=0, no-store, no-cache, must-revalidate'), (b'Server', b'cloudflare'), (b'vary', b'Origin'), (b'x-groq-region', b'bom'), (b'x-request-id', b'req_01m2hqg54seaqaw8x5s4pjp3sn'), (b'Strict-Transport-Security', b'max-age=15552000'), (b'via', b'1.1 google'), (b'cf-cache-status', b'DYNAMIC'), (b'CF-RAY', b'a3b51e273ce358b8-MAA'), (b'alt-svc', b'h3=":443"; ma=86400')])
10:39:13  INFO      httpx2                         | HTTP Request: POST https://api.groq.com/openai/v1/chat/completions "HTTP/1.1 400 Bad Request"
10:39:13  DEBUG     httpcore2.http11               | receive_response_body.started request=<Request [b'POST']>
10:39:13  DEBUG     httpcore2.http11               | receive_response_body.complete
10:39:13  DEBUG     httpcore2.http11               | response_closed.started
10:39:13  DEBUG     httpcore2.http11               | response_closed.complete
10:39:13  DEBUG     openai._base_client            | HTTP Response: POST 400
10:39:13  DEBUG     openai._base_client            | request_id: req_01m2hqg54seaqaw8x5s4pjp3sn
10:39:13  DEBUG     openai._base_client            | Encountered an HTTP status error: 400
10:39:13  DEBUG     openai._base_client            | Not retrying
10:39:13  DEBUG     openai._base_client            | Re-raising status error
10:39:13  WARNING   gpt.client                     | Unexpected error attempt 2: Error code: 400 - {'error': {'message': 'The model `llama3-70b-8192` has been decommissioned and is no longer supported. Please refer to https://console.groq.com/docs/deprecations for a recommendation on which model to use instead.', 'type': 'invalid_request_error', 'code': 'model_decommissioned'}} — retrying...
10:39:17  DEBUG     gpt.client                     | Groq call attempt 3/3 model=llama3-70b-8192
10:39:17  DEBUG     openai._base_client            | Building HTTP request: method=POST retries_taken=0
10:39:17  DEBUG     openai._base_client            | Sending HTTP Request: POST
10:39:17  DEBUG     httpcore2.http11               | send_request_headers.started request=<Request [b'POST']>
10:39:17  DEBUG     httpcore2.http11               | send_request_headers.complete
10:39:17  DEBUG     httpcore2.http11               | send_request_body.started request=<Request [b'POST']>
10:39:17  DEBUG     httpcore2.http11               | send_request_body.complete
10:39:17  DEBUG     httpcore2.http11               | receive_response_headers.started request=<Request [b'POST']>
10:39:17  DEBUG     httpcore2.http11               | receive_response_headers.complete return_value=(b'HTTP/1.1', 400, b'Bad Request', [(b'Date', b'Tue, 15 Sep 2026 05:09:15 GMT'), (b'Content-Type', b'application/json'), (b'Content-Length', b'276'), (b'Connection', b'keep-alive'), (b'Cache-Control', b'private, max-age=0, no-store, no-cache, must-revalidate'), (b'Server', b'cloudflare'), (b'vary', b'Origin'), (b'x-groq-region', b'bom'), (b'x-request-id', b'req_01m2hqg93mezma6mm235yy3n57'), (b'Strict-Transport-Security', b'max-age=15552000'), (b'via', b'1.1 google'), (b'cf-cache-status', b'DYNAMIC'), (b'CF-RAY', b'a3b51e409fda58b8-MAA'), (b'alt-svc', b'h3=":443"; ma=86400')])
10:39:17  INFO      httpx2                         | HTTP Request: POST https://api.groq.com/openai/v1/chat/completions "HTTP/1.1 400 Bad Request"
10:39:17  DEBUG     httpcore2.http11               | receive_response_body.started request=<Request [b'POST']>
10:39:17  DEBUG     httpcore2.http11               | receive_response_body.complete
10:39:17  DEBUG     httpcore2.http11               | response_closed.started
10:39:17  DEBUG     httpcore2.http11               | response_closed.complete
10:39:17  DEBUG     openai._base_client            | HTTP Response: POST 400
10:39:17  DEBUG     openai._base_client            | request_id: req_01m2hqg93mezma6mm235yy3n57
10:39:17  DEBUG     openai._base_client            | Encountered an HTTP status error: 400
10:39:17  DEBUG     openai._base_client            | Not retrying
10:39:17  DEBUG     openai._base_client            | Re-raising status error
10:39:17  ERROR     gpt.extractor                  | GPT extraction failed for segment seg_003: Both Groq models failed.
Primary  (llama-3.3-70b-versatile): Groq API call failed after 3 attempts. Last error: Error code: 404 - {'error': {'message': 'The model `llama-3.3-70b-versatile` does not exist or you do not have access to it.', 'type': 'invalid_request_error', 'code': 'model_not_found'}}
Fallback (llama3-70b-8192): Groq API call failed after 3 attempts. Last error: Error code: 400 - {'error': {'message': 'The model `llama3-70b-8192` has been decommissioned and is no longer supported. Please refer to https://console.groq.com/docs/deprecations for a recommendation on which model to use instead.', 'type': 'invalid_request_error', 'code': 'model_decommissioned'}}
10:39:20  INFO      gpt.extractor                  | [4/51] segment=seg_004  pages=[3]  ~725 tokens  (elapsed=52s)
10:39:20  DEBUG     gpt.client                     | Groq call attempt 1/3 model=llama-3.3-70b-versatile
10:39:20  DEBUG     openai._base_client            | Building HTTP request: method=POST retries_taken=0
10:39:20  DEBUG     openai._base_client            | Sending HTTP Request: POST
10:39:20  DEBUG     httpcore2.connection           | connect_tcp.started host='api.groq.com' port=443 local_address=None timeout=5.0 socket_options=None
10:39:20  DEBUG     httpcore2.connection           | connect_tcp.complete return_value=<httpcore2._backends.sync.SyncStream object at 0x0000021840291FD0>
10:39:20  DEBUG     httpcore2.connection           | start_tls.started ssl_context=<truststore._api.SSLContext object at 0x00000218402BC690> server_hostname='api.groq.com' timeout=5.0
10:39:20  DEBUG     httpcore2.connection           | start_tls.complete return_value=<httpcore2._backends.sync.SyncStream object at 0x0000021840292890>
10:39:20  DEBUG     httpcore2.http11               | send_request_headers.started request=<Request [b'POST']>
10:39:20  DEBUG     httpcore2.http11               | send_request_headers.complete
10:39:20  DEBUG     httpcore2.http11               | send_request_body.started request=<Request [b'POST']>
10:39:20  DEBUG     httpcore2.http11               | send_request_body.complete
10:39:20  DEBUG     httpcore2.http11               | receive_response_headers.started request=<Request [b'POST']>
10:39:20  DEBUG     httpcore2.http11               | receive_response_headers.complete return_value=(b'HTTP/1.1', 404, b'Not Found', [(b'Date', b'Tue, 15 Sep 2026 05:09:17 GMT'), (b'Content-Type', b'application/json'), (b'Transfer-Encoding', b'chunked'), (b'Connection', b'keep-alive'), (b'Cache-Control', b'private, max-age=0, no-store, no-cache, must-revalidate'), (b'Server', b'cloudflare'), (b'vary', b'Origin'), (b'x-groq-region', b'bom'), (b'x-request-id', b'req_01m2hqgbpmee0adq9wsz33rpds'), (b'set-cookie', b'__cf_bm=DSJGSkylz2qePInBtJYWfM9tWQ3jvv1C1A2hQX7RNjk-1789448957.5903234-1.0.1.1-nkx8srM22530E1KIE5Wh5HQKRsAUshUfeeSDygIHYdGu7iVP71bNuZ7Q3ESbsxJKTvKoUvp.0f9izjdqTrdpjg1gu9TaBHsfROkFPPA0RY0P3MewPOjy6eDR9a_wtJuD; HttpOnly; SameSite=None; Secure; Path=/; Domain=groq.com; Expires=Tue, 15 Sep 2026 05:39:17 GMT'), (b'via', b'1.1 google'), (b'Strict-Transport-Security', b'max-age=15552000'), (b'cf-cache-status', b'DYNAMIC'), (b'Content-Encoding', b'gzip'), (b'CF-RAY', b'a3b51e50ec247eeb-MAA'), (b'alt-svc', b'h3=":443"; ma=86400')])
10:39:20  INFO      httpx2                         | HTTP Request: POST https://api.groq.com/openai/v1/chat/completions "HTTP/1.1 404 Not Found"
10:39:20  DEBUG     httpcore2.http11               | receive_response_body.started request=<Request [b'POST']>
10:39:20  DEBUG     httpcore2.http11               | receive_response_body.complete
10:39:20  DEBUG     httpcore2.http11               | response_closed.started
10:39:20  DEBUG     httpcore2.http11               | response_closed.complete
10:39:20  DEBUG     openai._base_client            | HTTP Response: POST 404
10:39:20  DEBUG     openai._base_client            | request_id: req_01m2hqgbpmee0adq9wsz33rpds
10:39:20  DEBUG     openai._base_client            | Encountered an HTTP status error: 404
10:39:20  DEBUG     openai._base_client            | Not retrying
10:39:20  DEBUG     openai._base_client            | Re-raising status error
10:39:20  WARNING   gpt.client                     | Unexpected error attempt 1: Error code: 404 - {'error': {'message': 'The model `llama-3.3-70b-versatile` does not exist or you do not have access to it.', 'type': 'invalid_request_error', 'code': 'model_not_found'}} — retrying...
10:39:22  DEBUG     gpt.client                     | Groq call attempt 2/3 model=llama-3.3-70b-versatile
10:39:22  DEBUG     openai._base_client            | Building HTTP request: method=POST retries_taken=0
10:39:22  DEBUG     openai._base_client            | Sending HTTP Request: POST
10:39:22  DEBUG     httpcore2.http11               | send_request_headers.started request=<Request [b'POST']>
10:39:22  DEBUG     httpcore2.http11               | send_request_headers.complete
10:39:22  DEBUG     httpcore2.http11               | send_request_body.started request=<Request [b'POST']>
10:39:22  DEBUG     httpcore2.http11               | send_request_body.complete
10:39:22  DEBUG     httpcore2.http11               | receive_response_headers.started request=<Request [b'POST']>
10:39:22  DEBUG     httpcore2.http11               | receive_response_headers.complete return_value=(b'HTTP/1.1', 404, b'Not Found', [(b'Date', b'Tue, 15 Sep 2026 05:09:20 GMT'), (b'Content-Type', b'application/json'), (b'Transfer-Encoding', b'chunked'), (b'Connection', b'keep-alive'), (b'Cache-Control', b'private, max-age=0, no-store, no-cache, must-revalidate'), (b'Server', b'cloudflare'), (b'vary', b'Origin'), (b'x-groq-region', b'bom'), (b'x-request-id', b'req_01m2hqgdpzeczb6gsyabws25p3'), (b'via', b'1.1 google'), (b'cf-cache-status', b'DYNAMIC'), (b'Strict-Transport-Security', b'max-age=15552000'), (b'Content-Encoding', b'gzip'), (b'CF-RAY', b'a3b51e5e0d4b7eeb-MAA'), (b'alt-svc', b'h3=":443"; ma=86400')])
10:39:22  INFO      httpx2                         | HTTP Request: POST https://api.groq.com/openai/v1/chat/completions "HTTP/1.1 404 Not Found"
10:39:22  DEBUG     httpcore2.http11               | receive_response_body.started request=<Request [b'POST']>
10:39:22  DEBUG     httpcore2.http11               | receive_response_body.complete
10:39:22  DEBUG     httpcore2.http11               | response_closed.started
10:39:22  DEBUG     httpcore2.http11               | response_closed.complete
10:39:22  DEBUG     openai._base_client            | HTTP Response: POST 404
10:39:22  DEBUG     openai._base_client            | request_id: req_01m2hqgdpzeczb6gsyabws25p3
10:39:22  DEBUG     openai._base_client            | Encountered an HTTP status error: 404
10:39:22  DEBUG     openai._base_client            | Not retrying
10:39:22  DEBUG     openai._base_client            | Re-raising status error
10:39:22  WARNING   gpt.client                     | Unexpected error attempt 2: Error code: 404 - {'error': {'message': 'The model `llama-3.3-70b-versatile` does not exist or you do not have access to it.', 'type': 'invalid_request_error', 'code': 'model_not_found'}} — retrying...
10:39:26  DEBUG     gpt.client                     | Groq call attempt 3/3 model=llama-3.3-70b-versatile
10:39:26  DEBUG     openai._base_client            | Building HTTP request: method=POST retries_taken=0
10:39:26  DEBUG     openai._base_client            | Sending HTTP Request: POST
10:39:26  DEBUG     httpcore2.http11               | send_request_headers.started request=<Request [b'POST']>
10:39:26  DEBUG     httpcore2.http11               | send_request_headers.complete
10:39:26  DEBUG     httpcore2.http11               | send_request_body.started request=<Request [b'POST']>
10:39:26  DEBUG     httpcore2.http11               | send_request_body.complete
10:39:26  DEBUG     httpcore2.http11               | receive_response_headers.started request=<Request [b'POST']>
10:39:26  DEBUG     httpcore2.http11               | receive_response_headers.complete return_value=(b'HTTP/1.1', 404, b'Not Found', [(b'Date', b'Tue, 15 Sep 2026 05:09:24 GMT'), (b'Content-Type', b'application/json'), (b'Transfer-Encoding', b'chunked'), (b'Connection', b'keep-alive'), (b'Cache-Control', b'private, max-age=0, no-store, no-cache, must-revalidate'), (b'Server', b'cloudflare'), (b'vary', b'Origin'), (b'x-groq-region', b'bom'), (b'x-request-id', b'req_01m2hqghzxegrs0kestvr74897'), (b'Strict-Transport-Security', b'max-age=15552000'), (b'via', b'1.1 google'), (b'cf-cache-status', b'DYNAMIC'), (b'Content-Encoding', b'gzip'), (b'CF-RAY', b'a3b51e796fa87eeb-MAA'), (b'alt-svc', b'h3=":443"; ma=86400')])
10:39:26  INFO      httpx2                         | HTTP Request: POST https://api.groq.com/openai/v1/chat/completions "HTTP/1.1 404 Not Found"
10:39:26  DEBUG     httpcore2.http11               | receive_response_body.started request=<Request [b'POST']>
10:39:26  DEBUG     httpcore2.http11               | receive_response_body.complete
10:39:26  DEBUG     httpcore2.http11               | response_closed.started
10:39:26  DEBUG     httpcore2.http11               | response_closed.complete
10:39:26  DEBUG     openai._base_client            | HTTP Response: POST 404
10:39:26  DEBUG     openai._base_client            | request_id: req_01m2hqghzxegrs0kestvr74897
10:39:26  DEBUG     openai._base_client            | Encountered an HTTP status error: 404
10:39:26  DEBUG     openai._base_client            | Not retrying
10:39:26  DEBUG     openai._base_client            | Re-raising status error
10:39:26  WARNING   gpt.client                     | Primary model llama-3.3-70b-versatile failed: Groq API call failed after 3 attempts. Last error: Error code: 404 - {'error': {'message': 'The model `llama-3.3-70b-versatile` does not exist or you do not have access to it.', 'type': 'invalid_request_error', 'code': 'model_not_found'}} — trying fallback llama3-70b-8192
10:39:26  DEBUG     gpt.client                     | Groq call attempt 1/3 model=llama3-70b-8192
10:39:26  DEBUG     openai._base_client            | Building HTTP request: method=POST retries_taken=0
10:39:26  DEBUG     openai._base_client            | Sending HTTP Request: POST
10:39:26  DEBUG     httpcore2.connection           | connect_tcp.started host='api.groq.com' port=443 local_address=None timeout=5.0 socket_options=None
10:39:26  DEBUG     httpcore2.connection           | connect_tcp.complete return_value=<httpcore2._backends.sync.SyncStream object at 0x00000218402D81F0>
10:39:26  DEBUG     httpcore2.connection           | start_tls.started ssl_context=<truststore._api.SSLContext object at 0x00000218402BCEB0> server_hostname='api.groq.com' timeout=5.0
10:39:26  DEBUG     httpcore2.connection           | start_tls.complete return_value=<httpcore2._backends.sync.SyncStream object at 0x000002184028D6D0>
10:39:26  DEBUG     httpcore2.http11               | send_request_headers.started request=<Request [b'POST']>
10:39:26  DEBUG     httpcore2.http11               | send_request_headers.complete
10:39:26  DEBUG     httpcore2.http11               | send_request_body.started request=<Request [b'POST']>
10:39:26  DEBUG     httpcore2.http11               | send_request_body.complete
10:39:26  DEBUG     httpcore2.http11               | receive_response_headers.started request=<Request [b'POST']>
10:39:26  DEBUG     httpcore2.http11               | receive_response_headers.complete return_value=(b'HTTP/1.1', 400, b'Bad Request', [(b'Date', b'Tue, 15 Sep 2026 05:09:24 GMT'), (b'Content-Type', b'application/json'), (b'Content-Length', b'276'), (b'Connection', b'keep-alive'), (b'Cache-Control', b'private, max-age=0, no-store, no-cache, must-revalidate'), (b'Server', b'cloudflare'), (b'vary', b'Origin'), (b'x-groq-region', b'bom'), (b'x-request-id', b'req_01m2hqgj44ezdtyptqh2t38eqt'), (b'set-cookie', b'__cf_bm=b875cXS.YuFUkXeYt1wnzl4bSE7_A75hhNLSqzfHL.s-1789448964.1938374-1.0.1.1-FfeQrUk.QbBYQW7dO8C2wBKrMi784dDTvo70lf_V4ojWEUEN8jdfmdC_z4kJFcAGewYxiOzGzjYwIrVMK6RF7aMX4tsqK0s6ZHeqHxYnnFI5nVh5dieglzewrGIm3uDh; HttpOnly; SameSite=None; Secure; Path=/; Domain=groq.com; Expires=Tue, 15 Sep 2026 05:39:24 GMT'), (b'via', b'1.1 google'), (b'Strict-Transport-Security', b'max-age=15552000'), (b'cf-cache-status', b'DYNAMIC'), (b'CF-RAY', b'a3b51e7a3d4d58b8-MAA'), (b'alt-svc', b'h3=":443"; ma=86400')])
10:39:26  INFO      httpx2                         | HTTP Request: POST https://api.groq.com/openai/v1/chat/completions "HTTP/1.1 400 Bad Request"
10:39:26  DEBUG     httpcore2.http11               | receive_response_body.started request=<Request [b'POST']>
10:39:26  DEBUG     httpcore2.http11               | receive_response_body.complete
10:39:26  DEBUG     httpcore2.http11               | response_closed.started
10:39:26  DEBUG     httpcore2.http11               | response_closed.complete
10:39:26  DEBUG     openai._base_client            | HTTP Response: POST 400
10:39:26  DEBUG     openai._base_client            | request_id: req_01m2hqgj44ezdtyptqh2t38eqt
10:39:26  DEBUG     openai._base_client            | Encountered an HTTP status error: 400
10:39:26  DEBUG     openai._base_client            | Not retrying
10:39:26  DEBUG     openai._base_client            | Re-raising status error
10:39:26  WARNING   gpt.client                     | Unexpected error attempt 1: Error code: 400 - {'error': {'message': 'The model `llama3-70b-8192` has been decommissioned and is no longer supported. Please refer to https://console.groq.com/docs/deprecations for a recommendation on which model to use instead.', 'type': 'invalid_request_error', 'code': 'model_decommissioned'}} — retrying...
10:39:28  DEBUG     gpt.client                     | Groq call attempt 2/3 model=llama3-70b-8192
10:39:28  DEBUG     openai._base_client            | Building HTTP request: method=POST retries_taken=0
10:39:28  DEBUG     openai._base_client            | Sending HTTP Request: POST
10:39:28  DEBUG     httpcore2.http11               | send_request_headers.started request=<Request [b'POST']>
10:39:28  DEBUG     httpcore2.http11               | send_request_headers.complete
10:39:28  DEBUG     httpcore2.http11               | send_request_body.started request=<Request [b'POST']>
10:39:28  DEBUG     httpcore2.http11               | send_request_body.complete
10:39:28  DEBUG     httpcore2.http11               | receive_response_headers.started request=<Request [b'POST']>
10:39:28  DEBUG     httpcore2.http11               | receive_response_headers.complete return_value=(b'HTTP/1.1', 400, b'Bad Request', [(b'Date', b'Tue, 15 Sep 2026 05:09:26 GMT'), (b'Content-Type', b'application/json'), (b'Content-Length', b'276'), (b'Connection', b'keep-alive'), (b'Cache-Control', b'private, max-age=0, no-store, no-cache, must-revalidate'), (b'Server', b'cloudflare'), (b'vary', b'Origin'), (b'x-groq-region', b'bom'), (b'x-request-id', b'req_01m2hqgm53edrsppkzasd1c029'), (b'Strict-Transport-Security', b'max-age=15552000'), (b'via', b'1.1 google'), (b'cf-cache-status', b'DYNAMIC'), (b'CF-RAY', b'a3b51e874cbf58b8-MAA'), (b'alt-svc', b'h3=":443"; ma=86400')])
10:39:28  INFO      httpx2                         | HTTP Request: POST https://api.groq.com/openai/v1/chat/completions "HTTP/1.1 400 Bad Request"
10:39:28  DEBUG     httpcore2.http11               | receive_response_body.started request=<Request [b'POST']>
10:39:28  DEBUG     httpcore2.http11               | receive_response_body.complete
10:39:28  DEBUG     httpcore2.http11               | response_closed.started
10:39:28  DEBUG     httpcore2.http11               | response_closed.complete
10:39:28  DEBUG     openai._base_client            | HTTP Response: POST 400
10:39:28  DEBUG     openai._base_client            | request_id: req_01m2hqgm53edrsppkzasd1c029
10:39:28  DEBUG     openai._base_client            | Encountered an HTTP status error: 400
10:39:28  DEBUG     openai._base_client            | Not retrying
10:39:28  DEBUG     openai._base_client            | Re-raising status error
10:39:28  WARNING   gpt.client                     | Unexpected error attempt 2: Error code: 400 - {'error': {'message': 'The model `llama3-70b-8192` has been decommissioned and is no longer supported. Please refer to https://console.groq.com/docs/deprecations for a recommendation on which model to use instead.', 'type': 'invalid_request_error', 'code': 'model_decommissioned'}} — retrying...
10:39:32  DEBUG     gpt.client                     | Groq call attempt 3/3 model=llama3-70b-8192
10:39:32  DEBUG     openai._base_client            | Building HTTP request: method=POST retries_taken=0
10:39:32  DEBUG     openai._base_client            | Sending HTTP Request: POST
10:39:32  DEBUG     httpcore2.http11               | send_request_headers.started request=<Request [b'POST']>
10:39:32  DEBUG     httpcore2.http11               | send_request_headers.complete
10:39:32  DEBUG     httpcore2.http11               | send_request_body.started request=<Request [b'POST']>
10:39:32  DEBUG     httpcore2.http11               | send_request_body.complete
10:39:32  DEBUG     httpcore2.http11               | receive_response_headers.started request=<Request [b'POST']>
10:39:32  DEBUG     httpcore2.http11               | receive_response_headers.complete return_value=(b'HTTP/1.1', 400, b'Bad Request', [(b'Date', b'Tue, 15 Sep 2026 05:09:30 GMT'), (b'Content-Type', b'application/json'), (b'Content-Length', b'276'), (b'Connection', b'keep-alive'), (b'Cache-Control', b'private, max-age=0, no-store, no-cache, must-revalidate'), (b'Server', b'cloudflare'), (b'vary', b'Origin'), (b'x-groq-region', b'bom'), (b'x-request-id', b'req_01m2hqgr4me3w8e02pen3pnh74'), (b'Strict-Transport-Security', b'max-age=15552000'), (b'via', b'1.1 google'), (b'cf-cache-status', b'DYNAMIC'), (b'CF-RAY', b'a3b51ea0a97a58b8-MAA'), (b'alt-svc', b'h3=":443"; ma=86400')])
10:39:32  INFO      httpx2                         | HTTP Request: POST https://api.groq.com/openai/v1/chat/completions "HTTP/1.1 400 Bad Request"
10:39:32  DEBUG     httpcore2.http11               | receive_response_body.started request=<Request [b'POST']>
10:39:32  DEBUG     httpcore2.http11               | receive_response_body.complete
10:39:32  DEBUG     httpcore2.http11               | response_closed.started
10:39:32  DEBUG     httpcore2.http11               | response_closed.complete
10:39:32  DEBUG     openai._base_client            | HTTP Response: POST 400
10:39:32  DEBUG     openai._base_client            | request_id: req_01m2hqgr4me3w8e02pen3pnh74
10:39:32  DEBUG     openai._base_client            | Encountered an HTTP status error: 400
10:39:32  DEBUG     openai._base_client            | Not retrying
10:39:32  DEBUG     openai._base_client            | Re-raising status error
10:39:32  ERROR     gpt.extractor                  | GPT extraction failed for segment seg_004: Both Groq models failed.
Primary  (llama-3.3-70b-versatile): Groq API call failed after 3 attempts. Last error: Error code: 404 - {'error': {'message': 'The model `llama-3.3-70b-versatile` does not exist or you do not have access to it.', 'type': 'invalid_request_error', 'code': 'model_not_found'}}
Fallback (llama3-70b-8192): Groq API call failed after 3 attempts. Last error: Error code: 400 - {'error': {'message': 'The model `llama3-70b-8192` has been decommissioned and is no longer supported. Please refer to https://console.groq.com/docs/deprecations for a recommendation on which model to use instead.', 'type': 'invalid_request_error', 'code': 'model_decommissioned'}}
10:39:35  INFO      gpt.extractor                  | [5/51] segment=seg_005  pages=[4]  ~567 tokens  (elapsed=68s)
10:39:35  DEBUG     gpt.client                     | Groq call attempt 1/3 model=llama-3.3-70b-versatile
10:39:35  DEBUG     openai._base_client            | Building HTTP request: method=POST retries_taken=0
10:39:35  DEBUG     openai._base_client            | Sending HTTP Request: POST
10:39:35  DEBUG     httpcore2.connection           | connect_tcp.started host='api.groq.com' port=443 local_address=None timeout=5.0 socket_options=None
10:39:35  DEBUG     httpcore2.connection           | connect_tcp.complete return_value=<httpcore2._backends.sync.SyncStream object at 0x000002184028CD10>
10:39:35  DEBUG     httpcore2.connection           | start_tls.started ssl_context=<truststore._api.SSLContext object at 0x00000218402BD3B0> server_hostname='api.groq.com' timeout=5.0
10:39:35  DEBUG     httpcore2.connection           | start_tls.complete return_value=<httpcore2._backends.sync.SyncStream object at 0x0000021840207070>
10:39:35  DEBUG     httpcore2.http11               | send_request_headers.started request=<Request [b'POST']>
10:39:35  DEBUG     httpcore2.http11               | send_request_headers.complete
10:39:35  DEBUG     httpcore2.http11               | send_request_body.started request=<Request [b'POST']>
10:39:35  DEBUG     httpcore2.http11               | send_request_body.complete
10:39:35  DEBUG     httpcore2.http11               | receive_response_headers.started request=<Request [b'POST']>
10:39:35  DEBUG     httpcore2.http11               | receive_response_headers.complete return_value=(b'HTTP/1.1', 404, b'Not Found', [(b'Date', b'Tue, 15 Sep 2026 05:09:33 GMT'), (b'Content-Type', b'application/json'), (b'Transfer-Encoding', b'chunked'), (b'Connection', b'keep-alive'), (b'Cache-Control', b'private, max-age=0, no-store, no-cache, must-revalidate'), (b'Server', b'cloudflare'), (b'vary', b'Origin'), (b'x-groq-region', b'bom'), (b'x-request-id', b'req_01m2hqgtr8e9dtngymszd7cqea'), (b'set-cookie', b'__cf_bm=gsE0KF4fP_a2XXoLUXX_t6HBp_uM50eGR_oE.bKqs70-1789448973.040959-1.0.1.1-FyqqMkcuUbye2_s7Q8Zq_Fex15Axoj4dfkeWQAeDEQV1HTBBhbU1qCsjq1wiIDjD4N7T9jz0NxOSDS7ZPMTMQHeqbsqXpYFQ8Ily9exAmoZNlA38dPqU3cZTz1CGucik; HttpOnly; SameSite=None; Secure; Path=/; Domain=groq.com; Expires=Tue, 15 Sep 2026 05:39:33 GMT'), (b'via', b'1.1 google'), (b'Strict-Transport-Security', b'max-age=15552000'), (b'cf-cache-status', b'DYNAMIC'), (b'Content-Encoding', b'gzip'), (b'CF-RAY', b'a3b51eb17ae6897b-MAA'), (b'alt-svc', b'h3=":443"; ma=86400')])
10:39:35  INFO      httpx2                         | HTTP Request: POST https://api.groq.com/openai/v1/chat/completions "HTTP/1.1 404 Not Found"
10:39:35  DEBUG     httpcore2.http11               | receive_response_body.started request=<Request [b'POST']>
10:39:35  DEBUG     httpcore2.http11               | receive_response_body.complete
10:39:35  DEBUG     httpcore2.http11               | response_closed.started
10:39:35  DEBUG     httpcore2.http11               | response_closed.complete
10:39:35  DEBUG     openai._base_client            | HTTP Response: POST 404
10:39:35  DEBUG     openai._base_client            | request_id: req_01m2hqgtr8e9dtngymszd7cqea
10:39:35  DEBUG     openai._base_client            | Encountered an HTTP status error: 404
10:39:35  DEBUG     openai._base_client            | Not retrying
10:39:35  DEBUG     openai._base_client            | Re-raising status error
10:39:35  WARNING   gpt.client                     | Unexpected error attempt 1: Error code: 404 - {'error': {'message': 'The model `llama-3.3-70b-versatile` does not exist or you do not have access to it.', 'type': 'invalid_request_error', 'code': 'model_not_found'}} — retrying...
10:39:37  DEBUG     gpt.client                     | Groq call attempt 2/3 model=llama-3.3-70b-versatile
10:39:37  DEBUG     openai._base_client            | Building HTTP request: method=POST retries_taken=0
10:39:37  DEBUG     openai._base_client            | Sending HTTP Request: POST
10:39:37  DEBUG     httpcore2.http11               | send_request_headers.started request=<Request [b'POST']>
10:39:37  DEBUG     httpcore2.http11               | send_request_headers.complete
10:39:37  DEBUG     httpcore2.http11               | send_request_body.started request=<Request [b'POST']>
10:39:37  DEBUG     httpcore2.http11               | send_request_body.complete
10:39:37  DEBUG     httpcore2.http11               | receive_response_headers.started request=<Request [b'POST']>
10:39:37  DEBUG     httpcore2.http11               | receive_response_headers.complete return_value=(b'HTTP/1.1', 404, b'Not Found', [(b'Date', b'Tue, 15 Sep 2026 05:09:35 GMT'), (b'Content-Type', b'application/json'), (b'Transfer-Encoding', b'chunked'), (b'Connection', b'keep-alive'), (b'Cache-Control', b'private, max-age=0, no-store, no-cache, must-revalidate'), (b'Server', b'cloudflare'), (b'vary', b'Origin'), (b'x-groq-region', b'bom'), (b'x-request-id', b'req_01m2hqgws0eka93xga5r4t6e2g'), (b'Strict-Transport-Security', b'max-age=15552000'), (b'via', b'1.1 google'), (b'cf-cache-status', b'DYNAMIC'), (b'Content-Encoding', b'gzip'), (b'CF-RAY', b'a3b51ebe784e897b-MAA'), (b'alt-svc', b'h3=":443"; ma=86400')])
10:39:37  INFO      httpx2                         | HTTP Request: POST https://api.groq.com/openai/v1/chat/completions "HTTP/1.1 404 Not Found"
10:39:37  DEBUG     httpcore2.http11               | receive_response_body.started request=<Request [b'POST']>
10:39:37  DEBUG     httpcore2.http11               | receive_response_body.complete
10:39:37  DEBUG     httpcore2.http11               | response_closed.started
10:39:37  DEBUG     httpcore2.http11               | response_closed.complete
10:39:37  DEBUG     openai._base_client            | HTTP Response: POST 404
10:39:37  DEBUG     openai._base_client            | request_id: req_01m2hqgws0eka93xga5r4t6e2g
10:39:37  DEBUG     openai._base_client            | Encountered an HTTP status error: 404
10:39:37  DEBUG     openai._base_client            | Not retrying
10:39:37  DEBUG     openai._base_client            | Re-raising status error
10:39:37  WARNING   gpt.client                     | Unexpected error attempt 2: Error code: 404 - {'error': {'message': 'The model `llama-3.3-70b-versatile` does not exist or you do not have access to it.', 'type': 'invalid_request_error', 'code': 'model_not_found'}} — retrying...
10:39:41  DEBUG     gpt.client                     | Groq call attempt 3/3 model=llama-3.3-70b-versatile
10:39:41  DEBUG     openai._base_client            | Building HTTP request: method=POST retries_taken=0
10:39:41  DEBUG     openai._base_client            | Sending HTTP Request: POST
10:39:41  DEBUG     httpcore2.http11               | send_request_headers.started request=<Request [b'POST']>
10:39:41  DEBUG     httpcore2.http11               | send_request_headers.complete
10:39:41  DEBUG     httpcore2.http11               | send_request_body.started request=<Request [b'POST']>
10:39:41  DEBUG     httpcore2.http11               | send_request_body.complete
10:39:41  DEBUG     httpcore2.http11               | receive_response_headers.started request=<Request [b'POST']>
10:39:41  DEBUG     httpcore2.http11               | receive_response_headers.complete return_value=(b'HTTP/1.1', 404, b'Not Found', [(b'Date', b'Tue, 15 Sep 2026 05:09:39 GMT'), (b'Content-Type', b'application/json'), (b'Transfer-Encoding', b'chunked'), (b'Connection', b'keep-alive'), (b'Cache-Control', b'private, max-age=0, no-store, no-cache, must-revalidate'), (b'Server', b'cloudflare'), (b'vary', b'Origin'), (b'x-groq-region', b'bom'), (b'x-request-id', b'req_01m2hqh0qremntyj5e0khyvpfc'), (b'Strict-Transport-Security', b'max-age=15552000'), (b'via', b'1.1 google'), (b'cf-cache-status', b'DYNAMIC'), (b'Content-Encoding', b'gzip'), (b'CF-RAY', b'a3b51ed7cb7a897b-MAA'), (b'alt-svc', b'h3=":443"; ma=86400')])
10:39:41  INFO      httpx2                         | HTTP Request: POST https://api.groq.com/openai/v1/chat/completions "HTTP/1.1 404 Not Found"
10:39:41  DEBUG     httpcore2.http11               | receive_response_body.started request=<Request [b'POST']>
10:39:41  DEBUG     httpcore2.http11               | receive_response_body.complete
10:39:41  DEBUG     httpcore2.http11               | response_closed.started
10:39:41  DEBUG     httpcore2.http11               | response_closed.complete
10:39:41  DEBUG     openai._base_client            | HTTP Response: POST 404
10:39:41  DEBUG     openai._base_client            | request_id: req_01m2hqh0qremntyj5e0khyvpfc
10:39:41  DEBUG     openai._base_client            | Encountered an HTTP status error: 404
10:39:41  DEBUG     openai._base_client            | Not retrying
10:39:41  DEBUG     openai._base_client            | Re-raising status error
10:39:41  WARNING   gpt.client                     | Primary model llama-3.3-70b-versatile failed: Groq API call failed after 3 attempts. Last error: Error code: 404 - {'error': {'message': 'The model `llama-3.3-70b-versatile` does not exist or you do not have access to it.', 'type': 'invalid_request_error', 'code': 'model_not_found'}} — trying fallback llama3-70b-8192
10:39:41  DEBUG     gpt.client                     | Groq call attempt 1/3 model=llama3-70b-8192
10:39:41  DEBUG     openai._base_client            | Building HTTP request: method=POST retries_taken=0
10:39:41  DEBUG     openai._base_client            | Sending HTTP Request: POST
10:39:41  DEBUG     httpcore2.connection           | connect_tcp.started host='api.groq.com' port=443 local_address=None timeout=5.0 socket_options=None
10:39:41  DEBUG     httpcore2.connection           | connect_tcp.complete return_value=<httpcore2._backends.sync.SyncStream object at 0x0000021840206200>
10:39:41  DEBUG     httpcore2.connection           | start_tls.started ssl_context=<truststore._api.SSLContext object at 0x00000218402BDDB0> server_hostname='api.groq.com' timeout=5.0
10:39:41  DEBUG     httpcore2.connection           | start_tls.complete return_value=<httpcore2._backends.sync.SyncStream object at 0x00000218402BCFF0>
10:39:41  DEBUG     httpcore2.http11               | send_request_headers.started request=<Request [b'POST']>
10:39:41  DEBUG     httpcore2.http11               | send_request_headers.complete
10:39:41  DEBUG     httpcore2.http11               | send_request_body.started request=<Request [b'POST']>
10:39:41  DEBUG     httpcore2.http11               | send_request_body.complete
10:39:41  DEBUG     httpcore2.http11               | receive_response_headers.started request=<Request [b'POST']>
10:39:41  DEBUG     httpcore2.http11               | receive_response_headers.complete return_value=(b'HTTP/1.1', 400, b'Bad Request', [(b'Date', b'Tue, 15 Sep 2026 05:09:39 GMT'), (b'Content-Type', b'application/json'), (b'Content-Length', b'276'), (b'Connection', b'keep-alive'), (b'Cache-Control', b'private, max-age=0, no-store, no-cache, must-revalidate'), (b'Server', b'cloudflare'), (b'vary', b'Origin'), (b'x-groq-region', b'bom'), (b'x-request-id', b'req_01m2hqh0vfea79qx1e7s5fp5wq'), (b'set-cookie', b'__cf_bm=67DTiCUIS4i302UhND7IGOIMfeTumTVKjmtm.NDHLpU-1789448979.2802224-1.0.1.1-mAAR.O.PNmyrXCBZZmrzd84ItMyUA_vVEpxajNAuohoc7XXlgkzWEruZ.WCNB9AoNWN6kE647h6NzztOyqcDI5JjvyJMmS9MAoQZ3PkKYN_qYcJO7ZHas5X7nZU3ROFa; HttpOnly; SameSite=None; Secure; Path=/; Domain=groq.com; Expires=Tue, 15 Sep 2026 05:39:39 GMT'), (b'via', b'1.1 google'), (b'Strict-Transport-Security', b'max-age=15552000'), (b'cf-cache-status', b'DYNAMIC'), (b'CF-RAY', b'a3b51ed8790cfc42-MAA'), (b'alt-svc', b'h3=":443"; ma=86400')])
10:39:41  INFO      httpx2                         | HTTP Request: POST https://api.groq.com/openai/v1/chat/completions "HTTP/1.1 400 Bad Request"
10:39:41  DEBUG     httpcore2.http11               | receive_response_body.started request=<Request [b'POST']>
10:39:41  DEBUG     httpcore2.http11               | receive_response_body.complete
10:39:41  DEBUG     httpcore2.http11               | response_closed.started
10:39:41  DEBUG     httpcore2.http11               | response_closed.complete
10:39:41  DEBUG     openai._base_client            | HTTP Response: POST 400
10:39:41  DEBUG     openai._base_client            | request_id: req_01m2hqh0vfea79qx1e7s5fp5wq
10:39:41  DEBUG     openai._base_client            | Encountered an HTTP status error: 400
10:39:41  DEBUG     openai._base_client            | Not retrying
10:39:41  DEBUG     openai._base_client            | Re-raising status error
10:39:41  WARNING   gpt.client                     | Unexpected error attempt 1: Error code: 400 - {'error': {'message': 'The model `llama3-70b-8192` has been decommissioned and is no longer supported. Please refer to https://console.groq.com/docs/deprecations for a recommendation on which model to use instead.', 'type': 'invalid_request_error', 'code': 'model_decommissioned'}} — retrying...
10:39:43  DEBUG     gpt.client                     | Groq call attempt 2/3 model=llama3-70b-8192
10:39:43  DEBUG     openai._base_client            | Building HTTP request: method=POST retries_taken=0
10:39:43  DEBUG     openai._base_client            | Sending HTTP Request: POST
10:39:43  DEBUG     httpcore2.http11               | send_request_headers.started request=<Request [b'POST']>
10:39:43  DEBUG     httpcore2.http11               | send_request_headers.complete
10:39:43  DEBUG     httpcore2.http11               | send_request_body.started request=<Request [b'POST']>
10:39:43  DEBUG     httpcore2.http11               | send_request_body.complete
10:39:43  DEBUG     httpcore2.http11               | receive_response_headers.started request=<Request [b'POST']>
10:39:43  DEBUG     httpcore2.http11               | receive_response_headers.complete return_value=(b'HTTP/1.1', 400, b'Bad Request', [(b'Date', b'Tue, 15 Sep 2026 05:09:41 GMT'), (b'Content-Type', b'application/json'), (b'Content-Length', b'276'), (b'Connection', b'keep-alive'), (b'Cache-Control', b'private, max-age=0, no-store, no-cache, must-revalidate'), (b'Server', b'cloudflare'), (b'vary', b'Origin'), (b'x-groq-region', b'bom'), (b'x-request-id', b'req_01m2hqh2vxemebrp8yjknqne7f'), (b'Strict-Transport-Security', b'max-age=15552000'), (b'via', b'1.1 google'), (b'cf-cache-status', b'DYNAMIC'), (b'CF-RAY', b'a3b51ee56d6efc42-MAA'), (b'alt-svc', b'h3=":443"; ma=86400')])
10:39:43  INFO      httpx2                         | HTTP Request: POST https://api.groq.com/openai/v1/chat/completions "HTTP/1.1 400 Bad Request"
10:39:43  DEBUG     httpcore2.http11               | receive_response_body.started request=<Request [b'POST']>
10:39:43  DEBUG     httpcore2.http11               | receive_response_body.complete
10:39:43  DEBUG     httpcore2.http11               | response_closed.started
10:39:43  DEBUG     httpcore2.http11               | response_closed.complete
10:39:43  DEBUG     openai._base_client            | HTTP Response: POST 400
10:39:43  DEBUG     openai._base_client            | request_id: req_01m2hqh2vxemebrp8yjknqne7f
10:39:43  DEBUG     openai._base_client            | Encountered an HTTP status error: 400
10:39:43  DEBUG     openai._base_client            | Not retrying
10:39:43  DEBUG     openai._base_client            | Re-raising status error
10:39:43  WARNING   gpt.client                     | Unexpected error attempt 2: Error code: 400 - {'error': {'message': 'The model `llama3-70b-8192` has been decommissioned and is no longer supported. Please refer to https://console.groq.com/docs/deprecations for a recommendation on which model to use instead.', 'type': 'invalid_request_error', 'code': 'model_decommissioned'}} — retrying...
10:39:47  DEBUG     gpt.client                     | Groq call attempt 3/3 model=llama3-70b-8192
10:39:47  DEBUG     openai._base_client            | Building HTTP request: method=POST retries_taken=0
10:39:47  DEBUG     openai._base_client            | Sending HTTP Request: POST
10:39:47  DEBUG     httpcore2.http11               | send_request_headers.started request=<Request [b'POST']>
10:39:47  DEBUG     httpcore2.http11               | send_request_headers.complete
10:39:47  DEBUG     httpcore2.http11               | send_request_body.started request=<Request [b'POST']>
10:39:47  DEBUG     httpcore2.http11               | send_request_body.complete
10:39:47  DEBUG     httpcore2.http11               | receive_response_headers.started request=<Request [b'POST']>
10:39:47  DEBUG     httpcore2.http11               | receive_response_headers.complete return_value=(b'HTTP/1.1', 400, b'Bad Request', [(b'Date', b'Tue, 15 Sep 2026 05:09:45 GMT'), (b'Content-Type', b'application/json'), (b'Content-Length', b'276'), (b'Connection', b'keep-alive'), (b'Cache-Control', b'private, max-age=0, no-store, no-cache, must-revalidate'), (b'Server', b'cloudflare'), (b'vary', b'Origin'), (b'x-groq-region', b'bom'), (b'x-request-id', b'req_01m2hqh6the1ctegytec1b11p5'), (b'Strict-Transport-Security', b'max-age=15552000'), (b'via', b'1.1 google'), (b'cf-cache-status', b'DYNAMIC'), (b'CF-RAY', b'a3b51efec855fc42-MAA'), (b'alt-svc', b'h3=":443"; ma=86400')])
10:39:47  INFO      httpx2                         | HTTP Request: POST https://api.groq.com/openai/v1/chat/completions "HTTP/1.1 400 Bad Request"
10:39:47  DEBUG     httpcore2.http11               | receive_response_body.started request=<Request [b'POST']>
10:39:47  DEBUG     httpcore2.http11               | receive_response_body.complete
10:39:47  DEBUG     httpcore2.http11               | response_closed.started
10:39:47  DEBUG     httpcore2.http11               | response_closed.complete
10:39:47  DEBUG     openai._base_client            | HTTP Response: POST 400
10:39:47  DEBUG     openai._base_client            | request_id: req_01m2hqh6the1ctegytec1b11p5
10:39:47  DEBUG     openai._base_client            | Encountered an HTTP status error: 400
10:39:47  DEBUG     openai._base_client            | Not retrying
10:39:47  DEBUG     openai._base_client            | Re-raising status error
10:39:47  ERROR     gpt.extractor                  | GPT extraction failed for segment seg_005: Both Groq models failed.
Primary  (llama-3.3-70b-versatile): Groq API call failed after 3 attempts. Last error: Error code: 404 - {'error': {'message': 'The model `llama-3.3-70b-versatile` does not exist or you do not have access to it.', 'type': 'invalid_request_error', 'code': 'model_not_found'}}
Fallback (llama3-70b-8192): Groq API call failed after 3 attempts. Last error: Error code: 400 - {'error': {'message': 'The model `llama3-70b-8192` has been decommissioned and is no longer supported. Please refer to https://console.groq.com/docs/deprecations for a recommendation on which model to use instead.', 'type': 'invalid_request_error', 'code': 'model_decommissioned'}}
10:39:50  INFO      gpt.extractor                  | [6/51] segment=seg_006  pages=[5, 6]  ~669 tokens  (elapsed=83s)
10:39:50  DEBUG     gpt.client                     | Groq call attempt 1/3 model=llama-3.3-70b-versatile
10:39:50  DEBUG     openai._base_client            | Building HTTP request: method=POST retries_taken=0
10:39:50  DEBUG     openai._base_client            | Sending HTTP Request: POST
10:39:50  DEBUG     httpcore2.connection           | connect_tcp.started host='api.groq.com' port=443 local_address=None timeout=5.0 socket_options=None
10:39:50  DEBUG     httpcore2.connection           | connect_tcp.complete return_value=<httpcore2._backends.sync.SyncStream object at 0x00000218402BE3F0>
10:39:50  DEBUG     httpcore2.connection           | start_tls.started ssl_context=<truststore._api.SSLContext object at 0x00000218402BDC70> server_hostname='api.groq.com' timeout=5.0
10:39:50  DEBUG     httpcore2.connection           | close.started
10:39:50  DEBUG     httpcore2.connection           | close.complete
10:39:50  DEBUG     httpcore2.connection           | close.started
10:39:50  DEBUG     httpcore2.connection           | close.complete
10:39:50  DEBUG     httpcore2.connection           | close.started
10:39:50  DEBUG     httpcore2.connection           | close.complete
10:39:50  DEBUG     httpcore2.connection           | close.started
10:39:50  DEBUG     httpcore2.connection           | close.complete
10:39:50  DEBUG     httpcore2.connection           | close.started
10:39:50  DEBUG     httpcore2.connection           | close.complete
10:39:50  DEBUG     httpcore2.connection           | close.started
10:39:50  DEBUG     httpcore2.connection           | close.complete
10:39:50  DEBUG     httpcore2.connection           | close.started
10:39:50  DEBUG     httpcore2.connection           | close.complete
10:39:50  DEBUG     httpcore2.connection           | close.started
10:39:50  DEBUG     httpcore2.connection           | close.complete
10:39:50  DEBUG     httpcore2.connection           | start_tls.complete return_value=<httpcore2._backends.sync.SyncStream object at 0x0000021840245400>
10:39:50  DEBUG     httpcore2.http11               | send_request_headers.started request=<Request [b'POST']>
10:39:50  DEBUG     httpcore2.http11               | send_request_headers.complete
10:39:50  DEBUG     httpcore2.http11               | send_request_body.started request=<Request [b'POST']>
10:39:50  DEBUG     httpcore2.http11               | send_request_body.complete
10:39:50  DEBUG     httpcore2.http11               | receive_response_headers.started request=<Request [b'POST']>
10:39:50  DEBUG     httpcore2.http11               | receive_response_headers.complete return_value=(b'HTTP/1.1', 404, b'Not Found', [(b'Date', b'Tue, 15 Sep 2026 05:09:48 GMT'), (b'Content-Type', b'application/json'), (b'Transfer-Encoding', b'chunked'), (b'Connection', b'keep-alive'), (b'Cache-Control', b'private, max-age=0, no-store, no-cache, must-revalidate'), (b'Server', b'cloudflare'), (b'vary', b'Origin'), (b'x-groq-region', b'bom'), (b'x-request-id', b'req_01m2hqh9ceeh2t85j8wapjd6j5'), (b'set-cookie', b'__cf_bm=GCnrI1YMxYvcctw0Wx2SSE1VHqy5H1uImtW8rG7hFdU-1789448988.020707-1.0.1.1-X7okS9kMZdkqmEPlnWzRsCSg8Fk80QDj4CyTPaPKtq_0K7tsXLMRyjjcqQz_HWhs4DX1CNLP.mUn5gBQIyvs1QXLm_S10Frq1BMSkERhvbHWfLxGk9Q.S8h5y9ZBy6WF; HttpOnly; SameSite=None; Secure; Path=/; Domain=groq.com; Expires=Tue, 15 Sep 2026 05:39:48 GMT'), (b'via', b'1.1 google'), (b'Strict-Transport-Security', b'max-age=15552000'), (b'cf-cache-status', b'DYNAMIC'), (b'Content-Encoding', b'gzip'), (b'CF-RAY', b'a3b51f0f1c2f58c9-MAA'), (b'alt-svc', b'h3=":443"; ma=86400')])
10:39:50  INFO      httpx2                         | HTTP Request: POST https://api.groq.com/openai/v1/chat/completions "HTTP/1.1 404 Not Found"
10:39:50  DEBUG     httpcore2.http11               | receive_response_body.started request=<Request [b'POST']>
10:39:50  DEBUG     httpcore2.http11               | receive_response_body.complete
10:39:50  DEBUG     httpcore2.http11               | response_closed.started
10:39:50  DEBUG     httpcore2.http11               | response_closed.complete
10:39:50  DEBUG     openai._base_client            | HTTP Response: POST 404
10:39:50  DEBUG     openai._base_client            | request_id: req_01m2hqh9ceeh2t85j8wapjd6j5
10:39:50  DEBUG     openai._base_client            | Encountered an HTTP status error: 404
10:39:50  DEBUG     openai._base_client            | Not retrying
10:39:50  DEBUG     openai._base_client            | Re-raising status error
10:39:50  WARNING   gpt.client                     | Unexpected error attempt 1: Error code: 404 - {'error': {'message': 'The model `llama-3.3-70b-versatile` does not exist or you do not have access to it.', 'type': 'invalid_request_error', 'code': 'model_not_found'}} — retrying...
10:39:52  DEBUG     gpt.client                     | Groq call attempt 2/3 model=llama-3.3-70b-versatile
10:39:52  DEBUG     openai._base_client            | Building HTTP request: method=POST retries_taken=0
10:39:52  DEBUG     openai._base_client            | Sending HTTP Request: POST
10:39:52  DEBUG     httpcore2.http11               | send_request_headers.started request=<Request [b'POST']>
10:39:52  DEBUG     httpcore2.http11               | send_request_headers.complete
10:39:52  DEBUG     httpcore2.http11               | send_request_body.started request=<Request [b'POST']>
10:39:52  DEBUG     httpcore2.http11               | send_request_body.complete
10:39:52  DEBUG     httpcore2.http11               | receive_response_headers.started request=<Request [b'POST']>
10:39:52  DEBUG     httpcore2.http11               | receive_response_headers.complete return_value=(b'HTTP/1.1', 404, b'Not Found', [(b'Date', b'Tue, 15 Sep 2026 05:09:50 GMT'), (b'Content-Type', b'application/json'), (b'Transfer-Encoding', b'chunked'), (b'Connection', b'keep-alive'), (b'Cache-Control', b'private, max-age=0, no-store, no-cache, must-revalidate'), (b'Server', b'cloudflare'), (b'vary', b'Origin'), (b'x-groq-region', b'bom'), (b'x-request-id', b'req_01m2hqhbd0ewv98f5cdr74nfxn'), (b'Strict-Transport-Security', b'max-age=15552000'), (b'via', b'1.1 google'), (b'cf-cache-status', b'DYNAMIC'), (b'Content-Encoding', b'gzip'), (b'CF-RAY', b'a3b51f1c0e8d58c9-MAA'), (b'alt-svc', b'h3=":443"; ma=86400')])
10:39:52  INFO      httpx2                         | HTTP Request: POST https://api.groq.com/openai/v1/chat/completions "HTTP/1.1 404 Not Found"
10:39:52  DEBUG     httpcore2.http11               | receive_response_body.started request=<Request [b'POST']>
10:39:52  DEBUG     httpcore2.http11               | receive_response_body.complete
10:39:52  DEBUG     httpcore2.http11               | response_closed.started
10:39:52  DEBUG     httpcore2.http11               | response_closed.complete
10:39:52  DEBUG     openai._base_client            | HTTP Response: POST 404
10:39:52  DEBUG     openai._base_client            | request_id: req_01m2hqhbd0ewv98f5cdr74nfxn
10:39:52  DEBUG     openai._base_client            | Encountered an HTTP status error: 404
10:39:52  DEBUG     openai._base_client            | Not retrying
10:39:52  DEBUG     openai._base_client            | Re-raising status error
10:39:52  WARNING   gpt.client                     | Unexpected error attempt 2: Error code: 404 - {'error': {'message': 'The model `llama-3.3-70b-versatile` does not exist or you do not have access to it.', 'type': 'invalid_request_error', 'code': 'model_not_found'}} — retrying...
10:39:56  DEBUG     gpt.client                     | Groq call attempt 3/3 model=llama-3.3-70b-versatile
10:39:56  DEBUG     openai._base_client            | Building HTTP request: method=POST retries_taken=0
10:39:56  DEBUG     openai._base_client            | Sending HTTP Request: POST
10:39:56  DEBUG     httpcore2.http11               | send_request_headers.started request=<Request [b'POST']>
10:39:56  DEBUG     httpcore2.http11               | send_request_headers.complete
10:39:56  DEBUG     httpcore2.http11               | send_request_body.started request=<Request [b'POST']>
10:39:56  DEBUG     httpcore2.http11               | send_request_body.complete
10:39:56  DEBUG     httpcore2.http11               | receive_response_headers.started request=<Request [b'POST']>
10:39:56  DEBUG     httpcore2.http11               | receive_response_headers.complete return_value=(b'HTTP/1.1', 404, b'Not Found', [(b'Date', b'Tue, 15 Sep 2026 05:09:54 GMT'), (b'Content-Type', b'application/json'), (b'Transfer-Encoding', b'chunked'), (b'Connection', b'keep-alive'), (b'Cache-Control', b'private, max-age=0, no-store, no-cache, must-revalidate'), (b'Server', b'cloudflare'), (b'vary', b'Origin'), (b'x-groq-region', b'bom'), (b'x-request-id', b'req_01m2hqhfc3eadae6rdy7gn0jh4'), (b'Strict-Transport-Security', b'max-age=15552000'), (b'via', b'1.1 google'), (b'cf-cache-status', b'DYNAMIC'), (b'Content-Encoding', b'gzip'), (b'CF-RAY', b'a3b51f357fbf58c9-MAA'), (b'alt-svc', b'h3=":443"; ma=86400')])
10:39:56  INFO      httpx2                         | HTTP Request: POST https://api.groq.com/openai/v1/chat/completions "HTTP/1.1 404 Not Found"
10:39:56  DEBUG     httpcore2.http11               | receive_response_body.started request=<Request [b'POST']>
10:39:56  DEBUG     httpcore2.http11               | receive_response_body.complete
10:39:56  DEBUG     httpcore2.http11               | response_closed.started
10:39:56  DEBUG     httpcore2.http11               | response_closed.complete
10:39:56  DEBUG     openai._base_client            | HTTP Response: POST 404
10:39:56  DEBUG     openai._base_client            | request_id: req_01m2hqhfc3eadae6rdy7gn0jh4
10:39:56  DEBUG     openai._base_client            | Encountered an HTTP status error: 404
10:39:56  DEBUG     openai._base_client            | Not retrying
10:39:56  DEBUG     openai._base_client            | Re-raising status error
10:39:56  WARNING   gpt.client                     | Primary model llama-3.3-70b-versatile failed: Groq API call failed after 3 attempts. Last error: Error code: 404 - {'error': {'message': 'The model `llama-3.3-70b-versatile` does not exist or you do not have access to it.', 'type': 'invalid_request_error', 'code': 'model_not_found'}} — trying fallback llama3-70b-8192
10:39:56  DEBUG     gpt.client                     | Groq call attempt 1/3 model=llama3-70b-8192
10:39:56  DEBUG     openai._base_client            | Building HTTP request: method=POST retries_taken=0
10:39:56  DEBUG     openai._base_client            | Sending HTTP Request: POST
10:39:56  DEBUG     httpcore2.connection           | connect_tcp.started host='api.groq.com' port=443 local_address=None timeout=5.0 socket_options=None
10:39:56  DEBUG     httpcore2.connection           | connect_tcp.complete return_value=<httpcore2._backends.sync.SyncStream object at 0x00000218402CB2D0>
10:39:56  DEBUG     httpcore2.connection           | start_tls.started ssl_context=<truststore._api.SSLContext object at 0x000002180F750730> server_hostname='api.groq.com' timeout=5.0
10:39:56  DEBUG     httpcore2.connection           | start_tls.complete return_value=<httpcore2._backends.sync.SyncStream object at 0x00000218402CA3D0>
10:39:56  DEBUG     httpcore2.http11               | send_request_headers.started request=<Request [b'POST']>
10:39:56  DEBUG     httpcore2.http11               | send_request_headers.complete
10:39:56  DEBUG     httpcore2.http11               | send_request_body.started request=<Request [b'POST']>
10:39:56  DEBUG     httpcore2.http11               | send_request_body.complete
10:39:56  DEBUG     httpcore2.http11               | receive_response_headers.started request=<Request [b'POST']>
10:39:56  DEBUG     httpcore2.http11               | receive_response_headers.complete return_value=(b'HTTP/1.1', 400, b'Bad Request', [(b'Date', b'Tue, 15 Sep 2026 05:09:54 GMT'), (b'Content-Type', b'application/json'), (b'Content-Length', b'276'), (b'Connection', b'keep-alive'), (b'Cache-Control', b'private, max-age=0, no-store, no-cache, must-revalidate'), (b'Server', b'cloudflare'), (b'vary', b'Origin'), (b'x-groq-region', b'bom'), (b'x-request-id', b'req_01m2hqhffmeeaafh4y4gsapbfd'), (b'set-cookie', b'__cf_bm=ut6kQlkqUBcFP.tX0b_QUD6zZU6OHBM3RyB5zHcNNIA-1789448994.2663085-1.0.1.1-beWQhShnYi2_ldv2tjvTVlLjsZf4dfooWjQEprsAkIesobWecg.wNxftPM.Mxo1Vy5ebZCbuhyo5xaNVZ0G2jIRNT.E73eInCynBw7IKGufTjflAbySHA0pppjX0knrm; HttpOnly; SameSite=None; Secure; Path=/; Domain=groq.com; Expires=Tue, 15 Sep 2026 05:39:54 GMT'), (b'via', b'1.1 google'), (b'Strict-Transport-Security', b'max-age=15552000'), (b'cf-cache-status', b'DYNAMIC'), (b'CF-RAY', b'a3b51f362e7828bc-MAA'), (b'alt-svc', b'h3=":443"; ma=86400')])
10:39:56  INFO      httpx2                         | HTTP Request: POST https://api.groq.com/openai/v1/chat/completions "HTTP/1.1 400 Bad Request"
10:39:56  DEBUG     httpcore2.http11               | receive_response_body.started request=<Request [b'POST']>
10:39:56  DEBUG     httpcore2.http11               | receive_response_body.complete
10:39:56  DEBUG     httpcore2.http11               | response_closed.started
10:39:56  DEBUG     httpcore2.http11               | response_closed.complete
10:39:56  DEBUG     openai._base_client            | HTTP Response: POST 400
10:39:56  DEBUG     openai._base_client            | request_id: req_01m2hqhffmeeaafh4y4gsapbfd
10:39:56  DEBUG     openai._base_client            | Encountered an HTTP status error: 400
10:39:56  DEBUG     openai._base_client            | Not retrying
10:39:56  DEBUG     openai._base_client            | Re-raising status error
10:39:56  WARNING   gpt.client                     | Unexpected error attempt 1: Error code: 400 - {'error': {'message': 'The model `llama3-70b-8192` has been decommissioned and is no longer supported. Please refer to https://console.groq.com/docs/deprecations for a recommendation on which model to use instead.', 'type': 'invalid_request_error', 'code': 'model_decommissioned'}} — retrying...
10:39:58  DEBUG     gpt.client                     | Groq call attempt 2/3 model=llama3-70b-8192
10:39:58  DEBUG     openai._base_client            | Building HTTP request: method=POST retries_taken=0
10:39:58  DEBUG     openai._base_client            | Sending HTTP Request: POST
10:39:58  DEBUG     httpcore2.http11               | send_request_headers.started request=<Request [b'POST']>
10:39:58  DEBUG     httpcore2.http11               | send_request_headers.complete
10:39:58  DEBUG     httpcore2.http11               | send_request_body.started request=<Request [b'POST']>
10:39:58  DEBUG     httpcore2.http11               | send_request_body.complete
10:39:58  DEBUG     httpcore2.http11               | receive_response_headers.started request=<Request [b'POST']>
10:39:58  DEBUG     httpcore2.http11               | receive_response_headers.complete return_value=(b'HTTP/1.1', 400, b'Bad Request', [(b'Date', b'Tue, 15 Sep 2026 05:09:56 GMT'), (b'Content-Type', b'application/json'), (b'Content-Length', b'276'), (b'Connection', b'keep-alive'), (b'Cache-Control', b'private, max-age=0, no-store, no-cache, must-revalidate'), (b'Server', b'cloudflare'), (b'vary', b'Origin'), (b'x-groq-region', b'bom'), (b'x-request-id', b'req_01m2hqhhg5ehpvge2kyeyse38w'), (b'Strict-Transport-Security', b'max-age=15552000'), (b'via', b'1.1 google'), (b'cf-cache-status', b'DYNAMIC'), (b'CF-RAY', b'a3b51f431ef328bc-MAA'), (b'alt-svc', b'h3=":443"; ma=86400')])
10:39:58  INFO      httpx2                         | HTTP Request: POST https://api.groq.com/openai/v1/chat/completions "HTTP/1.1 400 Bad Request"
10:39:58  DEBUG     httpcore2.http11               | receive_response_body.started request=<Request [b'POST']>
10:39:58  DEBUG     httpcore2.http11               | receive_response_body.complete
10:39:58  DEBUG     httpcore2.http11               | response_closed.started
10:39:58  DEBUG     httpcore2.http11               | response_closed.complete
10:39:58  DEBUG     openai._base_client            | HTTP Response: POST 400
10:39:58  DEBUG     openai._base_client            | request_id: req_01m2hqhhg5ehpvge2kyeyse38w
10:39:58  DEBUG     openai._base_client            | Encountered an HTTP status error: 400
10:39:58  DEBUG     openai._base_client            | Not retrying
10:39:58  DEBUG     openai._base_client            | Re-raising status error
10:39:58  WARNING   gpt.client                     | Unexpected error attempt 2: Error code: 400 - {'error': {'message': 'The model `llama3-70b-8192` has been decommissioned and is no longer supported. Please refer to https://console.groq.com/docs/deprecations for a recommendation on which model to use instead.', 'type': 'invalid_request_error', 'code': 'model_decommissioned'}} — retrying...
10:40:00  DEBUG     httpcore2.connection           | close.started
10:40:00  DEBUG     httpcore2.connection           | close.complete
10:40:00  DEBUG     httpcore2.connection           | close.started
10:40:00  DEBUG     httpcore2.connection           | close.complete
10:40:00  DEBUG     httpcore2.connection           | close.started
10:40:00  DEBUG     httpcore2.connection           | close.complete
10:40:00  DEBUG     httpcore2.connection           | close.started
10:40:00  DEBUG     httpcore2.connection           | close.complete
