23:00:39  INFO      ingestion.reader               | Opening PDF: C:\Users\dell\Desktop\document POC\documents\1003476642_TAXEL_2839_Annotated_Billing_Frequency_Milestone_Payment_Terms (1).Pdf
23:00:39  INFO      ingestion.reader               | Total pages: 46
23:00:39  DEBUG     ingestion.reader               | Page 1 quality: usable=True, reason=native text passes all quality checks
23:00:39  INFO      ingestion.reader               | Page 1 → source=native chars=3591
23:00:39  DEBUG     ingestion.reader               | Page 2 quality: usable=True, reason=native text passes all quality checks
23:00:39  INFO      ingestion.reader               | Page 2 → source=native chars=3662
23:00:39  DEBUG     ingestion.reader               | Page 3 quality: usable=True, reason=native text passes all quality checks
23:00:39  INFO      ingestion.reader               | Page 3 → source=native chars=2991
23:00:39  DEBUG     ingestion.reader               | Page 4 quality: usable=True, reason=native text passes all quality checks
23:00:39  INFO      ingestion.reader               | Page 4 → source=native chars=2325
23:00:39  DEBUG     ingestion.reader               | Page 5 quality: usable=True, reason=native text passes all quality checks
23:00:39  INFO      ingestion.reader               | Page 5 → source=native chars=287
23:00:39  DEBUG     ingestion.reader               | Page 6 quality: usable=True, reason=native text passes all quality checks
23:00:39  INFO      ingestion.reader               | Page 6 → source=native chars=2553
23:00:39  DEBUG     ingestion.reader               | Page 7 quality: usable=True, reason=native text passes all quality checks
23:00:39  INFO      ingestion.reader               | Page 7 → source=native chars=2887
23:00:39  DEBUG     ingestion.reader               | Page 8 quality: usable=True, reason=native text passes all quality checks
23:00:39  INFO      ingestion.reader               | Page 8 → source=native chars=3339
23:00:39  DEBUG     ingestion.reader               | Page 9 quality: usable=True, reason=native text passes all quality checks
23:00:39  INFO      ingestion.reader               | Page 9 → source=native chars=2939
23:00:39  DEBUG     ingestion.reader               | Page 10 quality: usable=True, reason=native text passes all quality checks
23:00:39  INFO      ingestion.reader               | Page 10 → source=native chars=536
23:00:39  DEBUG     ingestion.reader               | Page 11 quality: usable=True, reason=native text passes all quality checks
23:00:39  INFO      ingestion.reader               | Page 11 → source=native chars=1522
23:00:39  DEBUG     ingestion.reader               | Page 12 quality: usable=True, reason=native text passes all quality checks
23:00:39  INFO      ingestion.reader               | Page 12 → source=native chars=1315
23:00:39  DEBUG     ingestion.reader               | Page 13 quality: usable=True, reason=native text passes all quality checks
23:00:39  INFO      ingestion.reader               | Page 13 → source=native chars=1493
23:00:39  DEBUG     ingestion.reader               | Page 14 quality: usable=True, reason=native text passes all quality checks
23:00:39  INFO      ingestion.reader               | Page 14 → source=native chars=1664
23:00:39  DEBUG     ingestion.reader               | Page 15 quality: usable=True, reason=native text passes all quality checks
23:00:39  INFO      ingestion.reader               | Page 15 → source=native chars=1251
23:00:39  DEBUG     ingestion.reader               | Page 16 quality: usable=True, reason=native text passes all quality checks
23:00:39  INFO      ingestion.reader               | Page 16 → source=native chars=1389
23:00:39  DEBUG     ingestion.reader               | Page 17 quality: usable=True, reason=native text passes all quality checks
23:00:39  INFO      ingestion.reader               | Page 17 → source=native chars=1337
23:00:39  DEBUG     ingestion.reader               | Page 18 quality: usable=True, reason=native text passes all quality checks
23:00:39  INFO      ingestion.reader               | Page 18 → source=native chars=1613
23:00:39  DEBUG     ingestion.reader               | Page 19 quality: usable=True, reason=native text passes all quality checks
23:00:39  INFO      ingestion.reader               | Page 19 → source=native chars=1368
23:00:39  DEBUG     ingestion.reader               | Page 20 quality: usable=True, reason=native text passes all quality checks
23:00:39  INFO      ingestion.reader               | Page 20 → source=native chars=1399
23:00:39  DEBUG     ingestion.reader               | Page 21 quality: usable=True, reason=native text passes all quality checks
23:00:39  INFO      ingestion.reader               | Page 21 → source=native chars=1907
23:00:39  DEBUG     ingestion.reader               | Page 22 quality: usable=True, reason=native text passes all quality checks
23:00:39  INFO      ingestion.reader               | Page 22 → source=native chars=1348
23:00:39  DEBUG     ingestion.reader               | Page 23 quality: usable=True, reason=native text passes all quality checks
23:00:39  INFO      ingestion.reader               | Page 23 → source=native chars=1597
23:00:39  DEBUG     ingestion.reader               | Page 24 quality: usable=True, reason=native text passes all quality checks
23:00:39  INFO      ingestion.reader               | Page 24 → source=native chars=1378
23:00:39  DEBUG     ingestion.reader               | Page 25 quality: usable=True, reason=native text passes all quality checks
23:00:39  INFO      ingestion.reader               | Page 25 → source=native chars=1603
23:00:39  DEBUG     ingestion.reader               | Page 26 quality: usable=True, reason=native text passes all quality checks
23:00:39  INFO      ingestion.reader               | Page 26 → source=native chars=2156
23:00:39  DEBUG     ingestion.reader               | Page 27 quality: usable=True, reason=native text passes all quality checks
23:00:39  INFO      ingestion.reader               | Page 27 → source=native chars=2475
23:00:39  DEBUG     ingestion.reader               | Page 28 quality: usable=True, reason=native text passes all quality checks
23:00:39  INFO      ingestion.reader               | Page 28 → source=native chars=1849
23:00:39  DEBUG     ingestion.reader               | Page 29 quality: usable=True, reason=native text passes all quality checks
23:00:39  INFO      ingestion.reader               | Page 29 → source=native chars=640
23:00:39  DEBUG     ingestion.reader               | Page 30 quality: usable=True, reason=native text passes all quality checks
23:00:39  INFO      ingestion.reader               | Page 30 → source=native chars=2893
23:00:39  DEBUG     ingestion.reader               | Page 31 quality: usable=True, reason=native text passes all quality checks
23:00:39  INFO      ingestion.reader               | Page 31 → source=native chars=3042
23:00:39  DEBUG     ingestion.reader               | Page 32 quality: usable=True, reason=native text passes all quality checks
23:00:39  INFO      ingestion.reader               | Page 32 → source=native chars=3422
23:00:39  DEBUG     ingestion.reader               | Page 33 quality: usable=True, reason=native text passes all quality checks
23:00:39  INFO      ingestion.reader               | Page 33 → source=native chars=3584
23:00:39  DEBUG     ingestion.reader               | Page 34 quality: usable=True, reason=native text passes all quality checks
23:00:39  INFO      ingestion.reader               | Page 34 → source=native chars=1235
23:00:39  DEBUG     ingestion.reader               | Page 35 quality: usable=True, reason=native text passes all quality checks
23:00:39  INFO      ingestion.reader               | Page 35 → source=native chars=3116
23:00:39  DEBUG     ingestion.reader               | Page 36 quality: usable=True, reason=native text passes all quality checks
23:00:39  INFO      ingestion.reader               | Page 36 → source=native chars=2863
23:00:39  DEBUG     ingestion.reader               | Page 37 quality: usable=True, reason=native text passes all quality checks
23:00:39  INFO      ingestion.reader               | Page 37 → source=native chars=2836
23:00:39  DEBUG     ingestion.reader               | Page 38 quality: usable=True, reason=native text passes all quality checks
23:00:39  INFO      ingestion.reader               | Page 38 → source=native chars=1148
23:00:39  DEBUG     ingestion.reader               | Page 39 quality: usable=True, reason=native text passes all quality checks
23:00:39  INFO      ingestion.reader               | Page 39 → source=native chars=3777
23:00:39  DEBUG     ingestion.reader               | Page 40 quality: usable=True, reason=native text passes all quality checks
23:00:39  INFO      ingestion.reader               | Page 40 → source=native chars=4329
23:00:39  DEBUG     ingestion.reader               | Page 41 quality: usable=True, reason=native text passes all quality checks
23:00:39  INFO      ingestion.reader               | Page 41 → source=native chars=6581
23:00:39  DEBUG     ingestion.reader               | Page 42 quality: usable=True, reason=native text passes all quality checks
23:00:39  INFO      ingestion.reader               | Page 42 → source=native chars=6320
23:00:39  DEBUG     ingestion.reader               | Page 43 quality: usable=True, reason=native text passes all quality checks
23:00:39  INFO      ingestion.reader               | Page 43 → source=native chars=5178
23:00:39  DEBUG     ingestion.reader               | Page 44 quality: usable=True, reason=native text passes all quality checks
23:00:39  INFO      ingestion.reader               | Page 44 → source=native chars=6001
23:00:39  DEBUG     ingestion.reader               | Page 45 quality: usable=True, reason=native text passes all quality checks
23:00:39  INFO      ingestion.reader               | Page 45 → source=native chars=5286
23:00:39  DEBUG     ingestion.reader               | Page 46 quality: usable=True, reason=native text passes all quality checks
23:00:39  INFO      ingestion.reader               | Page 46 → source=native chars=1602
23:00:39  DEBUG     preprocessing.pipeline         | Page 1: cleaned 3591→3587 chars
23:00:39  INFO      preprocessing.pipeline         | Page 1: regions=8 has_kv=False has_table=False
23:00:39  DEBUG     preprocessing.pipeline         | Page 2: cleaned 3662→3659 chars
23:00:39  INFO      preprocessing.pipeline         | Page 2: regions=3 has_kv=False has_table=False
23:00:39  DEBUG     preprocessing.pipeline         | Page 3: cleaned 2991→2987 chars
23:00:39  INFO      preprocessing.pipeline         | Page 3: regions=6 has_kv=False has_table=False
23:00:39  DEBUG     preprocessing.pipeline         | Page 4: cleaned 2325→2319 chars
23:00:39  INFO      preprocessing.pipeline         | Page 4: regions=3 has_kv=False has_table=False
23:00:39  DEBUG     preprocessing.pipeline         | Page 5: cleaned 287→282 chars
23:00:39  INFO      preprocessing.pipeline         | Page 5: regions=8 has_kv=False has_table=False
23:00:39  DEBUG     preprocessing.pipeline         | Page 6: cleaned 2553→2552 chars
23:00:39  INFO      preprocessing.pipeline         | Page 6: regions=3 has_kv=False has_table=False
23:00:39  DEBUG     preprocessing.pipeline         | Page 7: cleaned 2887→2882 chars
23:00:39  INFO      preprocessing.pipeline         | Page 7: regions=7 has_kv=False has_table=False
23:00:39  DEBUG     preprocessing.pipeline         | Page 8: cleaned 3339→3332 chars
23:00:39  INFO      preprocessing.pipeline         | Page 8: regions=4 has_kv=False has_table=False
23:00:39  DEBUG     preprocessing.pipeline         | Page 9: cleaned 2939→2932 chars
23:00:39  INFO      preprocessing.pipeline         | Page 9: regions=7 has_kv=False has_table=False
23:00:39  DEBUG     preprocessing.pipeline         | Page 10: cleaned 536→535 chars
23:00:39  INFO      preprocessing.pipeline         | Page 10: regions=2 has_kv=False has_table=False
23:00:39  DEBUG     preprocessing.pipeline         | Page 11: cleaned 1522→1521 chars
23:00:39  INFO      preprocessing.pipeline         | Page 11: regions=8 has_kv=True has_table=False
23:00:39  DEBUG     preprocessing.pipeline         | Page 12: cleaned 1315→1311 chars
23:00:39  INFO      preprocessing.pipeline         | Page 12: regions=2 has_kv=False has_table=False
23:00:39  DEBUG     preprocessing.pipeline         | Page 13: cleaned 1493→1492 chars
23:00:39  INFO      preprocessing.pipeline         | Page 13: regions=3 has_kv=False has_table=False
23:00:39  DEBUG     preprocessing.pipeline         | Page 14: cleaned 1664→1663 chars
23:00:39  INFO      preprocessing.pipeline         | Page 14: regions=2 has_kv=False has_table=False
23:00:39  DEBUG     preprocessing.pipeline         | Page 15: cleaned 1251→1250 chars
23:00:39  INFO      preprocessing.pipeline         | Page 15: regions=3 has_kv=False has_table=False
23:00:39  DEBUG     preprocessing.pipeline         | Page 16: cleaned 1389→1388 chars
23:00:39  INFO      preprocessing.pipeline         | Page 16: regions=2 has_kv=False has_table=False
23:00:39  DEBUG     preprocessing.pipeline         | Page 17: cleaned 1337→1336 chars
23:00:39  INFO      preprocessing.pipeline         | Page 17: regions=2 has_kv=False has_table=False
23:00:39  DEBUG     preprocessing.pipeline         | Page 18: cleaned 1613→1612 chars
23:00:39  INFO      preprocessing.pipeline         | Page 18: regions=3 has_kv=False has_table=False
23:00:39  DEBUG     preprocessing.pipeline         | Page 19: cleaned 1368→1367 chars
23:00:39  INFO      preprocessing.pipeline         | Page 19: regions=2 has_kv=False has_table=False
23:00:39  DEBUG     preprocessing.pipeline         | Page 20: cleaned 1399→1398 chars
23:00:39  INFO      preprocessing.pipeline         | Page 20: regions=2 has_kv=False has_table=False
23:00:39  DEBUG     preprocessing.pipeline         | Page 21: cleaned 1907→1906 chars
23:00:39  INFO      preprocessing.pipeline         | Page 21: regions=2 has_kv=False has_table=False
23:00:39  DEBUG     preprocessing.pipeline         | Page 22: cleaned 1348→1347 chars
23:00:39  INFO      preprocessing.pipeline         | Page 22: regions=2 has_kv=False has_table=False
23:00:39  DEBUG     preprocessing.pipeline         | Page 23: cleaned 1597→1596 chars
23:00:39  INFO      preprocessing.pipeline         | Page 23: regions=2 has_kv=False has_table=False
23:00:39  DEBUG     preprocessing.pipeline         | Page 24: cleaned 1378→1377 chars
23:00:39  INFO      preprocessing.pipeline         | Page 24: regions=2 has_kv=False has_table=False
23:00:39  DEBUG     preprocessing.pipeline         | Page 25: cleaned 1603→1601 chars
23:00:39  INFO      preprocessing.pipeline         | Page 25: regions=6 has_kv=False has_table=False
23:00:39  DEBUG     preprocessing.pipeline         | Page 26: cleaned 2156→2155 chars
23:00:39  INFO      preprocessing.pipeline         | Page 26: regions=14 has_kv=False has_table=False
23:00:39  DEBUG     preprocessing.pipeline         | Page 27: cleaned 2475→2473 chars
23:00:39  INFO      preprocessing.pipeline         | Page 27: regions=11 has_kv=False has_table=False
23:00:39  DEBUG     preprocessing.pipeline         | Page 28: cleaned 1849→1848 chars
23:00:39  INFO      preprocessing.pipeline         | Page 28: regions=6 has_kv=False has_table=False
23:00:39  DEBUG     preprocessing.pipeline         | Page 29: cleaned 640→639 chars
23:00:39  INFO      preprocessing.pipeline         | Page 29: regions=4 has_kv=False has_table=False
23:00:39  DEBUG     preprocessing.pipeline         | Page 30: cleaned 2893→2892 chars
23:00:39  INFO      preprocessing.pipeline         | Page 30: regions=10 has_kv=False has_table=False
23:00:39  DEBUG     preprocessing.pipeline         | Page 31: cleaned 3042→3039 chars
23:00:39  INFO      preprocessing.pipeline         | Page 31: regions=12 has_kv=False has_table=False
23:00:39  DEBUG     preprocessing.pipeline         | Page 32: cleaned 3422→3412 chars
23:00:39  INFO      preprocessing.pipeline         | Page 32: regions=11 has_kv=True has_table=False
23:00:39  DEBUG     preprocessing.pipeline         | Page 33: cleaned 3584→3577 chars
23:00:39  INFO      preprocessing.pipeline         | Page 33: regions=10 has_kv=False has_table=False
23:00:39  DEBUG     preprocessing.pipeline         | Page 34: cleaned 1235→1234 chars
23:00:39  INFO      preprocessing.pipeline         | Page 34: regions=4 has_kv=False has_table=False
23:00:39  DEBUG     preprocessing.pipeline         | Page 35: cleaned 3116→3115 chars
23:00:39  INFO      preprocessing.pipeline         | Page 35: regions=12 has_kv=False has_table=False
23:00:39  DEBUG     preprocessing.pipeline         | Page 36: cleaned 2863→2862 chars
23:00:39  INFO      preprocessing.pipeline         | Page 36: regions=13 has_kv=True has_table=False
23:00:39  DEBUG     preprocessing.pipeline         | Page 37: cleaned 2836→2835 chars
23:00:39  INFO      preprocessing.pipeline         | Page 37: regions=10 has_kv=False has_table=False
23:00:39  DEBUG     preprocessing.pipeline         | Page 38: cleaned 1148→1147 chars
23:00:39  INFO      preprocessing.pipeline         | Page 38: regions=3 has_kv=False has_table=False
23:00:39  DEBUG     preprocessing.pipeline         | Page 39: cleaned 3777→3772 chars
23:00:39  INFO      preprocessing.pipeline         | Page 39: regions=2 has_kv=False has_table=False
23:00:39  DEBUG     preprocessing.pipeline         | Page 40: cleaned 4329→4322 chars
23:00:39  INFO      preprocessing.pipeline         | Page 40: regions=2 has_kv=False has_table=False
23:00:39  DEBUG     preprocessing.pipeline         | Page 41: cleaned 6581→6577 chars
23:00:39  INFO      preprocessing.pipeline         | Page 41: regions=2 has_kv=False has_table=False
23:00:39  DEBUG     preprocessing.pipeline         | Page 42: cleaned 6320→6319 chars
23:00:39  INFO      preprocessing.pipeline         | Page 42: regions=2 has_kv=False has_table=False
23:00:39  DEBUG     preprocessing.pipeline         | Page 43: cleaned 5178→5174 chars
23:00:39  INFO      preprocessing.pipeline         | Page 43: regions=2 has_kv=False has_table=False
23:00:39  DEBUG     preprocessing.pipeline         | Page 44: cleaned 6001→6000 chars
23:00:39  INFO      preprocessing.pipeline         | Page 44: regions=2 has_kv=False has_table=False
23:00:39  DEBUG     preprocessing.pipeline         | Page 45: cleaned 5286→5285 chars
23:00:39  INFO      preprocessing.pipeline         | Page 45: regions=2 has_kv=False has_table=False
23:00:39  DEBUG     preprocessing.pipeline         | Page 46: cleaned 1602→1601 chars
23:00:39  INFO      preprocessing.pipeline         | Page 46: regions=2 has_kv=False has_table=False
23:00:39  INFO      preprocessing.pipeline         | Preprocessing complete: 46 pages, 3 with key-value, 0 with tables.
23:00:39  INFO      masking.context                | MaskingContext created for doc_id='1003476642_TAXEL_2839_Annotated_Billing_Frequency_Milestone_Payment_Terms (1)'
23:00:39  INFO      presidio-analyzer              | Using device of type: cpu
23:00:46  DEBUG     presidio-analyzer              | Loaded these available nlp engines: ['spacy', 'slim', 'no_op']
23:00:46  DEBUG     presidio-analyzer              | Loading SpaCy models: [{'lang_code': 'en', 'model_name': 'en_core_web_lg'}]
23:00:50  INFO      presidio-analyzer              | Created NLP engine: spacy. Loaded models: ['en']
23:00:50  INFO      presidio-analyzer              | registry not provided, creating default.
23:00:50  INFO      presidio-analyzer              | Loaded recognizer: CreditCardRecognizer
23:00:50  INFO      presidio-analyzer              | Loaded recognizer: CreditCardRecognizer
23:00:50  INFO      presidio-analyzer              | Loaded recognizer: CreditCardRecognizer
23:00:50  INFO      presidio-analyzer              | Loaded recognizer: CreditCardRecognizer
23:00:50  INFO      presidio-analyzer              | Loaded recognizer: UsBankRecognizer
23:00:50  INFO      presidio-analyzer              | Loaded recognizer: UsLicenseRecognizer
23:00:50  INFO      presidio-analyzer              | Loaded recognizer: UsItinRecognizer
23:00:50  INFO      presidio-analyzer              | Loaded recognizer: UsPassportRecognizer
23:00:50  INFO      presidio-analyzer              | Loaded recognizer: UsSsnRecognizer
23:00:50  INFO      presidio-analyzer              | Loaded recognizer: NhsRecognizer
23:00:50  INFO      presidio-analyzer              | Loaded recognizer: EsNifRecognizer
23:00:50  INFO      presidio-analyzer              | Loaded recognizer: EsNieRecognizer
23:00:50  INFO      presidio-analyzer              | Loaded recognizer: ItDriverLicenseRecognizer
23:00:50  INFO      presidio-analyzer              | Loaded recognizer: ItFiscalCodeRecognizer
23:00:50  INFO      presidio-analyzer              | Loaded recognizer: ItVatCodeRecognizer
23:00:50  INFO      presidio-analyzer              | Loaded recognizer: ItIdentityCardRecognizer
23:00:50  INFO      presidio-analyzer              | Loaded recognizer: ItPassportRecognizer
23:00:50  INFO      presidio-analyzer              | Loaded recognizer: PlPeselRecognizer
23:00:50  INFO      presidio-analyzer              | Loaded recognizer: CryptoRecognizer
23:00:50  INFO      presidio-analyzer              | Loaded recognizer: DateRecognizer
23:00:50  INFO      presidio-analyzer              | Loaded recognizer: EmailRecognizer
23:00:50  INFO      presidio-analyzer              | Loaded recognizer: IbanRecognizer
23:00:50  INFO      presidio-analyzer              | Loaded recognizer: IpRecognizer
23:00:50  INFO      presidio-analyzer              | Loaded recognizer: MedicalLicenseRecognizer
23:00:50  INFO      presidio-analyzer              | Loaded recognizer: MacAddressRecognizer
23:00:50  INFO      presidio-analyzer              | Loaded recognizer: PhoneRecognizer
23:00:50  INFO      presidio-analyzer              | Loaded recognizer: UrlRecognizer
23:00:50  WARNING   presidio-analyzer              | Recognizer not added to registry because language is not supported by registry - CreditCardRecognizer supported languages: es, registry supported languages: en
23:00:50  WARNING   presidio-analyzer              | Recognizer not added to registry because language is not supported by registry - CreditCardRecognizer supported languages: it, registry supported languages: en
23:00:50  WARNING   presidio-analyzer              | Recognizer not added to registry because language is not supported by registry - CreditCardRecognizer supported languages: pl, registry supported languages: en
23:00:50  WARNING   presidio-analyzer              | Recognizer not added to registry because language is not supported by registry - EsNifRecognizer supported languages: es, registry supported languages: en
23:00:50  WARNING   presidio-analyzer              | Recognizer not added to registry because language is not supported by registry - EsNieRecognizer supported languages: es, registry supported languages: en
23:00:50  WARNING   presidio-analyzer              | Recognizer not added to registry because language is not supported by registry - ItDriverLicenseRecognizer supported languages: it, registry supported languages: en
23:00:50  WARNING   presidio-analyzer              | Recognizer not added to registry because language is not supported by registry - ItFiscalCodeRecognizer supported languages: it, registry supported languages: en
23:00:50  WARNING   presidio-analyzer              | Recognizer not added to registry because language is not supported by registry - ItVatCodeRecognizer supported languages: it, registry supported languages: en
23:00:50  WARNING   presidio-analyzer              | Recognizer not added to registry because language is not supported by registry - ItIdentityCardRecognizer supported languages: it, registry supported languages: en
23:00:50  WARNING   presidio-analyzer              | Recognizer not added to registry because language is not supported by registry - ItPassportRecognizer supported languages: it, registry supported languages: en
23:00:50  WARNING   presidio-analyzer              | Recognizer not added to registry because language is not supported by registry - PlPeselRecognizer supported languages: pl, registry supported languages: en
23:00:50  INFO      presidio-analyzer              | Loaded recognizer: SpacyRecognizer
23:00:50  DEBUG     presidio-analyzer              | context aware enhancer not provided, creating default lemma based enhancer.
23:00:50  INFO      masking.engine                 | Presidio initialized with spaCy model: en_core_web_lg
23:00:50  WARNING   presidio-analyzer              | Entity IN_AADHAAR doesn't have the corresponding recognizer in language : en
23:00:50  WARNING   presidio-analyzer              | Entity AU_TFN doesn't have the corresponding recognizer in language : en
23:00:50  WARNING   presidio-analyzer              | Entity IN_PAN doesn't have the corresponding recognizer in language : en
23:00:50  DEBUG     presidio-analyzer              | Returning a total of 9 recognizers
23:00:51  WARNING   presidio-analyzer              | Entity CARDINAL is not mapped to a Presidio entity, but keeping anyway. Add to `NerModelConfiguration.labels_to_ignore` to remove.
23:00:51  WARNING   presidio-analyzer              | Entity CARDINAL is not mapped to a Presidio entity, but keeping anyway. Add to `NerModelConfiguration.labels_to_ignore` to remove.
23:00:51  WARNING   presidio-analyzer              | Entity PRODUCT is not mapped to a Presidio entity, but keeping anyway. Add to `NerModelConfiguration.labels_to_ignore` to remove.
23:00:51  WARNING   presidio-analyzer              | Entity LAW is not mapped to a Presidio entity, but keeping anyway. Add to `NerModelConfiguration.labels_to_ignore` to remove.
23:00:51  WARNING   presidio-analyzer              | Entity LAW is not mapped to a Presidio entity, but keeping anyway. Add to `NerModelConfiguration.labels_to_ignore` to remove.
23:00:51  WARNING   presidio-analyzer              | Entity CARDINAL is not mapped to a Presidio entity, but keeping anyway. Add to `NerModelConfiguration.labels_to_ignore` to remove.
23:00:51  DEBUG     presidio-analyzer              | --- match_time[USA DEA Certificate Number (weak)]: 0.001591 seconds
23:00:51  DEBUG     presidio-analyzer              | --- match_time[Driver License - Alphanumeric (weak)]: 0.006364 seconds
23:00:51  DEBUG     presidio-analyzer              | --- match_time[Driver License - Digits (very weak)]: 0.000507 seconds
23:00:51  DEBUG     presidio-analyzer              | --- match_time[NHS (medium)]: 0.000733 seconds
23:00:51  DEBUG     presidio-analyzer              | --- match_time[Bank Account (weak)]: 0.000245 seconds
23:00:51  DEBUG     presidio-analyzer              | --- match_time[Passport (very weak)]: 0.000272 seconds
23:00:51  DEBUG     presidio-analyzer              | --- match_time[Passport Next Generation (very weak)]: 0.000337 seconds
23:00:51  DEBUG     presidio-analyzer              | --- match_time[All Credit Cards (weak)]: 0.001519 seconds
23:00:51  DEBUG     presidio-analyzer              | --- match_time[Itin (very weak)]: 0.001971 seconds
23:00:51  DEBUG     presidio-analyzer              | --- match_time[Itin (weak)]: 0.000871 seconds
23:00:51  DEBUG     presidio-analyzer              | --- match_time[Itin (medium)]: 0.003056 seconds
23:00:51  DEBUG     presidio-analyzer              | --- match_time[SSN1 (very weak)]: 0.000429 seconds
23:00:51  DEBUG     presidio-analyzer              | --- match_time[SSN2 (very weak)]: 0.000401 seconds
23:00:51  DEBUG     presidio-analyzer              | --- match_time[SSN3 (very weak)]: 0.000806 seconds
23:00:51  DEBUG     presidio-analyzer              | --- match_time[SSN4 (very weak)]: 0.000230 seconds
23:00:51  DEBUG     presidio-analyzer              | --- match_time[SSN5 (medium)]: 0.000744 seconds
23:00:51  DEBUG     presidio-analyzer              | Context list is: angeles south hope street 90071 los
23:00:51  DEBUG     presidio-analyzer              | Context list is: angeles south hope street 90071 los
23:00:51  DEBUG     masking.engine                 | Page 1: no entities masked (0 detected, none in mask list)
23:00:51  WARNING   presidio-analyzer              | Entity IN_AADHAAR doesn't have the corresponding recognizer in language : en
23:00:51  WARNING   presidio-analyzer              | Entity AU_TFN doesn't have the corresponding recognizer in language : en
23:00:51  WARNING   presidio-analyzer              | Entity IN_PAN doesn't have the corresponding recognizer in language : en
23:00:51  DEBUG     presidio-analyzer              | Returning a total of 9 recognizers
23:00:51  WARNING   presidio-analyzer              | Entity CARDINAL is not mapped to a Presidio entity, but keeping anyway. Add to `NerModelConfiguration.labels_to_ignore` to remove.
23:00:51  WARNING   presidio-analyzer              | Entity CARDINAL is not mapped to a Presidio entity, but keeping anyway. Add to `NerModelConfiguration.labels_to_ignore` to remove.
23:00:51  WARNING   presidio-analyzer              | Entity CARDINAL is not mapped to a Presidio entity, but keeping anyway. Add to `NerModelConfiguration.labels_to_ignore` to remove.
23:00:51  WARNING   presidio-analyzer              | Entity MONEY is not mapped to a Presidio entity, but keeping anyway. Add to `NerModelConfiguration.labels_to_ignore` to remove.
23:00:51  WARNING   presidio-analyzer              | Entity CARDINAL is not mapped to a Presidio entity, but keeping anyway. Add to `NerModelConfiguration.labels_to_ignore` to remove.
23:00:51  WARNING   presidio-analyzer              | Entity CARDINAL is not mapped to a Presidio entity, but keeping anyway. Add to `NerModelConfiguration.labels_to_ignore` to remove.
23:00:51  WARNING   presidio-analyzer              | Entity LAW is not mapped to a Presidio entity, but keeping anyway. Add to `NerModelConfiguration.labels_to_ignore` to remove.
23:00:51  WARNING   presidio-analyzer              | Entity CARDINAL is not mapped to a Presidio entity, but keeping anyway. Add to `NerModelConfiguration.labels_to_ignore` to remove.
23:00:51  WARNING   presidio-analyzer              | Entity CARDINAL is not mapped to a Presidio entity, but keeping anyway. Add to `NerModelConfiguration.labels_to_ignore` to remove.
23:00:51  WARNING   presidio-analyzer              | Entity CARDINAL is not mapped to a Presidio entity, but keeping anyway. Add to `NerModelConfiguration.labels_to_ignore` to remove.
23:00:51  WARNING   presidio-analyzer              | Entity CARDINAL is not mapped to a Presidio entity, but keeping anyway. Add to `NerModelConfiguration.labels_to_ignore` to remove.
23:00:51  WARNING   presidio-analyzer              | Entity CARDINAL is not mapped to a Presidio entity, but keeping anyway. Add to `NerModelConfiguration.labels_to_ignore` to remove.
23:00:51  DEBUG     presidio-analyzer              | --- match_time[USA DEA Certificate Number (weak)]: 0.000020 seconds
23:00:51  DEBUG     presidio-analyzer              | --- match_time[Driver License - Alphanumeric (weak)]: 0.000008 seconds
23:00:51  DEBUG     presidio-analyzer              | --- match_time[Driver License - Digits (very weak)]: 0.000007 seconds
23:00:51  DEBUG     presidio-analyzer              | --- match_time[NHS (medium)]: 0.000004 seconds
23:00:51  DEBUG     presidio-analyzer              | --- match_time[Bank Account (weak)]: 0.000005 seconds
23:00:51  DEBUG     presidio-analyzer              | --- match_time[Passport (very weak)]: 0.000005 seconds
23:00:51  DEBUG     presidio-analyzer              | --- match_time[Passport Next Generation (very weak)]: 0.000005 seconds
23:00:51  DEBUG     presidio-analyzer              | --- match_time[All Credit Cards (weak)]: 0.000004 seconds
23:00:51  DEBUG     presidio-analyzer              | --- match_time[Itin (very weak)]: 0.000005 seconds
23:00:51  DEBUG     presidio-analyzer              | --- match_time[Itin (weak)]: 0.000005 seconds
23:00:51  DEBUG     presidio-analyzer              | --- match_time[Itin (medium)]: 0.000004 seconds
23:00:51  DEBUG     presidio-analyzer              | --- match_time[SSN1 (very weak)]: 0.000004 seconds
23:00:51  DEBUG     presidio-analyzer              | --- match_time[SSN2 (very weak)]: 0.000006 seconds
23:00:51  DEBUG     presidio-analyzer              | --- match_time[SSN3 (very weak)]: 0.000005 seconds
23:00:51  DEBUG     presidio-analyzer              | --- match_time[SSN4 (very weak)]: 0.000004 seconds
23:00:51  DEBUG     presidio-analyzer              | --- match_time[SSN5 (medium)]: 0.000004 seconds
23:00:51  DEBUG     masking.engine                 | Page 2: no entities masked (0 detected, none in mask list)
23:00:51  WARNING   presidio-analyzer              | Entity IN_AADHAAR doesn't have the corresponding recognizer in language : en
23:00:51  WARNING   presidio-analyzer              | Entity AU_TFN doesn't have the corresponding recognizer in language : en
23:00:51  WARNING   presidio-analyzer              | Entity IN_PAN doesn't have the corresponding recognizer in language : en
23:00:51  DEBUG     presidio-analyzer              | Returning a total of 9 recognizers
23:00:51  WARNING   presidio-analyzer              | Entity CARDINAL is not mapped to a Presidio entity, but keeping anyway. Add to `NerModelConfiguration.labels_to_ignore` to remove.
23:00:51  WARNING   presidio-analyzer              | Entity CARDINAL is not mapped to a Presidio entity, but keeping anyway. Add to `NerModelConfiguration.labels_to_ignore` to remove.
23:00:51  WARNING   presidio-analyzer              | Entity PERCENT is not mapped to a Presidio entity, but keeping anyway. Add to `NerModelConfiguration.labels_to_ignore` to remove.
23:00:51  WARNING   presidio-analyzer              | Entity PERCENT is not mapped to a Presidio entity, but keeping anyway. Add to `NerModelConfiguration.labels_to_ignore` to remove.
23:00:51  WARNING   presidio-analyzer              | Entity LAW is not mapped to a Presidio entity, but keeping anyway. Add to `NerModelConfiguration.labels_to_ignore` to remove.
23:00:51  WARNING   presidio-analyzer              | Entity PERCENT is not mapped to a Presidio entity, but keeping anyway. Add to `NerModelConfiguration.labels_to_ignore` to remove.
23:00:51  WARNING   presidio-analyzer              | Entity PERCENT is not mapped to a Presidio entity, but keeping anyway. Add to `NerModelConfiguration.labels_to_ignore` to remove.
23:00:51  WARNING   presidio-analyzer              | Entity PERCENT is not mapped to a Presidio entity, but keeping anyway. Add to `NerModelConfiguration.labels_to_ignore` to remove.
23:00:51  WARNING   presidio-analyzer              | Entity CARDINAL is not mapped to a Presidio entity, but keeping anyway. Add to `NerModelConfiguration.labels_to_ignore` to remove.
23:00:51  WARNING   presidio-analyzer              | Entity CARDINAL is not mapped to a Presidio entity, but keeping anyway. Add to `NerModelConfiguration.labels_to_ignore` to remove.
23:00:51  DEBUG     presidio-analyzer              | --- match_time[USA DEA Certificate Number (weak)]: 0.000018 seconds
23:00:51  DEBUG     presidio-analyzer              | --- match_time[Driver License - Alphanumeric (weak)]: 0.000008 seconds
23:00:51  DEBUG     presidio-analyzer              | --- match_time[Driver License - Digits (very weak)]: 0.000009 seconds
23:00:51  DEBUG     presidio-analyzer              | --- match_time[NHS (medium)]: 0.000005 seconds
23:00:51  DEBUG     presidio-analyzer              | --- match_time[Bank Account (weak)]: 0.000005 seconds
23:00:51  DEBUG     presidio-analyzer              | --- match_time[Passport (very weak)]: 0.000004 seconds
23:00:51  DEBUG     presidio-analyzer              | --- match_time[Passport Next Generation (very weak)]: 0.000006 seconds
23:00:51  DEBUG     presidio-analyzer              | --- match_time[All Credit Cards (weak)]: 0.000016 seconds
23:00:51  DEBUG     presidio-analyzer              | --- match_time[Itin (very weak)]: 0.000006 seconds
23:00:51  DEBUG     presidio-analyzer              | --- match_time[Itin (weak)]: 0.000006 seconds
23:00:51  DEBUG     presidio-analyzer              | --- match_time[Itin (medium)]: 0.000005 seconds
23:00:51  DEBUG     presidio-analyzer              | --- match_time[SSN1 (very weak)]: 0.000004 seconds
23:00:51  DEBUG     presidio-analyzer              | --- match_time[SSN2 (very weak)]: 0.000005 seconds
23:00:51  DEBUG     presidio-analyzer              | --- match_time[SSN3 (very weak)]: 0.000005 seconds
23:00:51  DEBUG     presidio-analyzer              | --- match_time[SSN4 (very weak)]: 0.000004 seconds
23:00:51  DEBUG     presidio-analyzer              | --- match_time[SSN5 (medium)]: 0.000011 seconds
23:00:51  DEBUG     masking.engine                 | Page 3: no entities masked (0 detected, none in mask list)
23:00:51  WARNING   presidio-analyzer              | Entity IN_AADHAAR doesn't have the corresponding recognizer in language : en
23:00:51  WARNING   presidio-analyzer              | Entity AU_TFN doesn't have the corresponding recognizer in language : en
23:00:51  WARNING   presidio-analyzer              | Entity IN_PAN doesn't have the corresponding recognizer in language : en
23:00:51  DEBUG     presidio-analyzer              | Returning a total of 9 recognizers
23:00:51  WARNING   presidio-analyzer              | Entity CARDINAL is not mapped to a Presidio entity, but keeping anyway. Add to `NerModelConfiguration.labels_to_ignore` to remove.
23:00:51  WARNING   presidio-analyzer              | Entity CARDINAL is not mapped to a Presidio entity, but keeping anyway. Add to `NerModelConfiguration.labels_to_ignore` to remove.
23:00:51  WARNING   presidio-analyzer              | Entity CARDINAL is not mapped to a Presidio entity, but keeping anyway. Add to `NerModelConfiguration.labels_to_ignore` to remove.
23:00:51  WARNING   presidio-analyzer              | Entity CARDINAL is not mapped to a Presidio entity, but keeping anyway. Add to `NerModelConfiguration.labels_to_ignore` to remove.
23:00:51  WARNING   presidio-analyzer              | Entity CARDINAL is not mapped to a Presidio entity, but keeping anyway. Add to `NerModelConfiguration.labels_to_ignore` to remove.
23:00:51  WARNING   presidio-analyzer              | Entity CARDINAL is not mapped to a Presidio entity, but keeping anyway. Add to `NerModelConfiguration.labels_to_ignore` to remove.
23:00:51  WARNING   presidio-analyzer              | Entity ORDINAL is not mapped to a Presidio entity, but keeping anyway. Add to `NerModelConfiguration.labels_to_ignore` to remove.
23:00:51  WARNING   presidio-analyzer              | Entity LAW is not mapped to a Presidio entity, but keeping anyway. Add to `NerModelConfiguration.labels_to_ignore` to remove.
23:00:51  WARNING   presidio-analyzer              | Entity CARDINAL is not mapped to a Presidio entity, but keeping anyway. Add to `NerModelConfiguration.labels_to_ignore` to remove.
23:00:51  WARNING   presidio-analyzer              | Entity LAW is not mapped to a Presidio entity, but keeping anyway. Add to `NerModelConfiguration.labels_to_ignore` to remove.
23:00:51  WARNING   presidio-analyzer              | Entity LAW is not mapped to a Presidio entity, but keeping anyway. Add to `NerModelConfiguration.labels_to_ignore` to remove.
23:00:51  WARNING   presidio-analyzer              | Entity CARDINAL is not mapped to a Presidio entity, but keeping anyway. Add to `NerModelConfiguration.labels_to_ignore` to remove.
23:00:51  DEBUG     presidio-analyzer              | --- match_time[USA DEA Certificate Number (weak)]: 0.000015 seconds
23:00:51  DEBUG     presidio-analyzer              | --- match_time[Driver License - Alphanumeric (weak)]: 0.000008 seconds
23:00:51  DEBUG     presidio-analyzer              | --- match_time[Driver License - Digits (very weak)]: 0.000019 seconds
23:00:51  DEBUG     presidio-analyzer              | --- match_time[NHS (medium)]: 0.000008 seconds
23:00:51  DEBUG     presidio-analyzer              | --- match_time[Bank Account (weak)]: 0.000013 seconds
23:00:51  DEBUG     presidio-analyzer              | --- match_time[Passport (very weak)]: 0.000005 seconds
23:00:51  DEBUG     presidio-analyzer              | --- match_time[Passport Next Generation (very weak)]: 0.000006 seconds
23:00:51  DEBUG     presidio-analyzer              | --- match_time[All Credit Cards (weak)]: 0.000005 seconds
23:00:51  DEBUG     presidio-analyzer              | --- match_time[Itin (very weak)]: 0.000005 seconds
23:00:51  DEBUG     presidio-analyzer              | --- match_time[Itin (weak)]: 0.000005 seconds
23:00:51  DEBUG     presidio-analyzer              | --- match_time[Itin (medium)]: 0.000005 seconds
23:00:51  DEBUG     presidio-analyzer              | --- match_time[SSN1 (very weak)]: 0.000004 seconds
23:00:51  DEBUG     presidio-analyzer              | --- match_time[SSN2 (very weak)]: 0.000005 seconds
23:00:51  DEBUG     presidio-analyzer              | --- match_time[SSN3 (very weak)]: 0.000004 seconds
23:00:51  DEBUG     presidio-analyzer              | --- match_time[SSN4 (very weak)]: 0.000004 seconds
23:00:51  DEBUG     presidio-analyzer              | --- match_time[SSN5 (medium)]: 0.000005 seconds
23:00:51  DEBUG     masking.engine                 | Page 4: no entities masked (0 detected, none in mask list)
23:00:51  WARNING   presidio-analyzer              | Entity IN_AADHAAR doesn't have the corresponding recognizer in language : en
23:00:51  WARNING   presidio-analyzer              | Entity AU_TFN doesn't have the corresponding recognizer in language : en
23:00:51  WARNING   presidio-analyzer              | Entity IN_PAN doesn't have the corresponding recognizer in language : en
23:00:51  DEBUG     presidio-analyzer              | Returning a total of 9 recognizers
23:00:51  WARNING   presidio-analyzer              | Entity CARDINAL is not mapped to a Presidio entity, but keeping anyway. Add to `NerModelConfiguration.labels_to_ignore` to remove.
23:00:51  WARNING   presidio-analyzer              | Entity CARDINAL is not mapped to a Presidio entity, but keeping anyway. Add to `NerModelConfiguration.labels_to_ignore` to remove.
23:00:51  WARNING   presidio-analyzer              | Entity CARDINAL is not mapped to a Presidio entity, but keeping anyway. Add to `NerModelConfiguration.labels_to_ignore` to remove.
23:00:51  DEBUG     presidio-analyzer              | --- match_time[USA DEA Certificate Number (weak)]: 0.000014 seconds
23:00:51  DEBUG     presidio-analyzer              | --- match_time[Driver License - Alphanumeric (weak)]: 0.000007 seconds
23:00:51  DEBUG     presidio-analyzer              | --- match_time[Driver License - Digits (very weak)]: 0.000006 seconds
23:00:51  DEBUG     presidio-analyzer              | --- match_time[NHS (medium)]: 0.000007 seconds
23:00:51  DEBUG     presidio-analyzer              | --- match_time[Bank Account (weak)]: 0.000005 seconds
23:00:51  DEBUG     presidio-analyzer              | --- match_time[Passport (very weak)]: 0.000005 seconds
23:00:51  DEBUG     presidio-analyzer              | --- match_time[Passport Next Generation (very weak)]: 0.000005 seconds
23:00:51  DEBUG     presidio-analyzer              | --- match_time[All Credit Cards (weak)]: 0.000004 seconds
23:00:51  DEBUG     presidio-analyzer              | --- match_time[Itin (very weak)]: 0.000004 seconds
23:00:51  DEBUG     presidio-analyzer              | --- match_time[Itin (weak)]: 0.000005 seconds
23:00:51  DEBUG     presidio-analyzer              | --- match_time[Itin (medium)]: 0.000004 seconds
23:00:51  DEBUG     presidio-analyzer              | --- match_time[SSN1 (very weak)]: 0.000004 seconds
23:00:51  DEBUG     presidio-analyzer              | --- match_time[SSN2 (very weak)]: 0.000004 seconds
23:00:51  DEBUG     presidio-analyzer              | --- match_time[SSN3 (very weak)]: 0.000005 seconds
23:00:51  DEBUG     presidio-analyzer              | --- match_time[SSN4 (very weak)]: 0.000004 seconds
23:00:51  DEBUG     presidio-analyzer              | --- match_time[SSN5 (medium)]: 0.000004 seconds
23:00:51  DEBUG     masking.engine                 | Page 5: no entities masked (0 detected, none in mask list)
23:00:51  WARNING   presidio-analyzer              | Entity IN_AADHAAR doesn't have the corresponding recognizer in language : en
23:00:51  WARNING   presidio-analyzer              | Entity AU_TFN doesn't have the corresponding recognizer in language : en
23:00:51  WARNING   presidio-analyzer              | Entity IN_PAN doesn't have the corresponding recognizer in language : en
23:00:51  DEBUG     presidio-analyzer              | Returning a total of 9 recognizers
23:00:52  WARNING   presidio-analyzer              | Entity LAW is not mapped to a Presidio entity, but keeping anyway. Add to `NerModelConfiguration.labels_to_ignore` to remove.
23:00:52  WARNING   presidio-analyzer              | Entity CARDINAL is not mapped to a Presidio entity, but keeping anyway. Add to `NerModelConfiguration.labels_to_ignore` to remove.
23:00:52  WARNING   presidio-analyzer              | Entity CARDINAL is not mapped to a Presidio entity, but keeping anyway. Add to `NerModelConfiguration.labels_to_ignore` to remove.
23:00:52  WARNING   presidio-analyzer              | Entity CARDINAL is not mapped to a Presidio entity, but keeping anyway. Add to `NerModelConfiguration.labels_to_ignore` to remove.
23:00:52  WARNING   presidio-analyzer              | Entity CARDINAL is not mapped to a Presidio entity, but keeping anyway. Add to `NerModelConfiguration.labels_to_ignore` to remove.
23:00:52  DEBUG     presidio-analyzer              | --- match_time[USA DEA Certificate Number (weak)]: 0.000015 seconds
23:00:52  DEBUG     presidio-analyzer              | --- match_time[Driver License - Alphanumeric (weak)]: 0.000007 seconds
23:00:52  DEBUG     presidio-analyzer              | --- match_time[Driver License - Digits (very weak)]: 0.000021 seconds
23:00:52  DEBUG     presidio-analyzer              | --- match_time[NHS (medium)]: 0.000010 seconds
23:00:52  DEBUG     presidio-analyzer              | --- match_time[Bank Account (weak)]: 0.000005 seconds
23:00:52  DEBUG     presidio-analyzer              | --- match_time[Passport (very weak)]: 0.000005 seconds
23:00:52  DEBUG     presidio-analyzer              | --- match_time[Passport Next Generation (very weak)]: 0.000005 seconds
23:00:52  DEBUG     presidio-analyzer              | --- match_time[All Credit Cards (weak)]: 0.000004 seconds
23:00:52  DEBUG     presidio-analyzer              | --- match_time[Itin (very weak)]: 0.000004 seconds
23:00:52  DEBUG     presidio-analyzer              | --- match_time[Itin (weak)]: 0.000004 seconds
23:00:52  DEBUG     presidio-analyzer              | --- match_time[Itin (medium)]: 0.000005 seconds
23:00:52  DEBUG     presidio-analyzer              | --- match_time[SSN1 (very weak)]: 0.000004 seconds
23:00:52  DEBUG     presidio-analyzer              | --- match_time[SSN2 (very weak)]: 0.000005 seconds
23:00:52  DEBUG     presidio-analyzer              | --- match_time[SSN3 (very weak)]: 0.000005 seconds
23:00:52  DEBUG     presidio-analyzer              | --- match_time[SSN4 (very weak)]: 0.000005 seconds
23:00:52  DEBUG     presidio-analyzer              | --- match_time[SSN5 (medium)]: 0.000005 seconds
23:00:52  DEBUG     masking.engine                 | Page 6: no entities masked (0 detected, none in mask list)
23:00:52  WARNING   presidio-analyzer              | Entity IN_AADHAAR doesn't have the corresponding recognizer in language : en
23:00:52  WARNING   presidio-analyzer              | Entity AU_TFN doesn't have the corresponding recognizer in language : en
23:00:52  WARNING   presidio-analyzer              | Entity IN_PAN doesn't have the corresponding recognizer in language : en
23:00:52  DEBUG     presidio-analyzer              | Returning a total of 9 recognizers
23:00:52  WARNING   presidio-analyzer              | Entity ORDINAL is not mapped to a Presidio entity, but keeping anyway. Add to `NerModelConfiguration.labels_to_ignore` to remove.
23:00:52  WARNING   presidio-analyzer              | Entity ORDINAL is not mapped to a Presidio entity, but keeping anyway. Add to `NerModelConfiguration.labels_to_ignore` to remove.
23:00:52  WARNING   presidio-analyzer              | Entity WORK_OF_ART is not mapped to a Presidio entity, but keeping anyway. Add to `NerModelConfiguration.labels_to_ignore` to remove.
23:00:52  WARNING   presidio-analyzer              | Entity CARDINAL is not mapped to a Presidio entity, but keeping anyway. Add to `NerModelConfiguration.labels_to_ignore` to remove.
23:00:52  DEBUG     presidio-analyzer              | --- match_time[USA DEA Certificate Number (weak)]: 0.000015 seconds
23:00:52  DEBUG     presidio-analyzer              | --- match_time[Driver License - Alphanumeric (weak)]: 0.000008 seconds
23:00:52  DEBUG     presidio-analyzer              | --- match_time[Driver License - Digits (very weak)]: 0.000022 seconds
23:00:52  DEBUG     presidio-analyzer              | --- match_time[NHS (medium)]: 0.000047 seconds
23:00:52  DEBUG     presidio-analyzer              | --- match_time[Bank Account (weak)]: 0.000007 seconds
23:00:52  DEBUG     presidio-analyzer              | --- match_time[Passport (very weak)]: 0.000006 seconds
23:00:52  DEBUG     presidio-analyzer              | --- match_time[Passport Next Generation (very weak)]: 0.000005 seconds
23:00:52  DEBUG     presidio-analyzer              | --- match_time[All Credit Cards (weak)]: 0.000004 seconds
23:00:52  DEBUG     presidio-analyzer              | --- match_time[Itin (very weak)]: 0.000004 seconds
23:00:52  DEBUG     presidio-analyzer              | --- match_time[Itin (weak)]: 0.000004 seconds
23:00:52  DEBUG     presidio-analyzer              | --- match_time[Itin (medium)]: 0.000005 seconds
23:00:52  DEBUG     presidio-analyzer              | --- match_time[SSN1 (very weak)]: 0.000004 seconds
23:00:52  DEBUG     presidio-analyzer              | --- match_time[SSN2 (very weak)]: 0.000005 seconds
23:00:52  DEBUG     presidio-analyzer              | --- match_time[SSN3 (very weak)]: 0.000006 seconds
23:00:52  DEBUG     presidio-analyzer              | --- match_time[SSN4 (very weak)]: 0.000017 seconds
23:00:52  DEBUG     presidio-analyzer              | --- match_time[SSN5 (medium)]: 0.000016 seconds
23:00:52  DEBUG     masking.engine                 | Page 7: no entities masked (0 detected, none in mask list)
23:00:52  WARNING   presidio-analyzer              | Entity IN_AADHAAR doesn't have the corresponding recognizer in language : en
23:00:52  WARNING   presidio-analyzer              | Entity AU_TFN doesn't have the corresponding recognizer in language : en
23:00:52  WARNING   presidio-analyzer              | Entity IN_PAN doesn't have the corresponding recognizer in language : en
23:00:52  DEBUG     presidio-analyzer              | Returning a total of 9 recognizers
23:00:52  WARNING   presidio-analyzer              | Entity ORDINAL is not mapped to a Presidio entity, but keeping anyway. Add to `NerModelConfiguration.labels_to_ignore` to remove.
23:00:52  WARNING   presidio-analyzer              | Entity CARDINAL is not mapped to a Presidio entity, but keeping anyway. Add to `NerModelConfiguration.labels_to_ignore` to remove.
23:00:52  DEBUG     presidio-analyzer              | --- match_time[USA DEA Certificate Number (weak)]: 0.000211 seconds
23:00:52  DEBUG     presidio-analyzer              | --- match_time[Driver License - Alphanumeric (weak)]: 0.000012 seconds
23:00:52  DEBUG     presidio-analyzer              | --- match_time[Driver License - Digits (very weak)]: 0.000018 seconds
23:00:52  DEBUG     presidio-analyzer              | --- match_time[NHS (medium)]: 0.000011 seconds
23:00:52  DEBUG     presidio-analyzer              | --- match_time[Bank Account (weak)]: 0.000014 seconds
23:00:52  DEBUG     presidio-analyzer              | --- match_time[Passport (very weak)]: 0.000007 seconds
23:00:52  DEBUG     presidio-analyzer              | --- match_time[Passport Next Generation (very weak)]: 0.000006 seconds
23:00:52  DEBUG     presidio-analyzer              | --- match_time[All Credit Cards (weak)]: 0.000006 seconds
23:00:52  DEBUG     presidio-analyzer              | --- match_time[Itin (very weak)]: 0.000005 seconds
23:00:52  DEBUG     presidio-analyzer              | --- match_time[Itin (weak)]: 0.000005 seconds
23:00:52  DEBUG     presidio-analyzer              | --- match_time[Itin (medium)]: 0.000005 seconds
23:00:52  DEBUG     presidio-analyzer              | --- match_time[SSN1 (very weak)]: 0.000004 seconds
23:00:52  DEBUG     presidio-analyzer              | --- match_time[SSN2 (very weak)]: 0.000004 seconds
23:00:52  DEBUG     presidio-analyzer              | --- match_time[SSN3 (very weak)]: 0.000005 seconds
23:00:52  DEBUG     presidio-analyzer              | --- match_time[SSN4 (very weak)]: 0.000005 seconds
23:00:52  DEBUG     presidio-analyzer              | --- match_time[SSN5 (medium)]: 0.000045 seconds
23:00:52  DEBUG     presidio-analyzer              | Context list is: wage statement form annual w2 e.g.
23:00:52  DEBUG     presidio-analyzer              | Context list is: t4 form statement canada w2 e.g.
23:00:52  DEBUG     masking.engine                 | Page 8: no entities masked (0 detected, none in mask list)
23:00:52  WARNING   presidio-analyzer              | Entity IN_AADHAAR doesn't have the corresponding recognizer in language : en
23:00:52  WARNING   presidio-analyzer              | Entity AU_TFN doesn't have the corresponding recognizer in language : en
23:00:52  WARNING   presidio-analyzer              | Entity IN_PAN doesn't have the corresponding recognizer in language : en
23:00:52  DEBUG     presidio-analyzer              | Returning a total of 9 recognizers
23:00:52  WARNING   presidio-analyzer              | Entity ORDINAL is not mapped to a Presidio entity, but keeping anyway. Add to `NerModelConfiguration.labels_to_ignore` to remove.
23:00:52  WARNING   presidio-analyzer              | Entity CARDINAL is not mapped to a Presidio entity, but keeping anyway. Add to `NerModelConfiguration.labels_to_ignore` to remove.
23:00:52  WARNING   presidio-analyzer              | Entity CARDINAL is not mapped to a Presidio entity, but keeping anyway. Add to `NerModelConfiguration.labels_to_ignore` to remove.
23:00:52  WARNING   presidio-analyzer              | Entity PRODUCT is not mapped to a Presidio entity, but keeping anyway. Add to `NerModelConfiguration.labels_to_ignore` to remove.
23:00:52  WARNING   presidio-analyzer              | Entity CARDINAL is not mapped to a Presidio entity, but keeping anyway. Add to `NerModelConfiguration.labels_to_ignore` to remove.
23:00:52  DEBUG     presidio-analyzer              | --- match_time[USA DEA Certificate Number (weak)]: 0.000015 seconds
23:00:52  DEBUG     presidio-analyzer              | --- match_time[Driver License - Alphanumeric (weak)]: 0.000008 seconds
23:00:52  DEBUG     presidio-analyzer              | --- match_time[Driver License - Digits (very weak)]: 0.000006 seconds
23:00:52  DEBUG     presidio-analyzer              | --- match_time[NHS (medium)]: 0.000005 seconds
23:00:52  DEBUG     presidio-analyzer              | --- match_time[Bank Account (weak)]: 0.000005 seconds
23:00:52  DEBUG     presidio-analyzer              | --- match_time[Passport (very weak)]: 0.000004 seconds
23:00:52  DEBUG     presidio-analyzer              | --- match_time[Passport Next Generation (very weak)]: 0.000022 seconds
23:00:52  DEBUG     presidio-analyzer              | --- match_time[All Credit Cards (weak)]: 0.000013 seconds
23:00:52  DEBUG     presidio-analyzer              | --- match_time[Itin (very weak)]: 0.000009 seconds
23:00:52  DEBUG     presidio-analyzer              | --- match_time[Itin (weak)]: 0.000006 seconds
23:00:52  DEBUG     presidio-analyzer              | --- match_time[Itin (medium)]: 0.000005 seconds
23:00:52  DEBUG     presidio-analyzer              | --- match_time[SSN1 (very weak)]: 0.000005 seconds
23:00:52  DEBUG     presidio-analyzer              | --- match_time[SSN2 (very weak)]: 0.000008 seconds
23:00:52  DEBUG     presidio-analyzer              | --- match_time[SSN3 (very weak)]: 0.000007 seconds
23:00:52  DEBUG     presidio-analyzer              | --- match_time[SSN4 (very weak)]: 0.000005 seconds
23:00:52  DEBUG     presidio-analyzer              | --- match_time[SSN5 (medium)]: 0.000010 seconds
23:00:52  DEBUG     masking.engine                 | Page 9: no entities masked (0 detected, none in mask list)
23:00:52  WARNING   presidio-analyzer              | Entity IN_AADHAAR doesn't have the corresponding recognizer in language : en
23:00:52  WARNING   presidio-analyzer              | Entity AU_TFN doesn't have the corresponding recognizer in language : en
23:00:52  WARNING   presidio-analyzer              | Entity IN_PAN doesn't have the corresponding recognizer in language : en
23:00:52  DEBUG     presidio-analyzer              | Returning a total of 9 recognizers
23:00:52  WARNING   presidio-analyzer              | Entity CARDINAL is not mapped to a Presidio entity, but keeping anyway. Add to `NerModelConfiguration.labels_to_ignore` to remove.
23:00:52  DEBUG     presidio-analyzer              | --- match_time[USA DEA Certificate Number (weak)]: 0.000013 seconds
23:00:52  DEBUG     presidio-analyzer              | --- match_time[Driver License - Alphanumeric (weak)]: 0.000006 seconds
23:00:52  DEBUG     presidio-analyzer              | --- match_time[Driver License - Digits (very weak)]: 0.000006 seconds
23:00:52  DEBUG     presidio-analyzer              | --- match_time[NHS (medium)]: 0.000004 seconds
23:00:52  DEBUG     presidio-analyzer              | --- match_time[Bank Account (weak)]: 0.000004 seconds
23:00:52  DEBUG     presidio-analyzer              | --- match_time[Passport (very weak)]: 0.000004 seconds
23:00:52  DEBUG     presidio-analyzer              | --- match_time[Passport Next Generation (very weak)]: 0.000005 seconds
23:00:52  DEBUG     presidio-analyzer              | --- match_time[All Credit Cards (weak)]: 0.000008 seconds
23:00:52  DEBUG     presidio-analyzer              | --- match_time[Itin (very weak)]: 0.000005 seconds
23:00:52  DEBUG     presidio-analyzer              | --- match_time[Itin (weak)]: 0.000005 seconds
23:00:52  DEBUG     presidio-analyzer              | --- match_time[Itin (medium)]: 0.000005 seconds
23:00:52  DEBUG     presidio-analyzer              | --- match_time[SSN1 (very weak)]: 0.000004 seconds
23:00:52  DEBUG     presidio-analyzer              | --- match_time[SSN2 (very weak)]: 0.000022 seconds
23:00:52  DEBUG     presidio-analyzer              | --- match_time[SSN3 (very weak)]: 0.000008 seconds
23:00:52  DEBUG     presidio-analyzer              | --- match_time[SSN4 (very weak)]: 0.000005 seconds
23:00:52  DEBUG     presidio-analyzer              | --- match_time[SSN5 (medium)]: 0.000005 seconds
23:00:52  DEBUG     masking.engine                 | Page 10: no entities masked (0 detected, none in mask list)
23:00:52  WARNING   presidio-analyzer              | Entity IN_AADHAAR doesn't have the corresponding recognizer in language : en
23:00:52  WARNING   presidio-analyzer              | Entity AU_TFN doesn't have the corresponding recognizer in language : en
23:00:52  WARNING   presidio-analyzer              | Entity IN_PAN doesn't have the corresponding recognizer in language : en
23:00:52  DEBUG     presidio-analyzer              | Returning a total of 9 recognizers
23:00:52  WARNING   presidio-analyzer              | Entity PERCENT is not mapped to a Presidio entity, but keeping anyway. Add to `NerModelConfiguration.labels_to_ignore` to remove.
23:00:52  WARNING   presidio-analyzer              | Entity CARDINAL is not mapped to a Presidio entity, but keeping anyway. Add to `NerModelConfiguration.labels_to_ignore` to remove.
23:00:52  WARNING   presidio-analyzer              | Entity CARDINAL is not mapped to a Presidio entity, but keeping anyway. Add to `NerModelConfiguration.labels_to_ignore` to remove.
23:00:52  WARNING   presidio-analyzer              | Entity CARDINAL is not mapped to a Presidio entity, but keeping anyway. Add to `NerModelConfiguration.labels_to_ignore` to remove.
23:00:52  WARNING   presidio-analyzer              | Entity MONEY is not mapped to a Presidio entity, but keeping anyway. Add to `NerModelConfiguration.labels_to_ignore` to remove.
23:00:52  WARNING   presidio-analyzer              | Entity CARDINAL is not mapped to a Presidio entity, but keeping anyway. Add to `NerModelConfiguration.labels_to_ignore` to remove.
23:00:52  WARNING   presidio-analyzer              | Entity CARDINAL is not mapped to a Presidio entity, but keeping anyway. Add to `NerModelConfiguration.labels_to_ignore` to remove.
23:00:52  DEBUG     presidio-analyzer              | --- match_time[USA DEA Certificate Number (weak)]: 0.000013 seconds
23:00:52  DEBUG     presidio-analyzer              | --- match_time[Driver License - Alphanumeric (weak)]: 0.000006 seconds
23:00:52  DEBUG     presidio-analyzer              | --- match_time[Driver License - Digits (very weak)]: 0.000009 seconds
23:00:52  DEBUG     presidio-analyzer              | --- match_time[NHS (medium)]: 0.000005 seconds
23:00:52  DEBUG     presidio-analyzer              | --- match_time[Bank Account (weak)]: 0.000006 seconds
23:00:52  DEBUG     presidio-analyzer              | --- match_time[Passport (very weak)]: 0.000005 seconds
23:00:52  DEBUG     presidio-analyzer              | --- match_time[Passport Next Generation (very weak)]: 0.000005 seconds
23:00:52  DEBUG     presidio-analyzer              | --- match_time[All Credit Cards (weak)]: 0.000004 seconds
23:00:52  DEBUG     presidio-analyzer              | --- match_time[Itin (very weak)]: 0.000005 seconds
23:00:52  DEBUG     presidio-analyzer              | --- match_time[Itin (weak)]: 0.000005 seconds
23:00:52  DEBUG     presidio-analyzer              | --- match_time[Itin (medium)]: 0.000008 seconds
23:00:52  DEBUG     presidio-analyzer              | --- match_time[SSN1 (very weak)]: 0.000005 seconds
23:00:52  DEBUG     presidio-analyzer              | --- match_time[SSN2 (very weak)]: 0.000004 seconds
23:00:52  DEBUG     presidio-analyzer              | --- match_time[SSN3 (very weak)]: 0.000005 seconds
23:00:52  DEBUG     presidio-analyzer              | --- match_time[SSN4 (very weak)]: 0.000005 seconds
23:00:52  DEBUG     presidio-analyzer              | --- match_time[SSN5 (medium)]: 0.000004 seconds
23:00:52  DEBUG     masking.engine                 | Page 11: no entities masked (0 detected, none in mask list)
23:00:52  WARNING   presidio-analyzer              | Entity IN_AADHAAR doesn't have the corresponding recognizer in language : en
23:00:52  WARNING   presidio-analyzer              | Entity AU_TFN doesn't have the corresponding recognizer in language : en
23:00:52  WARNING   presidio-analyzer              | Entity IN_PAN doesn't have the corresponding recognizer in language : en
23:00:52  DEBUG     presidio-analyzer              | Returning a total of 9 recognizers
23:00:52  WARNING   presidio-analyzer              | Entity CARDINAL is not mapped to a Presidio entity, but keeping anyway. Add to `NerModelConfiguration.labels_to_ignore` to remove.
23:00:52  WARNING   presidio-analyzer              | Entity CARDINAL is not mapped to a Presidio entity, but keeping anyway. Add to `NerModelConfiguration.labels_to_ignore` to remove.
23:00:52  WARNING   presidio-analyzer              | Entity CARDINAL is not mapped to a Presidio entity, but keeping anyway. Add to `NerModelConfiguration.labels_to_ignore` to remove.
23:00:52  WARNING   presidio-analyzer              | Entity CARDINAL is not mapped to a Presidio entity, but keeping anyway. Add to `NerModelConfiguration.labels_to_ignore` to remove.
23:00:52  WARNING   presidio-analyzer              | Entity CARDINAL is not mapped to a Presidio entity, but keeping anyway. Add to `NerModelConfiguration.labels_to_ignore` to remove.
23:00:52  WARNING   presidio-analyzer              | Entity CARDINAL is not mapped to a Presidio entity, but keeping anyway. Add to `NerModelConfiguration.labels_to_ignore` to remove.
23:00:52  WARNING   presidio-analyzer              | Entity CARDINAL is not mapped to a Presidio entity, but keeping anyway. Add to `NerModelConfiguration.labels_to_ignore` to remove.
23:00:52  WARNING   presidio-analyzer              | Entity PRODUCT is not mapped to a Presidio entity, but keeping anyway. Add to `NerModelConfiguration.labels_to_ignore` to remove.
23:00:52  WARNING   presidio-analyzer              | Entity PERCENT is not mapped to a Presidio entity, but keeping anyway. Add to `NerModelConfiguration.labels_to_ignore` to remove.
23:00:52  WARNING   presidio-analyzer              | Entity CARDINAL is not mapped to a Presidio entity, but keeping anyway. Add to `NerModelConfiguration.labels_to_ignore` to remove.
23:00:52  WARNING   presidio-analyzer              | Entity CARDINAL is not mapped to a Presidio entity, but keeping anyway. Add to `NerModelConfiguration.labels_to_ignore` to remove.
23:00:52  WARNING   presidio-analyzer              | Entity CARDINAL is not mapped to a Presidio entity, but keeping anyway. Add to `NerModelConfiguration.labels_to_ignore` to remove.
23:00:52  DEBUG     presidio-analyzer              | --- match_time[USA DEA Certificate Number (weak)]: 0.000014 seconds
23:00:52  DEBUG     presidio-analyzer              | --- match_time[Driver License - Alphanumeric (weak)]: 0.000009 seconds
23:00:52  DEBUG     presidio-analyzer              | --- match_time[Driver License - Digits (very weak)]: 0.000006 seconds
23:00:52  DEBUG     presidio-analyzer              | --- match_time[NHS (medium)]: 0.000005 seconds
23:00:52  DEBUG     presidio-analyzer              | --- match_time[Bank Account (weak)]: 0.000005 seconds
23:00:52  DEBUG     presidio-analyzer              | --- match_time[Passport (very weak)]: 0.000005 seconds
23:00:52  DEBUG     presidio-analyzer              | --- match_time[Passport Next Generation (very weak)]: 0.000006 seconds
23:00:52  DEBUG     presidio-analyzer              | --- match_time[All Credit Cards (weak)]: 0.000004 seconds
23:00:52  DEBUG     presidio-analyzer              | --- match_time[Itin (very weak)]: 0.000005 seconds
23:00:52  DEBUG     presidio-analyzer              | --- match_time[Itin (weak)]: 0.000005 seconds
23:00:52  DEBUG     presidio-analyzer              | --- match_time[Itin (medium)]: 0.000005 seconds
23:00:52  DEBUG     presidio-analyzer              | --- match_time[SSN1 (very weak)]: 0.000009 seconds
23:00:52  DEBUG     presidio-analyzer              | --- match_time[SSN2 (very weak)]: 0.000005 seconds
23:00:52  DEBUG     presidio-analyzer              | --- match_time[SSN3 (very weak)]: 0.000005 seconds
23:00:52  DEBUG     presidio-analyzer              | --- match_time[SSN4 (very weak)]: 0.000056 seconds
23:00:52  DEBUG     presidio-analyzer              | --- match_time[SSN5 (medium)]: 0.000006 seconds
23:00:52  DEBUG     presidio-analyzer              | Context list is: canadian regular t1135 year 1,725 cad
23:00:52  DEBUG     presidio-analyzer              | Context list is: a1 fee application description currency item
23:00:52  DEBUG     presidio-analyzer              | Found context keyword 'lic'
23:00:52  DEBUG     masking.engine                 | Page 12: no entities masked (0 detected, none in mask list)
23:00:52  WARNING   presidio-analyzer              | Entity IN_AADHAAR doesn't have the corresponding recognizer in language : en
23:00:52  WARNING   presidio-analyzer              | Entity AU_TFN doesn't have the corresponding recognizer in language : en
23:00:52  WARNING   presidio-analyzer              | Entity IN_PAN doesn't have the corresponding recognizer in language : en
23:00:52  DEBUG     presidio-analyzer              | Returning a total of 9 recognizers
23:00:53  WARNING   presidio-analyzer              | Entity CARDINAL is not mapped to a Presidio entity, but keeping anyway. Add to `NerModelConfiguration.labels_to_ignore` to remove.
23:00:53  WARNING   presidio-analyzer              | Entity PRODUCT is not mapped to a Presidio entity, but keeping anyway. Add to `NerModelConfiguration.labels_to_ignore` to remove.
23:00:53  WARNING   presidio-analyzer              | Entity CARDINAL is not mapped to a Presidio entity, but keeping anyway. Add to `NerModelConfiguration.labels_to_ignore` to remove.
23:00:53  DEBUG     presidio-analyzer              | --- match_time[USA DEA Certificate Number (weak)]: 0.000020 seconds
23:00:53  DEBUG     presidio-analyzer              | --- match_time[Driver License - Alphanumeric (weak)]: 0.000015 seconds
23:00:53  DEBUG     presidio-analyzer              | --- match_time[Driver License - Digits (very weak)]: 0.000015 seconds
23:00:53  DEBUG     presidio-analyzer              | --- match_time[NHS (medium)]: 0.000006 seconds
23:00:53  DEBUG     presidio-analyzer              | --- match_time[Bank Account (weak)]: 0.000006 seconds
23:00:53  DEBUG     presidio-analyzer              | --- match_time[Passport (very weak)]: 0.000004 seconds
23:00:53  DEBUG     presidio-analyzer              | --- match_time[Passport Next Generation (very weak)]: 0.000005 seconds
23:00:53  DEBUG     presidio-analyzer              | --- match_time[All Credit Cards (weak)]: 0.000005 seconds
23:00:53  DEBUG     presidio-analyzer              | --- match_time[Itin (very weak)]: 0.000005 seconds
23:00:53  DEBUG     presidio-analyzer              | --- match_time[Itin (weak)]: 0.000005 seconds
23:00:53  DEBUG     presidio-analyzer              | --- match_time[Itin (medium)]: 0.000011 seconds
23:00:53  DEBUG     presidio-analyzer              | --- match_time[SSN1 (very weak)]: 0.000005 seconds
23:00:53  DEBUG     presidio-analyzer              | --- match_time[SSN2 (very weak)]: 0.000011 seconds
23:00:53  DEBUG     presidio-analyzer              | --- match_time[SSN3 (very weak)]: 0.000006 seconds
23:00:53  DEBUG     presidio-analyzer              | --- match_time[SSN4 (very weak)]: 0.000005 seconds
23:00:53  DEBUG     presidio-analyzer              | --- match_time[SSN5 (medium)]: 0.000005 seconds
23:00:53  DEBUG     presidio-analyzer              | Context list is: equalization 375 eur e101 calculation certificate
23:00:53  DEBUG     presidio-analyzer              | Context list is: a1 375 eur e101 calculation certificate
23:00:53  DEBUG     masking.engine                 | Page 13: no entities masked (0 detected, none in mask list)
23:00:53  WARNING   presidio-analyzer              | Entity IN_AADHAAR doesn't have the corresponding recognizer in language : en
23:00:53  WARNING   presidio-analyzer              | Entity AU_TFN doesn't have the corresponding recognizer in language : en
23:00:53  WARNING   presidio-analyzer              | Entity IN_PAN doesn't have the corresponding recognizer in language : en
23:00:53  DEBUG     presidio-analyzer              | Returning a total of 9 recognizers
23:00:53  WARNING   presidio-analyzer              | Entity PRODUCT is not mapped to a Presidio entity, but keeping anyway. Add to `NerModelConfiguration.labels_to_ignore` to remove.
23:00:53  WARNING   presidio-analyzer              | Entity MONEY is not mapped to a Presidio entity, but keeping anyway. Add to `NerModelConfiguration.labels_to_ignore` to remove.
23:00:53  WARNING   presidio-analyzer              | Entity CARDINAL is not mapped to a Presidio entity, but keeping anyway. Add to `NerModelConfiguration.labels_to_ignore` to remove.
23:00:53  WARNING   presidio-analyzer              | Entity MONEY is not mapped to a Presidio entity, but keeping anyway. Add to `NerModelConfiguration.labels_to_ignore` to remove.
23:00:53  WARNING   presidio-analyzer              | Entity MONEY is not mapped to a Presidio entity, but keeping anyway. Add to `NerModelConfiguration.labels_to_ignore` to remove.
23:00:53  WARNING   presidio-analyzer              | Entity MONEY is not mapped to a Presidio entity, but keeping anyway. Add to `NerModelConfiguration.labels_to_ignore` to remove.
23:00:53  WARNING   presidio-analyzer              | Entity CARDINAL is not mapped to a Presidio entity, but keeping anyway. Add to `NerModelConfiguration.labels_to_ignore` to remove.
23:00:53  WARNING   presidio-analyzer              | Entity ORDINAL is not mapped to a Presidio entity, but keeping anyway. Add to `NerModelConfiguration.labels_to_ignore` to remove.
23:00:53  WARNING   presidio-analyzer              | Entity ORDINAL is not mapped to a Presidio entity, but keeping anyway. Add to `NerModelConfiguration.labels_to_ignore` to remove.
23:00:53  WARNING   presidio-analyzer              | Entity CARDINAL is not mapped to a Presidio entity, but keeping anyway. Add to `NerModelConfiguration.labels_to_ignore` to remove.
23:00:53  WARNING   presidio-analyzer              | Entity CARDINAL is not mapped to a Presidio entity, but keeping anyway. Add to `NerModelConfiguration.labels_to_ignore` to remove.
23:00:53  WARNING   presidio-analyzer              | Entity CARDINAL is not mapped to a Presidio entity, but keeping anyway. Add to `NerModelConfiguration.labels_to_ignore` to remove.
23:00:53  DEBUG     presidio-analyzer              | --- match_time[USA DEA Certificate Number (weak)]: 0.000013 seconds
23:00:53  DEBUG     presidio-analyzer              | --- match_time[Driver License - Alphanumeric (weak)]: 0.000007 seconds
23:00:53  DEBUG     presidio-analyzer              | --- match_time[Driver License - Digits (very weak)]: 0.000019 seconds
23:00:53  DEBUG     presidio-analyzer              | --- match_time[NHS (medium)]: 0.000006 seconds
23:00:53  DEBUG     presidio-analyzer              | --- match_time[Bank Account (weak)]: 0.000013 seconds
23:00:53  DEBUG     presidio-analyzer              | --- match_time[Passport (very weak)]: 0.000006 seconds
23:00:53  DEBUG     presidio-analyzer              | --- match_time[Passport Next Generation (very weak)]: 0.000006 seconds
23:00:53  DEBUG     presidio-analyzer              | --- match_time[All Credit Cards (weak)]: 0.000004 seconds
23:00:53  DEBUG     presidio-analyzer              | --- match_time[Itin (very weak)]: 0.000004 seconds
23:00:53  DEBUG     presidio-analyzer              | --- match_time[Itin (weak)]: 0.000005 seconds
23:00:53  DEBUG     presidio-analyzer              | --- match_time[Itin (medium)]: 0.000004 seconds
23:00:53  DEBUG     presidio-analyzer              | --- match_time[SSN1 (very weak)]: 0.000007 seconds
23:00:53  DEBUG     presidio-analyzer              | --- match_time[SSN2 (very weak)]: 0.000005 seconds
23:00:53  DEBUG     presidio-analyzer              | --- match_time[SSN3 (very weak)]: 0.000005 seconds
23:00:53  DEBUG     presidio-analyzer              | --- match_time[SSN4 (very weak)]: 0.000004 seconds
23:00:53  DEBUG     presidio-analyzer              | --- match_time[SSN5 (medium)]: 0.000004 seconds
23:00:53  DEBUG     masking.engine                 | Page 14: no entities masked (0 detected, none in mask list)
23:00:53  WARNING   presidio-analyzer              | Entity IN_AADHAAR doesn't have the corresponding recognizer in language : en
23:00:53  WARNING   presidio-analyzer              | Entity AU_TFN doesn't have the corresponding recognizer in language : en
23:00:53  WARNING   presidio-analyzer              | Entity IN_PAN doesn't have the corresponding recognizer in language : en
23:00:53  DEBUG     presidio-analyzer              | Returning a total of 9 recognizers
23:00:53  WARNING   presidio-analyzer              | Entity CARDINAL is not mapped to a Presidio entity, but keeping anyway. Add to `NerModelConfiguration.labels_to_ignore` to remove.
23:00:53  WARNING   presidio-analyzer              | Entity CARDINAL is not mapped to a Presidio entity, but keeping anyway. Add to `NerModelConfiguration.labels_to_ignore` to remove.
23:00:53  WARNING   presidio-analyzer              | Entity PRODUCT is not mapped to a Presidio entity, but keeping anyway. Add to `NerModelConfiguration.labels_to_ignore` to remove.
23:00:53  WARNING   presidio-analyzer              | Entity CARDINAL is not mapped to a Presidio entity, but keeping anyway. Add to `NerModelConfiguration.labels_to_ignore` to remove.
23:00:53  DEBUG     presidio-analyzer              | --- match_time[USA DEA Certificate Number (weak)]: 0.000014 seconds
23:00:53  DEBUG     presidio-analyzer              | --- match_time[Driver License - Alphanumeric (weak)]: 0.000005 seconds
23:00:53  DEBUG     presidio-analyzer              | --- match_time[Driver License - Digits (very weak)]: 0.000006 seconds
23:00:53  DEBUG     presidio-analyzer              | --- match_time[NHS (medium)]: 0.000005 seconds
23:00:53  DEBUG     presidio-analyzer              | --- match_time[Bank Account (weak)]: 0.000018 seconds
23:00:53  DEBUG     presidio-analyzer              | --- match_time[Passport (very weak)]: 0.000008 seconds
23:00:53  DEBUG     presidio-analyzer              | --- match_time[Passport Next Generation (very weak)]: 0.000006 seconds
23:00:53  DEBUG     presidio-analyzer              | --- match_time[All Credit Cards (weak)]: 0.000005 seconds
23:00:53  DEBUG     presidio-analyzer              | --- match_time[Itin (very weak)]: 0.000005 seconds
23:00:53  DEBUG     presidio-analyzer              | --- match_time[Itin (weak)]: 0.000005 seconds
23:00:53  DEBUG     presidio-analyzer              | --- match_time[Itin (medium)]: 0.000005 seconds
23:00:53  DEBUG     presidio-analyzer              | --- match_time[SSN1 (very weak)]: 0.000004 seconds
23:00:53  DEBUG     presidio-analyzer              | --- match_time[SSN2 (very weak)]: 0.000004 seconds
23:00:53  DEBUG     presidio-analyzer              | --- match_time[SSN3 (very weak)]: 0.000004 seconds
23:00:53  DEBUG     presidio-analyzer              | --- match_time[SSN4 (very weak)]: 0.000005 seconds
23:00:53  DEBUG     presidio-analyzer              | --- match_time[SSN5 (medium)]: 0.000004 seconds
23:00:53  DEBUG     presidio-analyzer              | Context list is: a1 coc application social security 482
23:00:53  DEBUG     presidio-analyzer              | Found context keyword 'lic'
23:00:53  DEBUG     masking.engine                 | Page 15: no entities masked (0 detected, none in mask list)
23:00:53  WARNING   presidio-analyzer              | Entity IN_AADHAAR doesn't have the corresponding recognizer in language : en
23:00:53  WARNING   presidio-analyzer              | Entity AU_TFN doesn't have the corresponding recognizer in language : en
23:00:53  WARNING   presidio-analyzer              | Entity IN_PAN doesn't have the corresponding recognizer in language : en
23:00:53  DEBUG     presidio-analyzer              | Returning a total of 9 recognizers
23:00:53  WARNING   presidio-analyzer              | Entity CARDINAL is not mapped to a Presidio entity, but keeping anyway. Add to `NerModelConfiguration.labels_to_ignore` to remove.
23:00:53  WARNING   presidio-analyzer              | Entity CARDINAL is not mapped to a Presidio entity, but keeping anyway. Add to `NerModelConfiguration.labels_to_ignore` to remove.
23:00:53  WARNING   presidio-analyzer              | Entity CARDINAL is not mapped to a Presidio entity, but keeping anyway. Add to `NerModelConfiguration.labels_to_ignore` to remove.
23:00:53  WARNING   presidio-analyzer              | Entity CARDINAL is not mapped to a Presidio entity, but keeping anyway. Add to `NerModelConfiguration.labels_to_ignore` to remove.
23:00:53  WARNING   presidio-analyzer              | Entity CARDINAL is not mapped to a Presidio entity, but keeping anyway. Add to `NerModelConfiguration.labels_to_ignore` to remove.
23:00:53  WARNING   presidio-analyzer              | Entity CARDINAL is not mapped to a Presidio entity, but keeping anyway. Add to `NerModelConfiguration.labels_to_ignore` to remove.
23:00:53  WARNING   presidio-analyzer              | Entity WORK_OF_ART is not mapped to a Presidio entity, but keeping anyway. Add to `NerModelConfiguration.labels_to_ignore` to remove.
23:00:53  WARNING   presidio-analyzer              | Entity CARDINAL is not mapped to a Presidio entity, but keeping anyway. Add to `NerModelConfiguration.labels_to_ignore` to remove.
23:00:53  WARNING   presidio-analyzer              | Entity PERCENT is not mapped to a Presidio entity, but keeping anyway. Add to `NerModelConfiguration.labels_to_ignore` to remove.
23:00:53  WARNING   presidio-analyzer              | Entity CARDINAL is not mapped to a Presidio entity, but keeping anyway. Add to `NerModelConfiguration.labels_to_ignore` to remove.
23:00:53  DEBUG     presidio-analyzer              | --- match_time[USA DEA Certificate Number (weak)]: 0.000014 seconds
23:00:53  DEBUG     presidio-analyzer              | --- match_time[Driver License - Alphanumeric (weak)]: 0.000006 seconds
23:00:53  DEBUG     presidio-analyzer              | --- match_time[Driver License - Digits (very weak)]: 0.000006 seconds
23:00:53  DEBUG     presidio-analyzer              | --- match_time[NHS (medium)]: 0.000009 seconds
23:00:53  DEBUG     presidio-analyzer              | --- match_time[Bank Account (weak)]: 0.000013 seconds
23:00:53  DEBUG     presidio-analyzer              | --- match_time[Passport (very weak)]: 0.000005 seconds
23:00:53  DEBUG     presidio-analyzer              | --- match_time[Passport Next Generation (very weak)]: 0.000008 seconds
23:00:53  DEBUG     presidio-analyzer              | --- match_time[All Credit Cards (weak)]: 0.000005 seconds
23:00:53  DEBUG     presidio-analyzer              | --- match_time[Itin (very weak)]: 0.000005 seconds
23:00:53  DEBUG     presidio-analyzer              | --- match_time[Itin (weak)]: 0.000005 seconds
23:00:53  DEBUG     presidio-analyzer              | --- match_time[Itin (medium)]: 0.000004 seconds
23:00:53  DEBUG     presidio-analyzer              | --- match_time[SSN1 (very weak)]: 0.000005 seconds
23:00:53  DEBUG     presidio-analyzer              | --- match_time[SSN2 (very weak)]: 0.000005 seconds
23:00:53  DEBUG     presidio-analyzer              | --- match_time[SSN3 (very weak)]: 0.000005 seconds
23:00:53  DEBUG     presidio-analyzer              | --- match_time[SSN4 (very weak)]: 0.000005 seconds
23:00:53  DEBUG     presidio-analyzer              | --- match_time[SSN5 (medium)]: 0.000004 seconds
23:00:53  DEBUG     masking.engine                 | Page 16: no entities masked (0 detected, none in mask list)
23:00:53  WARNING   presidio-analyzer              | Entity IN_AADHAAR doesn't have the corresponding recognizer in language : en
23:00:53  WARNING   presidio-analyzer              | Entity AU_TFN doesn't have the corresponding recognizer in language : en
23:00:53  WARNING   presidio-analyzer              | Entity IN_PAN doesn't have the corresponding recognizer in language : en
23:00:53  DEBUG     presidio-analyzer              | Returning a total of 9 recognizers
23:00:53  WARNING   presidio-analyzer              | Entity CARDINAL is not mapped to a Presidio entity, but keeping anyway. Add to `NerModelConfiguration.labels_to_ignore` to remove.
23:00:53  WARNING   presidio-analyzer              | Entity CARDINAL is not mapped to a Presidio entity, but keeping anyway. Add to `NerModelConfiguration.labels_to_ignore` to remove.
23:00:53  WARNING   presidio-analyzer              | Entity CARDINAL is not mapped to a Presidio entity, but keeping anyway. Add to `NerModelConfiguration.labels_to_ignore` to remove.
23:00:53  WARNING   presidio-analyzer              | Entity CARDINAL is not mapped to a Presidio entity, but keeping anyway. Add to `NerModelConfiguration.labels_to_ignore` to remove.
23:00:53  WARNING   presidio-analyzer              | Entity WORK_OF_ART is not mapped to a Presidio entity, but keeping anyway. Add to `NerModelConfiguration.labels_to_ignore` to remove.
23:00:53  WARNING   presidio-analyzer              | Entity CARDINAL is not mapped to a Presidio entity, but keeping anyway. Add to `NerModelConfiguration.labels_to_ignore` to remove.
23:00:53  DEBUG     presidio-analyzer              | --- match_time[USA DEA Certificate Number (weak)]: 0.000016 seconds
23:00:53  DEBUG     presidio-analyzer              | --- match_time[Driver License - Alphanumeric (weak)]: 0.000006 seconds
23:00:53  DEBUG     presidio-analyzer              | --- match_time[Driver License - Digits (very weak)]: 0.000006 seconds
23:00:53  DEBUG     presidio-analyzer              | --- match_time[NHS (medium)]: 0.000004 seconds
23:00:53  DEBUG     presidio-analyzer              | --- match_time[Bank Account (weak)]: 0.000008 seconds
23:00:53  DEBUG     presidio-analyzer              | --- match_time[Passport (very weak)]: 0.000008 seconds
23:00:53  DEBUG     presidio-analyzer              | --- match_time[Passport Next Generation (very weak)]: 0.000014 seconds
23:00:53  DEBUG     presidio-analyzer              | --- match_time[All Credit Cards (weak)]: 0.000016 seconds
23:00:53  DEBUG     presidio-analyzer              | --- match_time[Itin (very weak)]: 0.000007 seconds
23:00:53  DEBUG     presidio-analyzer              | --- match_time[Itin (weak)]: 0.000009 seconds
23:00:53  DEBUG     presidio-analyzer              | --- match_time[Itin (medium)]: 0.000007 seconds
23:00:53  DEBUG     presidio-analyzer              | --- match_time[SSN1 (very weak)]: 0.000005 seconds
23:00:53  DEBUG     presidio-analyzer              | --- match_time[SSN2 (very weak)]: 0.000006 seconds
23:00:53  DEBUG     presidio-analyzer              | --- match_time[SSN3 (very weak)]: 0.000005 seconds
23:00:53  DEBUG     presidio-analyzer              | --- match_time[SSN4 (very weak)]: 0.000005 seconds
23:00:53  DEBUG     presidio-analyzer              | --- match_time[SSN5 (medium)]: 0.000005 seconds
23:00:53  DEBUG     masking.engine                 | Page 17: no entities masked (0 detected, none in mask list)
23:00:53  WARNING   presidio-analyzer              | Entity IN_AADHAAR doesn't have the corresponding recognizer in language : en
23:00:53  WARNING   presidio-analyzer              | Entity AU_TFN doesn't have the corresponding recognizer in language : en
23:00:53  WARNING   presidio-analyzer              | Entity IN_PAN doesn't have the corresponding recognizer in language : en
23:00:53  DEBUG     presidio-analyzer              | Returning a total of 9 recognizers
23:00:53  WARNING   presidio-analyzer              | Entity CARDINAL is not mapped to a Presidio entity, but keeping anyway. Add to `NerModelConfiguration.labels_to_ignore` to remove.
23:00:53  WARNING   presidio-analyzer              | Entity ORDINAL is not mapped to a Presidio entity, but keeping anyway. Add to `NerModelConfiguration.labels_to_ignore` to remove.
23:00:53  WARNING   presidio-analyzer              | Entity ORDINAL is not mapped to a Presidio entity, but keeping anyway. Add to `NerModelConfiguration.labels_to_ignore` to remove.
23:00:53  WARNING   presidio-analyzer              | Entity ORDINAL is not mapped to a Presidio entity, but keeping anyway. Add to `NerModelConfiguration.labels_to_ignore` to remove.
23:00:53  WARNING   presidio-analyzer              | Entity PERCENT is not mapped to a Presidio entity, but keeping anyway. Add to `NerModelConfiguration.labels_to_ignore` to remove.
23:00:53  WARNING   presidio-analyzer              | Entity CARDINAL is not mapped to a Presidio entity, but keeping anyway. Add to `NerModelConfiguration.labels_to_ignore` to remove.
23:00:53  WARNING   presidio-analyzer              | Entity CARDINAL is not mapped to a Presidio entity, but keeping anyway. Add to `NerModelConfiguration.labels_to_ignore` to remove.
23:00:53  WARNING   presidio-analyzer              | Entity CARDINAL is not mapped to a Presidio entity, but keeping anyway. Add to `NerModelConfiguration.labels_to_ignore` to remove.
23:00:53  WARNING   presidio-analyzer              | Entity PRODUCT is not mapped to a Presidio entity, but keeping anyway. Add to `NerModelConfiguration.labels_to_ignore` to remove.
23:00:53  WARNING   presidio-analyzer              | Entity CARDINAL is not mapped to a Presidio entity, but keeping anyway. Add to `NerModelConfiguration.labels_to_ignore` to remove.
23:00:53  WARNING   presidio-analyzer              | Entity CARDINAL is not mapped to a Presidio entity, but keeping anyway. Add to `NerModelConfiguration.labels_to_ignore` to remove.
23:00:53  DEBUG     presidio-analyzer              | --- match_time[USA DEA Certificate Number (weak)]: 0.000014 seconds
23:00:53  DEBUG     presidio-analyzer              | --- match_time[Driver License - Alphanumeric (weak)]: 0.000006 seconds
23:00:53  DEBUG     presidio-analyzer              | --- match_time[Driver License - Digits (very weak)]: 0.000006 seconds
23:00:53  DEBUG     presidio-analyzer              | --- match_time[NHS (medium)]: 0.000005 seconds
23:00:53  DEBUG     presidio-analyzer              | --- match_time[Bank Account (weak)]: 0.000005 seconds
23:00:53  DEBUG     presidio-analyzer              | --- match_time[Passport (very weak)]: 0.000005 seconds
23:00:53  DEBUG     presidio-analyzer              | --- match_time[Passport Next Generation (very weak)]: 0.000006 seconds
23:00:53  DEBUG     presidio-analyzer              | --- match_time[All Credit Cards (weak)]: 0.000005 seconds
23:00:53  DEBUG     presidio-analyzer              | --- match_time[Itin (very weak)]: 0.000005 seconds
23:00:53  DEBUG     presidio-analyzer              | --- match_time[Itin (weak)]: 0.000005 seconds
23:00:53  DEBUG     presidio-analyzer              | --- match_time[Itin (medium)]: 0.000005 seconds
23:00:53  DEBUG     presidio-analyzer              | --- match_time[SSN1 (very weak)]: 0.000005 seconds
23:00:53  DEBUG     presidio-analyzer              | --- match_time[SSN2 (very weak)]: 0.000005 seconds
23:00:53  DEBUG     presidio-analyzer              | --- match_time[SSN3 (very weak)]: 0.000004 seconds
23:00:53  DEBUG     presidio-analyzer              | --- match_time[SSN4 (very weak)]: 0.000004 seconds
23:00:53  DEBUG     presidio-analyzer              | --- match_time[SSN5 (medium)]: 0.000006 seconds
23:00:53  DEBUG     masking.engine                 | Page 18: no entities masked (0 detected, none in mask list)
23:00:53  WARNING   presidio-analyzer              | Entity IN_AADHAAR doesn't have the corresponding recognizer in language : en
23:00:53  WARNING   presidio-analyzer              | Entity AU_TFN doesn't have the corresponding recognizer in language : en
23:00:53  WARNING   presidio-analyzer              | Entity IN_PAN doesn't have the corresponding recognizer in language : en
23:00:53  DEBUG     presidio-analyzer              | Returning a total of 9 recognizers
23:00:53  WARNING   presidio-analyzer              | Entity ORDINAL is not mapped to a Presidio entity, but keeping anyway. Add to `NerModelConfiguration.labels_to_ignore` to remove.
23:00:53  WARNING   presidio-analyzer              | Entity PRODUCT is not mapped to a Presidio entity, but keeping anyway. Add to `NerModelConfiguration.labels_to_ignore` to remove.
23:00:53  WARNING   presidio-analyzer              | Entity CARDINAL is not mapped to a Presidio entity, but keeping anyway. Add to `NerModelConfiguration.labels_to_ignore` to remove.
23:00:53  WARNING   presidio-analyzer              | Entity CARDINAL is not mapped to a Presidio entity, but keeping anyway. Add to `NerModelConfiguration.labels_to_ignore` to remove.
23:00:53  WARNING   presidio-analyzer              | Entity CARDINAL is not mapped to a Presidio entity, but keeping anyway. Add to `NerModelConfiguration.labels_to_ignore` to remove.
23:00:53  WARNING   presidio-analyzer              | Entity EVENT is not mapped to a Presidio entity, but keeping anyway. Add to `NerModelConfiguration.labels_to_ignore` to remove.
23:00:53  WARNING   presidio-analyzer              | Entity CARDINAL is not mapped to a Presidio entity, but keeping anyway. Add to `NerModelConfiguration.labels_to_ignore` to remove.
23:00:53  WARNING   presidio-analyzer              | Entity CARDINAL is not mapped to a Presidio entity, but keeping anyway. Add to `NerModelConfiguration.labels_to_ignore` to remove.
23:00:53  WARNING   presidio-analyzer              | Entity CARDINAL is not mapped to a Presidio entity, but keeping anyway. Add to `NerModelConfiguration.labels_to_ignore` to remove.
23:00:53  WARNING   presidio-analyzer              | Entity CARDINAL is not mapped to a Presidio entity, but keeping anyway. Add to `NerModelConfiguration.labels_to_ignore` to remove.
23:00:53  WARNING   presidio-analyzer              | Entity CARDINAL is not mapped to a Presidio entity, but keeping anyway. Add to `NerModelConfiguration.labels_to_ignore` to remove.
23:00:53  DEBUG     presidio-analyzer              | --- match_time[USA DEA Certificate Number (weak)]: 0.000022 seconds
23:00:53  DEBUG     presidio-analyzer              | --- match_time[Driver License - Alphanumeric (weak)]: 0.000010 seconds
23:00:53  DEBUG     presidio-analyzer              | --- match_time[Driver License - Digits (very weak)]: 0.000009 seconds
23:00:53  DEBUG     presidio-analyzer              | --- match_time[NHS (medium)]: 0.000005 seconds
23:00:53  DEBUG     presidio-analyzer              | --- match_time[Bank Account (weak)]: 0.000005 seconds
23:00:53  DEBUG     presidio-analyzer              | --- match_time[Passport (very weak)]: 0.000004 seconds
23:00:53  DEBUG     presidio-analyzer              | --- match_time[Passport Next Generation (very weak)]: 0.000005 seconds
23:00:53  DEBUG     presidio-analyzer              | --- match_time[All Credit Cards (weak)]: 0.000004 seconds
23:00:53  DEBUG     presidio-analyzer              | --- match_time[Itin (very weak)]: 0.000004 seconds
23:00:53  DEBUG     presidio-analyzer              | --- match_time[Itin (weak)]: 0.000004 seconds
23:00:53  DEBUG     presidio-analyzer              | --- match_time[Itin (medium)]: 0.000004 seconds
23:00:53  DEBUG     presidio-analyzer              | --- match_time[SSN1 (very weak)]: 0.000004 seconds
23:00:53  DEBUG     presidio-analyzer              | --- match_time[SSN2 (very weak)]: 0.000005 seconds
23:00:53  DEBUG     presidio-analyzer              | --- match_time[SSN3 (very weak)]: 0.000004 seconds
23:00:53  DEBUG     presidio-analyzer              | --- match_time[SSN4 (very weak)]: 0.000004 seconds
23:00:53  DEBUG     presidio-analyzer              | --- match_time[SSN5 (medium)]: 0.000005 seconds
23:00:53  DEBUG     masking.engine                 | Page 19: no entities masked (0 detected, none in mask list)
23:00:53  WARNING   presidio-analyzer              | Entity IN_AADHAAR doesn't have the corresponding recognizer in language : en
23:00:53  WARNING   presidio-analyzer              | Entity AU_TFN doesn't have the corresponding recognizer in language : en
23:00:53  WARNING   presidio-analyzer              | Entity IN_PAN doesn't have the corresponding recognizer in language : en
23:00:53  DEBUG     presidio-analyzer              | Returning a total of 9 recognizers
23:00:53  WARNING   presidio-analyzer              | Entity CARDINAL is not mapped to a Presidio entity, but keeping anyway. Add to `NerModelConfiguration.labels_to_ignore` to remove.
23:00:53  WARNING   presidio-analyzer              | Entity MONEY is not mapped to a Presidio entity, but keeping anyway. Add to `NerModelConfiguration.labels_to_ignore` to remove.
23:00:53  WARNING   presidio-analyzer              | Entity CARDINAL is not mapped to a Presidio entity, but keeping anyway. Add to `NerModelConfiguration.labels_to_ignore` to remove.
23:00:53  WARNING   presidio-analyzer              | Entity CARDINAL is not mapped to a Presidio entity, but keeping anyway. Add to `NerModelConfiguration.labels_to_ignore` to remove.
23:00:53  WARNING   presidio-analyzer              | Entity CARDINAL is not mapped to a Presidio entity, but keeping anyway. Add to `NerModelConfiguration.labels_to_ignore` to remove.
23:00:53  WARNING   presidio-analyzer              | Entity CARDINAL is not mapped to a Presidio entity, but keeping anyway. Add to `NerModelConfiguration.labels_to_ignore` to remove.
23:00:53  WARNING   presidio-analyzer              | Entity CARDINAL is not mapped to a Presidio entity, but keeping anyway. Add to `NerModelConfiguration.labels_to_ignore` to remove.
23:00:53  WARNING   presidio-analyzer              | Entity MONEY is not mapped to a Presidio entity, but keeping anyway. Add to `NerModelConfiguration.labels_to_ignore` to remove.
23:00:53  WARNING   presidio-analyzer              | Entity CARDINAL is not mapped to a Presidio entity, but keeping anyway. Add to `NerModelConfiguration.labels_to_ignore` to remove.
23:00:53  DEBUG     presidio-analyzer              | --- match_time[USA DEA Certificate Number (weak)]: 0.000012 seconds
23:00:53  DEBUG     presidio-analyzer              | --- match_time[Driver License - Alphanumeric (weak)]: 0.000006 seconds
23:00:53  DEBUG     presidio-analyzer              | --- match_time[Driver License - Digits (very weak)]: 0.000005 seconds
23:00:53  DEBUG     presidio-analyzer              | --- match_time[NHS (medium)]: 0.000004 seconds
23:00:53  DEBUG     presidio-analyzer              | --- match_time[Bank Account (weak)]: 0.000004 seconds
23:00:53  DEBUG     presidio-analyzer              | --- match_time[Passport (very weak)]: 0.000004 seconds
23:00:53  DEBUG     presidio-analyzer              | --- match_time[Passport Next Generation (very weak)]: 0.000005 seconds
23:00:53  DEBUG     presidio-analyzer              | --- match_time[All Credit Cards (weak)]: 0.000004 seconds
23:00:53  DEBUG     presidio-analyzer              | --- match_time[Itin (very weak)]: 0.000004 seconds
23:00:53  DEBUG     presidio-analyzer              | --- match_time[Itin (weak)]: 0.000005 seconds
23:00:53  DEBUG     presidio-analyzer              | --- match_time[Itin (medium)]: 0.000004 seconds
23:00:53  DEBUG     presidio-analyzer              | --- match_time[SSN1 (very weak)]: 0.000004 seconds
23:00:53  DEBUG     presidio-analyzer              | --- match_time[SSN2 (very weak)]: 0.000004 seconds
23:00:53  DEBUG     presidio-analyzer              | --- match_time[SSN3 (very weak)]: 0.000004 seconds
23:00:53  DEBUG     presidio-analyzer              | --- match_time[SSN4 (very weak)]: 0.000005 seconds
23:00:53  DEBUG     presidio-analyzer              | --- match_time[SSN5 (medium)]: 0.000004 seconds
23:00:53  DEBUG     masking.engine                 | Page 20: no entities masked (0 detected, none in mask list)
23:00:53  WARNING   presidio-analyzer              | Entity IN_AADHAAR doesn't have the corresponding recognizer in language : en
23:00:53  WARNING   presidio-analyzer              | Entity AU_TFN doesn't have the corresponding recognizer in language : en
23:00:53  WARNING   presidio-analyzer              | Entity IN_PAN doesn't have the corresponding recognizer in language : en
23:00:53  DEBUG     presidio-analyzer              | Returning a total of 9 recognizers
23:00:53  WARNING   presidio-analyzer              | Entity ORDINAL is not mapped to a Presidio entity, but keeping anyway. Add to `NerModelConfiguration.labels_to_ignore` to remove.
23:00:53  WARNING   presidio-analyzer              | Entity LAW is not mapped to a Presidio entity, but keeping anyway. Add to `NerModelConfiguration.labels_to_ignore` to remove.
23:00:53  WARNING   presidio-analyzer              | Entity PERCENT is not mapped to a Presidio entity, but keeping anyway. Add to `NerModelConfiguration.labels_to_ignore` to remove.
23:00:53  WARNING   presidio-analyzer              | Entity CARDINAL is not mapped to a Presidio entity, but keeping anyway. Add to `NerModelConfiguration.labels_to_ignore` to remove.
23:00:53  DEBUG     presidio-analyzer              | --- match_time[USA DEA Certificate Number (weak)]: 0.000027 seconds
23:00:53  DEBUG     presidio-analyzer              | --- match_time[Driver License - Alphanumeric (weak)]: 0.000007 seconds
23:00:53  DEBUG     presidio-analyzer              | --- match_time[Driver License - Digits (very weak)]: 0.000006 seconds
23:00:53  DEBUG     presidio-analyzer              | --- match_time[NHS (medium)]: 0.000005 seconds
23:00:53  DEBUG     presidio-analyzer              | --- match_time[Bank Account (weak)]: 0.000005 seconds
23:00:53  DEBUG     presidio-analyzer              | --- match_time[Passport (very weak)]: 0.000005 seconds
23:00:53  DEBUG     presidio-analyzer              | --- match_time[Passport Next Generation (very weak)]: 0.000005 seconds
23:00:53  DEBUG     presidio-analyzer              | --- match_time[All Credit Cards (weak)]: 0.000005 seconds
23:00:53  DEBUG     presidio-analyzer              | --- match_time[Itin (very weak)]: 0.000005 seconds
23:00:53  DEBUG     presidio-analyzer              | --- match_time[Itin (weak)]: 0.000005 seconds
23:00:53  DEBUG     presidio-analyzer              | --- match_time[Itin (medium)]: 0.000005 seconds
23:00:53  DEBUG     presidio-analyzer              | --- match_time[SSN1 (very weak)]: 0.000004 seconds
23:00:53  DEBUG     presidio-analyzer              | --- match_time[SSN2 (very weak)]: 0.000005 seconds
23:00:53  DEBUG     presidio-analyzer              | --- match_time[SSN3 (very weak)]: 0.000011 seconds
23:00:53  DEBUG     presidio-analyzer              | --- match_time[SSN4 (very weak)]: 0.000005 seconds
23:00:53  DEBUG     presidio-analyzer              | --- match_time[SSN5 (medium)]: 0.000004 seconds
23:00:53  DEBUG     masking.engine                 | Page 21: no entities masked (0 detected, none in mask list)
23:00:53  WARNING   presidio-analyzer              | Entity IN_AADHAAR doesn't have the corresponding recognizer in language : en
23:00:53  WARNING   presidio-analyzer              | Entity AU_TFN doesn't have the corresponding recognizer in language : en
23:00:53  WARNING   presidio-analyzer              | Entity IN_PAN doesn't have the corresponding recognizer in language : en
23:00:53  DEBUG     presidio-analyzer              | Returning a total of 9 recognizers
23:00:53  WARNING   presidio-analyzer              | Entity FAC is not mapped to a Presidio entity, but keeping anyway. Add to `NerModelConfiguration.labels_to_ignore` to remove.
23:00:53  WARNING   presidio-analyzer              | Entity FAC is not mapped to a Presidio entity, but keeping anyway. Add to `NerModelConfiguration.labels_to_ignore` to remove.
23:00:53  WARNING   presidio-analyzer              | Entity FAC is not mapped to a Presidio entity, but keeping anyway. Add to `NerModelConfiguration.labels_to_ignore` to remove.
23:00:53  WARNING   presidio-analyzer              | Entity CARDINAL is not mapped to a Presidio entity, but keeping anyway. Add to `NerModelConfiguration.labels_to_ignore` to remove.
23:00:53  WARNING   presidio-analyzer              | Entity CARDINAL is not mapped to a Presidio entity, but keeping anyway. Add to `NerModelConfiguration.labels_to_ignore` to remove.
23:00:53  WARNING   presidio-analyzer              | Entity CARDINAL is not mapped to a Presidio entity, but keeping anyway. Add to `NerModelConfiguration.labels_to_ignore` to remove.
23:00:53  WARNING   presidio-analyzer              | Entity CARDINAL is not mapped to a Presidio entity, but keeping anyway. Add to `NerModelConfiguration.labels_to_ignore` to remove.
23:00:53  DEBUG     presidio-analyzer              | --- match_time[USA DEA Certificate Number (weak)]: 0.000014 seconds
23:00:53  DEBUG     presidio-analyzer              | --- match_time[Driver License - Alphanumeric (weak)]: 0.000006 seconds
23:00:53  DEBUG     presidio-analyzer              | --- match_time[Driver License - Digits (very weak)]: 0.000007 seconds
23:00:53  DEBUG     presidio-analyzer              | --- match_time[NHS (medium)]: 0.000005 seconds
23:00:53  DEBUG     presidio-analyzer              | --- match_time[Bank Account (weak)]: 0.000004 seconds
23:00:53  DEBUG     presidio-analyzer              | --- match_time[Passport (very weak)]: 0.000004 seconds
23:00:53  DEBUG     presidio-analyzer              | --- match_time[Passport Next Generation (very weak)]: 0.000005 seconds
23:00:53  DEBUG     presidio-analyzer              | --- match_time[All Credit Cards (weak)]: 0.000004 seconds
23:00:53  DEBUG     presidio-analyzer              | --- match_time[Itin (very weak)]: 0.000005 seconds
23:00:53  DEBUG     presidio-analyzer              | --- match_time[Itin (weak)]: 0.000005 seconds
23:00:53  DEBUG     presidio-analyzer              | --- match_time[Itin (medium)]: 0.000004 seconds
23:00:53  DEBUG     presidio-analyzer              | --- match_time[SSN1 (very weak)]: 0.000004 seconds
23:00:53  DEBUG     presidio-analyzer              | --- match_time[SSN2 (very weak)]: 0.000004 seconds
23:00:53  DEBUG     presidio-analyzer              | --- match_time[SSN3 (very weak)]: 0.000004 seconds
23:00:53  DEBUG     presidio-analyzer              | --- match_time[SSN4 (very weak)]: 0.000005 seconds
23:00:53  DEBUG     presidio-analyzer              | --- match_time[SSN5 (medium)]: 0.000004 seconds
23:00:53  DEBUG     presidio-analyzer              | Context list is: fee description e101 currency certificate item
23:00:53  DEBUG     presidio-analyzer              | Context list is: a1 fee e101 currency certificate item
23:00:53  DEBUG     masking.engine                 | Page 22: no entities masked (0 detected, none in mask list)
23:00:53  WARNING   presidio-analyzer              | Entity IN_AADHAAR doesn't have the corresponding recognizer in language : en
23:00:53  WARNING   presidio-analyzer              | Entity AU_TFN doesn't have the corresponding recognizer in language : en
23:00:53  WARNING   presidio-analyzer              | Entity IN_PAN doesn't have the corresponding recognizer in language : en
23:00:53  DEBUG     presidio-analyzer              | Returning a total of 9 recognizers
23:00:54  WARNING   presidio-analyzer              | Entity CARDINAL is not mapped to a Presidio entity, but keeping anyway. Add to `NerModelConfiguration.labels_to_ignore` to remove.
23:00:54  WARNING   presidio-analyzer              | Entity CARDINAL is not mapped to a Presidio entity, but keeping anyway. Add to `NerModelConfiguration.labels_to_ignore` to remove.
23:00:54  WARNING   presidio-analyzer              | Entity CARDINAL is not mapped to a Presidio entity, but keeping anyway. Add to `NerModelConfiguration.labels_to_ignore` to remove.
23:00:54  WARNING   presidio-analyzer              | Entity CARDINAL is not mapped to a Presidio entity, but keeping anyway. Add to `NerModelConfiguration.labels_to_ignore` to remove.
23:00:54  WARNING   presidio-analyzer              | Entity CARDINAL is not mapped to a Presidio entity, but keeping anyway. Add to `NerModelConfiguration.labels_to_ignore` to remove.
23:00:54  WARNING   presidio-analyzer              | Entity CARDINAL is not mapped to a Presidio entity, but keeping anyway. Add to `NerModelConfiguration.labels_to_ignore` to remove.
23:00:54  WARNING   presidio-analyzer              | Entity CARDINAL is not mapped to a Presidio entity, but keeping anyway. Add to `NerModelConfiguration.labels_to_ignore` to remove.
23:00:54  WARNING   presidio-analyzer              | Entity EVENT is not mapped to a Presidio entity, but keeping anyway. Add to `NerModelConfiguration.labels_to_ignore` to remove.
23:00:54  WARNING   presidio-analyzer              | Entity CARDINAL is not mapped to a Presidio entity, but keeping anyway. Add to `NerModelConfiguration.labels_to_ignore` to remove.
23:00:54  WARNING   presidio-analyzer              | Entity CARDINAL is not mapped to a Presidio entity, but keeping anyway. Add to `NerModelConfiguration.labels_to_ignore` to remove.
23:00:54  DEBUG     presidio-analyzer              | --- match_time[USA DEA Certificate Number (weak)]: 0.000015 seconds
23:00:54  DEBUG     presidio-analyzer              | --- match_time[Driver License - Alphanumeric (weak)]: 0.000006 seconds
23:00:54  DEBUG     presidio-analyzer              | --- match_time[Driver License - Digits (very weak)]: 0.000064 seconds
23:00:54  DEBUG     presidio-analyzer              | --- match_time[NHS (medium)]: 0.000010 seconds
23:00:54  DEBUG     presidio-analyzer              | --- match_time[Bank Account (weak)]: 0.000005 seconds
23:00:54  DEBUG     presidio-analyzer              | --- match_time[Passport (very weak)]: 0.000005 seconds
23:00:54  DEBUG     presidio-analyzer              | --- match_time[Passport Next Generation (very weak)]: 0.000005 seconds
23:00:54  DEBUG     presidio-analyzer              | --- match_time[All Credit Cards (weak)]: 0.000005 seconds
23:00:54  DEBUG     presidio-analyzer              | --- match_time[Itin (very weak)]: 0.000004 seconds
23:00:54  DEBUG     presidio-analyzer              | --- match_time[Itin (weak)]: 0.000004 seconds
23:00:54  DEBUG     presidio-analyzer              | --- match_time[Itin (medium)]: 0.000005 seconds
23:00:54  DEBUG     presidio-analyzer              | --- match_time[SSN1 (very weak)]: 0.000004 seconds
23:00:54  DEBUG     presidio-analyzer              | --- match_time[SSN2 (very weak)]: 0.000004 seconds
23:00:54  DEBUG     presidio-analyzer              | --- match_time[SSN3 (very weak)]: 0.000005 seconds
23:00:54  DEBUG     presidio-analyzer              | --- match_time[SSN4 (very weak)]: 0.000005 seconds
23:00:54  DEBUG     presidio-analyzer              | --- match_time[SSN5 (medium)]: 0.000005 seconds
23:00:54  DEBUG     masking.engine                 | Page 23: no entities masked (0 detected, none in mask list)
23:00:54  WARNING   presidio-analyzer              | Entity IN_AADHAAR doesn't have the corresponding recognizer in language : en
23:00:54  WARNING   presidio-analyzer              | Entity AU_TFN doesn't have the corresponding recognizer in language : en
23:00:54  WARNING   presidio-analyzer              | Entity IN_PAN doesn't have the corresponding recognizer in language : en
23:00:54  DEBUG     presidio-analyzer              | Returning a total of 9 recognizers
23:00:54  WARNING   presidio-analyzer              | Entity LAW is not mapped to a Presidio entity, but keeping anyway. Add to `NerModelConfiguration.labels_to_ignore` to remove.
23:00:54  WARNING   presidio-analyzer              | Entity LAW is not mapped to a Presidio entity, but keeping anyway. Add to `NerModelConfiguration.labels_to_ignore` to remove.
23:00:54  WARNING   presidio-analyzer              | Entity MONEY is not mapped to a Presidio entity, but keeping anyway. Add to `NerModelConfiguration.labels_to_ignore` to remove.
23:00:54  WARNING   presidio-analyzer              | Entity ORDINAL is not mapped to a Presidio entity, but keeping anyway. Add to `NerModelConfiguration.labels_to_ignore` to remove.
23:00:54  WARNING   presidio-analyzer              | Entity MONEY is not mapped to a Presidio entity, but keeping anyway. Add to `NerModelConfiguration.labels_to_ignore` to remove.
23:00:54  WARNING   presidio-analyzer              | Entity ORDINAL is not mapped to a Presidio entity, but keeping anyway. Add to `NerModelConfiguration.labels_to_ignore` to remove.
23:00:54  WARNING   presidio-analyzer              | Entity CARDINAL is not mapped to a Presidio entity, but keeping anyway. Add to `NerModelConfiguration.labels_to_ignore` to remove.
23:00:54  DEBUG     presidio-analyzer              | --- match_time[USA DEA Certificate Number (weak)]: 0.000014 seconds
23:00:54  DEBUG     presidio-analyzer              | --- match_time[Driver License - Alphanumeric (weak)]: 0.000006 seconds
23:00:54  DEBUG     presidio-analyzer              | --- match_time[Driver License - Digits (very weak)]: 0.000012 seconds
23:00:54  DEBUG     presidio-analyzer              | --- match_time[NHS (medium)]: 0.000006 seconds
23:00:54  DEBUG     presidio-analyzer              | --- match_time[Bank Account (weak)]: 0.000013 seconds
23:00:54  DEBUG     presidio-analyzer              | --- match_time[Passport (very weak)]: 0.000012 seconds
23:00:54  DEBUG     presidio-analyzer              | --- match_time[Passport Next Generation (very weak)]: 0.000006 seconds
23:00:54  DEBUG     presidio-analyzer              | --- match_time[All Credit Cards (weak)]: 0.000009 seconds
23:00:54  DEBUG     presidio-analyzer              | --- match_time[Itin (very weak)]: 0.000006 seconds
23:00:54  DEBUG     presidio-analyzer              | --- match_time[Itin (weak)]: 0.000005 seconds
23:00:54  DEBUG     presidio-analyzer              | --- match_time[Itin (medium)]: 0.000005 seconds
23:00:54  DEBUG     presidio-analyzer              | --- match_time[SSN1 (very weak)]: 0.000005 seconds
23:00:54  DEBUG     presidio-analyzer              | --- match_time[SSN2 (very weak)]: 0.000005 seconds
23:00:54  DEBUG     presidio-analyzer              | --- match_time[SSN3 (very weak)]: 0.000005 seconds
23:00:54  DEBUG     presidio-analyzer              | --- match_time[SSN4 (very weak)]: 0.000005 seconds
23:00:54  DEBUG     presidio-analyzer              | --- match_time[SSN5 (medium)]: 0.000006 seconds
23:00:54  DEBUG     masking.engine                 | Page 24: no entities masked (0 detected, none in mask list)
23:00:54  WARNING   presidio-analyzer              | Entity IN_AADHAAR doesn't have the corresponding recognizer in language : en
23:00:54  WARNING   presidio-analyzer              | Entity AU_TFN doesn't have the corresponding recognizer in language : en
23:00:54  WARNING   presidio-analyzer              | Entity IN_PAN doesn't have the corresponding recognizer in language : en
23:00:54  DEBUG     presidio-analyzer              | Returning a total of 9 recognizers
23:00:54  WARNING   presidio-analyzer              | Entity CARDINAL is not mapped to a Presidio entity, but keeping anyway. Add to `NerModelConfiguration.labels_to_ignore` to remove.
23:00:54  WARNING   presidio-analyzer              | Entity CARDINAL is not mapped to a Presidio entity, but keeping anyway. Add to `NerModelConfiguration.labels_to_ignore` to remove.
23:00:54  WARNING   presidio-analyzer              | Entity CARDINAL is not mapped to a Presidio entity, but keeping anyway. Add to `NerModelConfiguration.labels_to_ignore` to remove.
23:00:54  WARNING   presidio-analyzer              | Entity CARDINAL is not mapped to a Presidio entity, but keeping anyway. Add to `NerModelConfiguration.labels_to_ignore` to remove.
23:00:54  WARNING   presidio-analyzer              | Entity CARDINAL is not mapped to a Presidio entity, but keeping anyway. Add to `NerModelConfiguration.labels_to_ignore` to remove.
23:00:54  WARNING   presidio-analyzer              | Entity CARDINAL is not mapped to a Presidio entity, but keeping anyway. Add to `NerModelConfiguration.labels_to_ignore` to remove.
23:00:54  WARNING   presidio-analyzer              | Entity CARDINAL is not mapped to a Presidio entity, but keeping anyway. Add to `NerModelConfiguration.labels_to_ignore` to remove.
23:00:54  WARNING   presidio-analyzer              | Entity PERCENT is not mapped to a Presidio entity, but keeping anyway. Add to `NerModelConfiguration.labels_to_ignore` to remove.
23:00:54  WARNING   presidio-analyzer              | Entity CARDINAL is not mapped to a Presidio entity, but keeping anyway. Add to `NerModelConfiguration.labels_to_ignore` to remove.
23:00:54  DEBUG     presidio-analyzer              | --- match_time[USA DEA Certificate Number (weak)]: 0.000013 seconds
23:00:54  DEBUG     presidio-analyzer              | --- match_time[Driver License - Alphanumeric (weak)]: 0.000007 seconds
23:00:54  DEBUG     presidio-analyzer              | --- match_time[Driver License - Digits (very weak)]: 0.000006 seconds
23:00:54  DEBUG     presidio-analyzer              | --- match_time[NHS (medium)]: 0.000004 seconds
23:00:54  DEBUG     presidio-analyzer              | --- match_time[Bank Account (weak)]: 0.000016 seconds
23:00:54  DEBUG     presidio-analyzer              | --- match_time[Passport (very weak)]: 0.000007 seconds
23:00:54  DEBUG     presidio-analyzer              | --- match_time[Passport Next Generation (very weak)]: 0.000006 seconds
23:00:54  DEBUG     presidio-analyzer              | --- match_time[All Credit Cards (weak)]: 0.000004 seconds
23:00:54  DEBUG     presidio-analyzer              | --- match_time[Itin (very weak)]: 0.000004 seconds
23:00:54  DEBUG     presidio-analyzer              | --- match_time[Itin (weak)]: 0.000005 seconds
23:00:54  DEBUG     presidio-analyzer              | --- match_time[Itin (medium)]: 0.000016 seconds
23:00:54  DEBUG     presidio-analyzer              | --- match_time[SSN1 (very weak)]: 0.000007 seconds
23:00:54  DEBUG     presidio-analyzer              | --- match_time[SSN2 (very weak)]: 0.000005 seconds
23:00:54  DEBUG     presidio-analyzer              | --- match_time[SSN3 (very weak)]: 0.000004 seconds
23:00:54  DEBUG     presidio-analyzer              | --- match_time[SSN4 (very weak)]: 0.000004 seconds
23:00:54  DEBUG     presidio-analyzer              | --- match_time[SSN5 (medium)]: 0.000005 seconds
23:00:54  DEBUG     masking.engine                 | Page 25: no entities masked (0 detected, none in mask list)
23:00:54  WARNING   presidio-analyzer              | Entity IN_AADHAAR doesn't have the corresponding recognizer in language : en
23:00:54  WARNING   presidio-analyzer              | Entity AU_TFN doesn't have the corresponding recognizer in language : en
23:00:54  WARNING   presidio-analyzer              | Entity IN_PAN doesn't have the corresponding recognizer in language : en
23:00:54  DEBUG     presidio-analyzer              | Returning a total of 9 recognizers
23:00:54  WARNING   presidio-analyzer              | Entity PERCENT is not mapped to a Presidio entity, but keeping anyway. Add to `NerModelConfiguration.labels_to_ignore` to remove.
23:00:54  WARNING   presidio-analyzer              | Entity PERCENT is not mapped to a Presidio entity, but keeping anyway. Add to `NerModelConfiguration.labels_to_ignore` to remove.
23:00:54  WARNING   presidio-analyzer              | Entity CARDINAL is not mapped to a Presidio entity, but keeping anyway. Add to `NerModelConfiguration.labels_to_ignore` to remove.
23:00:54  WARNING   presidio-analyzer              | Entity CARDINAL is not mapped to a Presidio entity, but keeping anyway. Add to `NerModelConfiguration.labels_to_ignore` to remove.
23:00:54  WARNING   presidio-analyzer              | Entity PERCENT is not mapped to a Presidio entity, but keeping anyway. Add to `NerModelConfiguration.labels_to_ignore` to remove.
23:00:54  WARNING   presidio-analyzer              | Entity PERCENT is not mapped to a Presidio entity, but keeping anyway. Add to `NerModelConfiguration.labels_to_ignore` to remove.
23:00:54  WARNING   presidio-analyzer              | Entity PERCENT is not mapped to a Presidio entity, but keeping anyway. Add to `NerModelConfiguration.labels_to_ignore` to remove.
23:00:54  WARNING   presidio-analyzer              | Entity PERCENT is not mapped to a Presidio entity, but keeping anyway. Add to `NerModelConfiguration.labels_to_ignore` to remove.
23:00:54  WARNING   presidio-analyzer              | Entity PERCENT is not mapped to a Presidio entity, but keeping anyway. Add to `NerModelConfiguration.labels_to_ignore` to remove.
23:00:54  WARNING   presidio-analyzer              | Entity CARDINAL is not mapped to a Presidio entity, but keeping anyway. Add to `NerModelConfiguration.labels_to_ignore` to remove.
23:00:54  DEBUG     presidio-analyzer              | --- match_time[USA DEA Certificate Number (weak)]: 0.000015 seconds
23:00:54  DEBUG     presidio-analyzer              | --- match_time[Driver License - Alphanumeric (weak)]: 0.000007 seconds
23:00:54  DEBUG     presidio-analyzer              | --- match_time[Driver License - Digits (very weak)]: 0.000021 seconds
23:00:54  DEBUG     presidio-analyzer              | --- match_time[NHS (medium)]: 0.000006 seconds
23:00:54  DEBUG     presidio-analyzer              | --- match_time[Bank Account (weak)]: 0.000005 seconds
23:00:54  DEBUG     presidio-analyzer              | --- match_time[Passport (very weak)]: 0.000005 seconds
23:00:54  DEBUG     presidio-analyzer              | --- match_time[Passport Next Generation (very weak)]: 0.000005 seconds
23:00:54  DEBUG     presidio-analyzer              | --- match_time[All Credit Cards (weak)]: 0.000004 seconds
23:00:54  DEBUG     presidio-analyzer              | --- match_time[Itin (very weak)]: 0.000004 seconds
23:00:54  DEBUG     presidio-analyzer              | --- match_time[Itin (weak)]: 0.000004 seconds
23:00:54  DEBUG     presidio-analyzer              | --- match_time[Itin (medium)]: 0.000005 seconds
23:00:54  DEBUG     presidio-analyzer              | --- match_time[SSN1 (very weak)]: 0.000004 seconds
23:00:54  DEBUG     presidio-analyzer              | --- match_time[SSN2 (very weak)]: 0.000005 seconds
23:00:54  DEBUG     presidio-analyzer              | --- match_time[SSN3 (very weak)]: 0.000005 seconds
23:00:54  DEBUG     presidio-analyzer              | --- match_time[SSN4 (very weak)]: 0.000005 seconds
23:00:54  DEBUG     presidio-analyzer              | --- match_time[SSN5 (medium)]: 0.000005 seconds
23:00:54  DEBUG     masking.engine                 | Page 26: no entities masked (0 detected, none in mask list)
23:00:54  WARNING   presidio-analyzer              | Entity IN_AADHAAR doesn't have the corresponding recognizer in language : en
23:00:54  WARNING   presidio-analyzer              | Entity AU_TFN doesn't have the corresponding recognizer in language : en
23:00:54  WARNING   presidio-analyzer              | Entity IN_PAN doesn't have the corresponding recognizer in language : en
23:00:54  DEBUG     presidio-analyzer              | Returning a total of 9 recognizers
23:00:54  WARNING   presidio-analyzer              | Entity PERCENT is not mapped to a Presidio entity, but keeping anyway. Add to `NerModelConfiguration.labels_to_ignore` to remove.
23:00:54  WARNING   presidio-analyzer              | Entity PERCENT is not mapped to a Presidio entity, but keeping anyway. Add to `NerModelConfiguration.labels_to_ignore` to remove.
23:00:54  WARNING   presidio-analyzer              | Entity CARDINAL is not mapped to a Presidio entity, but keeping anyway. Add to `NerModelConfiguration.labels_to_ignore` to remove.
23:00:54  WARNING   presidio-analyzer              | Entity ORDINAL is not mapped to a Presidio entity, but keeping anyway. Add to `NerModelConfiguration.labels_to_ignore` to remove.
23:00:54  WARNING   presidio-analyzer              | Entity CARDINAL is not mapped to a Presidio entity, but keeping anyway. Add to `NerModelConfiguration.labels_to_ignore` to remove.
23:00:54  WARNING   presidio-analyzer              | Entity CARDINAL is not mapped to a Presidio entity, but keeping anyway. Add to `NerModelConfiguration.labels_to_ignore` to remove.
23:00:54  WARNING   presidio-analyzer              | Entity CARDINAL is not mapped to a Presidio entity, but keeping anyway. Add to `NerModelConfiguration.labels_to_ignore` to remove.
23:00:54  WARNING   presidio-analyzer              | Entity CARDINAL is not mapped to a Presidio entity, but keeping anyway. Add to `NerModelConfiguration.labels_to_ignore` to remove.
23:00:54  WARNING   presidio-analyzer              | Entity CARDINAL is not mapped to a Presidio entity, but keeping anyway. Add to `NerModelConfiguration.labels_to_ignore` to remove.
23:00:54  WARNING   presidio-analyzer              | Entity CARDINAL is not mapped to a Presidio entity, but keeping anyway. Add to `NerModelConfiguration.labels_to_ignore` to remove.
23:00:54  DEBUG     presidio-analyzer              | --- match_time[USA DEA Certificate Number (weak)]: 0.000013 seconds
23:00:54  DEBUG     presidio-analyzer              | --- match_time[Driver License - Alphanumeric (weak)]: 0.000007 seconds
23:00:54  DEBUG     presidio-analyzer              | --- match_time[Driver License - Digits (very weak)]: 0.000005 seconds
23:00:54  DEBUG     presidio-analyzer              | --- match_time[NHS (medium)]: 0.000004 seconds
23:00:54  DEBUG     presidio-analyzer              | --- match_time[Bank Account (weak)]: 0.000014 seconds
23:00:54  DEBUG     presidio-analyzer              | --- match_time[Passport (very weak)]: 0.000006 seconds
23:00:54  DEBUG     presidio-analyzer              | --- match_time[Passport Next Generation (very weak)]: 0.000006 seconds
23:00:54  DEBUG     presidio-analyzer              | --- match_time[All Credit Cards (weak)]: 0.000004 seconds
23:00:54  DEBUG     presidio-analyzer              | --- match_time[Itin (very weak)]: 0.000005 seconds
23:00:54  DEBUG     presidio-analyzer              | --- match_time[Itin (weak)]: 0.000004 seconds
23:00:54  DEBUG     presidio-analyzer              | --- match_time[Itin (medium)]: 0.000004 seconds
23:00:54  DEBUG     presidio-analyzer              | --- match_time[SSN1 (very weak)]: 0.000004 seconds
23:00:54  DEBUG     presidio-analyzer              | --- match_time[SSN2 (very weak)]: 0.000005 seconds
23:00:54  DEBUG     presidio-analyzer              | --- match_time[SSN3 (very weak)]: 0.000004 seconds
23:00:54  DEBUG     presidio-analyzer              | --- match_time[SSN4 (very weak)]: 0.000006 seconds
23:00:54  DEBUG     presidio-analyzer              | --- match_time[SSN5 (medium)]: 0.000005 seconds
23:00:54  DEBUG     masking.engine                 | Page 27: no entities masked (0 detected, none in mask list)
23:00:54  WARNING   presidio-analyzer              | Entity IN_AADHAAR doesn't have the corresponding recognizer in language : en
23:00:54  WARNING   presidio-analyzer              | Entity AU_TFN doesn't have the corresponding recognizer in language : en
23:00:54  WARNING   presidio-analyzer              | Entity IN_PAN doesn't have the corresponding recognizer in language : en
23:00:54  DEBUG     presidio-analyzer              | Returning a total of 9 recognizers
23:00:54  WARNING   presidio-analyzer              | Entity CARDINAL is not mapped to a Presidio entity, but keeping anyway. Add to `NerModelConfiguration.labels_to_ignore` to remove.
23:00:54  WARNING   presidio-analyzer              | Entity PRODUCT is not mapped to a Presidio entity, but keeping anyway. Add to `NerModelConfiguration.labels_to_ignore` to remove.
23:00:54  WARNING   presidio-analyzer              | Entity CARDINAL is not mapped to a Presidio entity, but keeping anyway. Add to `NerModelConfiguration.labels_to_ignore` to remove.
23:00:54  WARNING   presidio-analyzer              | Entity CARDINAL is not mapped to a Presidio entity, but keeping anyway. Add to `NerModelConfiguration.labels_to_ignore` to remove.
23:00:54  WARNING   presidio-analyzer              | Entity CARDINAL is not mapped to a Presidio entity, but keeping anyway. Add to `NerModelConfiguration.labels_to_ignore` to remove.
23:00:54  WARNING   presidio-analyzer              | Entity CARDINAL is not mapped to a Presidio entity, but keeping anyway. Add to `NerModelConfiguration.labels_to_ignore` to remove.
23:00:54  WARNING   presidio-analyzer              | Entity CARDINAL is not mapped to a Presidio entity, but keeping anyway. Add to `NerModelConfiguration.labels_to_ignore` to remove.
23:00:54  DEBUG     presidio-analyzer              | --- match_time[USA DEA Certificate Number (weak)]: 0.000014 seconds
23:00:54  DEBUG     presidio-analyzer              | --- match_time[Driver License - Alphanumeric (weak)]: 0.000005 seconds
23:00:54  DEBUG     presidio-analyzer              | --- match_time[Driver License - Digits (very weak)]: 0.000006 seconds
23:00:54  DEBUG     presidio-analyzer              | --- match_time[NHS (medium)]: 0.000005 seconds
23:00:54  DEBUG     presidio-analyzer              | --- match_time[Bank Account (weak)]: 0.000005 seconds
23:00:54  DEBUG     presidio-analyzer              | --- match_time[Passport (very weak)]: 0.000005 seconds
23:00:54  DEBUG     presidio-analyzer              | --- match_time[Passport Next Generation (very weak)]: 0.000004 seconds
23:00:54  DEBUG     presidio-analyzer              | --- match_time[All Credit Cards (weak)]: 0.000004 seconds
23:00:54  DEBUG     presidio-analyzer              | --- match_time[Itin (very weak)]: 0.000005 seconds
23:00:54  DEBUG     presidio-analyzer              | --- match_time[Itin (weak)]: 0.000005 seconds
23:00:54  DEBUG     presidio-analyzer              | --- match_time[Itin (medium)]: 0.000004 seconds
23:00:54  DEBUG     presidio-analyzer              | --- match_time[SSN1 (very weak)]: 0.000005 seconds
23:00:54  DEBUG     presidio-analyzer              | --- match_time[SSN2 (very weak)]: 0.000005 seconds
23:00:54  DEBUG     presidio-analyzer              | --- match_time[SSN3 (very weak)]: 0.000004 seconds
23:00:54  DEBUG     presidio-analyzer              | --- match_time[SSN4 (very weak)]: 0.000005 seconds
23:00:54  DEBUG     presidio-analyzer              | --- match_time[SSN5 (medium)]: 0.000004 seconds
23:00:54  DEBUG     masking.engine                 | Page 28: no entities masked (0 detected, none in mask list)
23:00:54  WARNING   presidio-analyzer              | Entity IN_AADHAAR doesn't have the corresponding recognizer in language : en
23:00:54  WARNING   presidio-analyzer              | Entity AU_TFN doesn't have the corresponding recognizer in language : en
23:00:54  WARNING   presidio-analyzer              | Entity IN_PAN doesn't have the corresponding recognizer in language : en
23:00:54  DEBUG     presidio-analyzer              | Returning a total of 9 recognizers
23:00:54  WARNING   presidio-analyzer              | Entity CARDINAL is not mapped to a Presidio entity, but keeping anyway. Add to `NerModelConfiguration.labels_to_ignore` to remove.
23:00:54  DEBUG     presidio-analyzer              | --- match_time[USA DEA Certificate Number (weak)]: 0.000013 seconds
23:00:54  DEBUG     presidio-analyzer              | --- match_time[Driver License - Alphanumeric (weak)]: 0.000005 seconds
23:00:54  DEBUG     presidio-analyzer              | --- match_time[Driver License - Digits (very weak)]: 0.000006 seconds
23:00:54  DEBUG     presidio-analyzer              | --- match_time[NHS (medium)]: 0.000005 seconds
23:00:54  DEBUG     presidio-analyzer              | --- match_time[Bank Account (weak)]: 0.000019 seconds
23:00:54  DEBUG     presidio-analyzer              | --- match_time[Passport (very weak)]: 0.000004 seconds
23:00:54  DEBUG     presidio-analyzer              | --- match_time[Passport Next Generation (very weak)]: 0.000004 seconds
23:00:54  DEBUG     presidio-analyzer              | --- match_time[All Credit Cards (weak)]: 0.000005 seconds
23:00:54  DEBUG     presidio-analyzer              | --- match_time[Itin (very weak)]: 0.000004 seconds
23:00:54  DEBUG     presidio-analyzer              | --- match_time[Itin (weak)]: 0.000004 seconds
23:00:54  DEBUG     presidio-analyzer              | --- match_time[Itin (medium)]: 0.000005 seconds
23:00:54  DEBUG     presidio-analyzer              | --- match_time[SSN1 (very weak)]: 0.000004 seconds
23:00:54  DEBUG     presidio-analyzer              | --- match_time[SSN2 (very weak)]: 0.000004 seconds
23:00:54  DEBUG     presidio-analyzer              | --- match_time[SSN3 (very weak)]: 0.000004 seconds
23:00:54  DEBUG     presidio-analyzer              | --- match_time[SSN4 (very weak)]: 0.000004 seconds
23:00:54  DEBUG     presidio-analyzer              | --- match_time[SSN5 (medium)]: 0.000005 seconds
23:00:54  DEBUG     masking.engine                 | Page 29: no entities masked (0 detected, none in mask list)
23:00:54  WARNING   presidio-analyzer              | Entity IN_AADHAAR doesn't have the corresponding recognizer in language : en
23:00:54  WARNING   presidio-analyzer              | Entity AU_TFN doesn't have the corresponding recognizer in language : en
23:00:54  WARNING   presidio-analyzer              | Entity IN_PAN doesn't have the corresponding recognizer in language : en
23:00:54  DEBUG     presidio-analyzer              | Returning a total of 9 recognizers
23:00:54  WARNING   presidio-analyzer              | Entity CARDINAL is not mapped to a Presidio entity, but keeping anyway. Add to `NerModelConfiguration.labels_to_ignore` to remove.
23:00:54  WARNING   presidio-analyzer              | Entity WORK_OF_ART is not mapped to a Presidio entity, but keeping anyway. Add to `NerModelConfiguration.labels_to_ignore` to remove.
23:00:54  WARNING   presidio-analyzer              | Entity WORK_OF_ART is not mapped to a Presidio entity, but keeping anyway. Add to `NerModelConfiguration.labels_to_ignore` to remove.
23:00:54  WARNING   presidio-analyzer              | Entity LAW is not mapped to a Presidio entity, but keeping anyway. Add to `NerModelConfiguration.labels_to_ignore` to remove.
23:00:54  WARNING   presidio-analyzer              | Entity CARDINAL is not mapped to a Presidio entity, but keeping anyway. Add to `NerModelConfiguration.labels_to_ignore` to remove.
23:00:54  WARNING   presidio-analyzer              | Entity WORK_OF_ART is not mapped to a Presidio entity, but keeping anyway. Add to `NerModelConfiguration.labels_to_ignore` to remove.
23:00:54  WARNING   presidio-analyzer              | Entity WORK_OF_ART is not mapped to a Presidio entity, but keeping anyway. Add to `NerModelConfiguration.labels_to_ignore` to remove.
23:00:54  WARNING   presidio-analyzer              | Entity LAW is not mapped to a Presidio entity, but keeping anyway. Add to `NerModelConfiguration.labels_to_ignore` to remove.
23:00:54  WARNING   presidio-analyzer              | Entity CARDINAL is not mapped to a Presidio entity, but keeping anyway. Add to `NerModelConfiguration.labels_to_ignore` to remove.
23:00:54  WARNING   presidio-analyzer              | Entity CARDINAL is not mapped to a Presidio entity, but keeping anyway. Add to `NerModelConfiguration.labels_to_ignore` to remove.
23:00:55  DEBUG     presidio-analyzer              | --- match_time[USA DEA Certificate Number (weak)]: 0.000018 seconds
23:00:55  DEBUG     presidio-analyzer              | --- match_time[Driver License - Alphanumeric (weak)]: 0.000015 seconds
23:00:55  DEBUG     presidio-analyzer              | --- match_time[Driver License - Digits (very weak)]: 0.000008 seconds
23:00:55  DEBUG     presidio-analyzer              | --- match_time[NHS (medium)]: 0.000005 seconds
23:00:55  DEBUG     presidio-analyzer              | --- match_time[Bank Account (weak)]: 0.000005 seconds
23:00:55  DEBUG     presidio-analyzer              | --- match_time[Passport (very weak)]: 0.000004 seconds
23:00:55  DEBUG     presidio-analyzer              | --- match_time[Passport Next Generation (very weak)]: 0.000004 seconds
23:00:55  DEBUG     presidio-analyzer              | --- match_time[All Credit Cards (weak)]: 0.000005 seconds
23:00:55  DEBUG     presidio-analyzer              | --- match_time[Itin (very weak)]: 0.000005 seconds
23:00:55  DEBUG     presidio-analyzer              | --- match_time[Itin (weak)]: 0.000005 seconds
23:00:55  DEBUG     presidio-analyzer              | --- match_time[Itin (medium)]: 0.000004 seconds
23:00:55  DEBUG     presidio-analyzer              | --- match_time[SSN1 (very weak)]: 0.000004 seconds
23:00:55  DEBUG     presidio-analyzer              | --- match_time[SSN2 (very weak)]: 0.000005 seconds
23:00:55  DEBUG     presidio-analyzer              | --- match_time[SSN3 (very weak)]: 0.000005 seconds
23:00:55  DEBUG     presidio-analyzer              | --- match_time[SSN4 (very weak)]: 0.000005 seconds
23:00:55  DEBUG     presidio-analyzer              | --- match_time[SSN5 (medium)]: 0.000005 seconds
23:00:55  DEBUG     masking.engine                 | Page 30: no entities masked (0 detected, none in mask list)
23:00:55  WARNING   presidio-analyzer              | Entity IN_AADHAAR doesn't have the corresponding recognizer in language : en
23:00:55  WARNING   presidio-analyzer              | Entity AU_TFN doesn't have the corresponding recognizer in language : en
23:00:55  WARNING   presidio-analyzer              | Entity IN_PAN doesn't have the corresponding recognizer in language : en
23:00:55  DEBUG     presidio-analyzer              | Returning a total of 9 recognizers
23:00:55  WARNING   presidio-analyzer              | Entity CARDINAL is not mapped to a Presidio entity, but keeping anyway. Add to `NerModelConfiguration.labels_to_ignore` to remove.
23:00:55  WARNING   presidio-analyzer              | Entity WORK_OF_ART is not mapped to a Presidio entity, but keeping anyway. Add to `NerModelConfiguration.labels_to_ignore` to remove.
23:00:55  WARNING   presidio-analyzer              | Entity CARDINAL is not mapped to a Presidio entity, but keeping anyway. Add to `NerModelConfiguration.labels_to_ignore` to remove.
23:00:55  WARNING   presidio-analyzer              | Entity CARDINAL is not mapped to a Presidio entity, but keeping anyway. Add to `NerModelConfiguration.labels_to_ignore` to remove.
23:00:55  WARNING   presidio-analyzer              | Entity CARDINAL is not mapped to a Presidio entity, but keeping anyway. Add to `NerModelConfiguration.labels_to_ignore` to remove.
23:00:55  WARNING   presidio-analyzer              | Entity CARDINAL is not mapped to a Presidio entity, but keeping anyway. Add to `NerModelConfiguration.labels_to_ignore` to remove.
23:00:55  WARNING   presidio-analyzer              | Entity CARDINAL is not mapped to a Presidio entity, but keeping anyway. Add to `NerModelConfiguration.labels_to_ignore` to remove.
23:00:55  WARNING   presidio-analyzer              | Entity CARDINAL is not mapped to a Presidio entity, but keeping anyway. Add to `NerModelConfiguration.labels_to_ignore` to remove.
23:00:55  DEBUG     presidio-analyzer              | --- match_time[USA DEA Certificate Number (weak)]: 0.000015 seconds
23:00:55  DEBUG     presidio-analyzer              | --- match_time[Driver License - Alphanumeric (weak)]: 0.000008 seconds
23:00:55  DEBUG     presidio-analyzer              | --- match_time[Driver License - Digits (very weak)]: 0.000007 seconds
23:00:55  DEBUG     presidio-analyzer              | --- match_time[NHS (medium)]: 0.000005 seconds
23:00:55  DEBUG     presidio-analyzer              | --- match_time[Bank Account (weak)]: 0.000004 seconds
23:00:55  DEBUG     presidio-analyzer              | --- match_time[Passport (very weak)]: 0.000005 seconds
23:00:55  DEBUG     presidio-analyzer              | --- match_time[Passport Next Generation (very weak)]: 0.000006 seconds
23:00:55  DEBUG     presidio-analyzer              | --- match_time[All Credit Cards (weak)]: 0.000005 seconds
23:00:55  DEBUG     presidio-analyzer              | --- match_time[Itin (very weak)]: 0.000005 seconds
23:00:55  DEBUG     presidio-analyzer              | --- match_time[Itin (weak)]: 0.000005 seconds
23:00:55  DEBUG     presidio-analyzer              | --- match_time[Itin (medium)]: 0.000004 seconds
23:00:55  DEBUG     presidio-analyzer              | --- match_time[SSN1 (very weak)]: 0.000004 seconds
23:00:55  DEBUG     presidio-analyzer              | --- match_time[SSN2 (very weak)]: 0.000004 seconds
23:00:55  DEBUG     presidio-analyzer              | --- match_time[SSN3 (very weak)]: 0.000005 seconds
23:00:55  DEBUG     presidio-analyzer              | --- match_time[SSN4 (very weak)]: 0.000004 seconds
23:00:55  DEBUG     presidio-analyzer              | --- match_time[SSN5 (medium)]: 0.000004 seconds
23:00:55  DEBUG     masking.engine                 | Page 31: no entities masked (0 detected, none in mask list)
23:00:55  WARNING   presidio-analyzer              | Entity IN_AADHAAR doesn't have the corresponding recognizer in language : en
23:00:55  WARNING   presidio-analyzer              | Entity AU_TFN doesn't have the corresponding recognizer in language : en
23:00:55  WARNING   presidio-analyzer              | Entity IN_PAN doesn't have the corresponding recognizer in language : en
23:00:55  DEBUG     presidio-analyzer              | Returning a total of 9 recognizers
23:00:55  WARNING   presidio-analyzer              | Entity CARDINAL is not mapped to a Presidio entity, but keeping anyway. Add to `NerModelConfiguration.labels_to_ignore` to remove.
23:00:55  WARNING   presidio-analyzer              | Entity LAW is not mapped to a Presidio entity, but keeping anyway. Add to `NerModelConfiguration.labels_to_ignore` to remove.
23:00:55  WARNING   presidio-analyzer              | Entity CARDINAL is not mapped to a Presidio entity, but keeping anyway. Add to `NerModelConfiguration.labels_to_ignore` to remove.
23:00:55  WARNING   presidio-analyzer              | Entity CARDINAL is not mapped to a Presidio entity, but keeping anyway. Add to `NerModelConfiguration.labels_to_ignore` to remove.
23:00:55  WARNING   presidio-analyzer              | Entity LAW is not mapped to a Presidio entity, but keeping anyway. Add to `NerModelConfiguration.labels_to_ignore` to remove.
23:00:55  WARNING   presidio-analyzer              | Entity LAW is not mapped to a Presidio entity, but keeping anyway. Add to `NerModelConfiguration.labels_to_ignore` to remove.
23:00:55  WARNING   presidio-analyzer              | Entity CARDINAL is not mapped to a Presidio entity, but keeping anyway. Add to `NerModelConfiguration.labels_to_ignore` to remove.
23:00:55  WARNING   presidio-analyzer              | Entity CARDINAL is not mapped to a Presidio entity, but keeping anyway. Add to `NerModelConfiguration.labels_to_ignore` to remove.
23:00:55  WARNING   presidio-analyzer              | Entity CARDINAL is not mapped to a Presidio entity, but keeping anyway. Add to `NerModelConfiguration.labels_to_ignore` to remove.
23:00:55  WARNING   presidio-analyzer              | Entity CARDINAL is not mapped to a Presidio entity, but keeping anyway. Add to `NerModelConfiguration.labels_to_ignore` to remove.
23:00:55  DEBUG     presidio-analyzer              | --- match_time[USA DEA Certificate Number (weak)]: 0.000013 seconds
23:00:55  DEBUG     presidio-analyzer              | --- match_time[Driver License - Alphanumeric (weak)]: 0.000009 seconds
23:00:55  DEBUG     presidio-analyzer              | --- match_time[Driver License - Digits (very weak)]: 0.000017 seconds
23:00:55  DEBUG     presidio-analyzer              | --- match_time[NHS (medium)]: 0.000006 seconds
23:00:55  DEBUG     presidio-analyzer              | --- match_time[Bank Account (weak)]: 0.000005 seconds
23:00:55  DEBUG     presidio-analyzer              | --- match_time[Passport (very weak)]: 0.000005 seconds
23:00:55  DEBUG     presidio-analyzer              | --- match_time[Passport Next Generation (very weak)]: 0.000005 seconds
23:00:55  DEBUG     presidio-analyzer              | --- match_time[All Credit Cards (weak)]: 0.000006 seconds
23:00:55  DEBUG     presidio-analyzer              | --- match_time[Itin (very weak)]: 0.000004 seconds
23:00:55  DEBUG     presidio-analyzer              | --- match_time[Itin (weak)]: 0.000005 seconds
23:00:55  DEBUG     presidio-analyzer              | --- match_time[Itin (medium)]: 0.000004 seconds
23:00:55  DEBUG     presidio-analyzer              | --- match_time[SSN1 (very weak)]: 0.000005 seconds
23:00:55  DEBUG     presidio-analyzer              | --- match_time[SSN2 (very weak)]: 0.000005 seconds
23:00:55  DEBUG     presidio-analyzer              | --- match_time[SSN3 (very weak)]: 0.000005 seconds
23:00:55  DEBUG     presidio-analyzer              | --- match_time[SSN4 (very weak)]: 0.000005 seconds
23:00:55  DEBUG     presidio-analyzer              | --- match_time[SSN5 (medium)]: 0.000005 seconds
23:00:55  DEBUG     masking.engine                 | Page 32: no entities masked (0 detected, none in mask list)
23:00:55  WARNING   presidio-analyzer              | Entity IN_AADHAAR doesn't have the corresponding recognizer in language : en
23:00:55  WARNING   presidio-analyzer              | Entity AU_TFN doesn't have the corresponding recognizer in language : en
23:00:55  WARNING   presidio-analyzer              | Entity IN_PAN doesn't have the corresponding recognizer in language : en
23:00:55  DEBUG     presidio-analyzer              | Returning a total of 9 recognizers
23:00:55  WARNING   presidio-analyzer              | Entity CARDINAL is not mapped to a Presidio entity, but keeping anyway. Add to `NerModelConfiguration.labels_to_ignore` to remove.
23:00:55  WARNING   presidio-analyzer              | Entity CARDINAL is not mapped to a Presidio entity, but keeping anyway. Add to `NerModelConfiguration.labels_to_ignore` to remove.
23:00:55  WARNING   presidio-analyzer              | Entity CARDINAL is not mapped to a Presidio entity, but keeping anyway. Add to `NerModelConfiguration.labels_to_ignore` to remove.
23:00:55  WARNING   presidio-analyzer              | Entity PRODUCT is not mapped to a Presidio entity, but keeping anyway. Add to `NerModelConfiguration.labels_to_ignore` to remove.
23:00:55  WARNING   presidio-analyzer              | Entity LAW is not mapped to a Presidio entity, but keeping anyway. Add to `NerModelConfiguration.labels_to_ignore` to remove.
23:00:55  WARNING   presidio-analyzer              | Entity LAW is not mapped to a Presidio entity, but keeping anyway. Add to `NerModelConfiguration.labels_to_ignore` to remove.
23:00:55  WARNING   presidio-analyzer              | Entity CARDINAL is not mapped to a Presidio entity, but keeping anyway. Add to `NerModelConfiguration.labels_to_ignore` to remove.
23:00:55  WARNING   presidio-analyzer              | Entity CARDINAL is not mapped to a Presidio entity, but keeping anyway. Add to `NerModelConfiguration.labels_to_ignore` to remove.
23:00:55  WARNING   presidio-analyzer              | Entity CARDINAL is not mapped to a Presidio entity, but keeping anyway. Add to `NerModelConfiguration.labels_to_ignore` to remove.
23:00:55  WARNING   presidio-analyzer              | Entity LAW is not mapped to a Presidio entity, but keeping anyway. Add to `NerModelConfiguration.labels_to_ignore` to remove.
23:00:55  WARNING   presidio-analyzer              | Entity CARDINAL is not mapped to a Presidio entity, but keeping anyway. Add to `NerModelConfiguration.labels_to_ignore` to remove.
23:00:55  WARNING   presidio-analyzer              | Entity CARDINAL is not mapped to a Presidio entity, but keeping anyway. Add to `NerModelConfiguration.labels_to_ignore` to remove.
23:00:55  WARNING   presidio-analyzer              | Entity LAW is not mapped to a Presidio entity, but keeping anyway. Add to `NerModelConfiguration.labels_to_ignore` to remove.
23:00:55  WARNING   presidio-analyzer              | Entity LAW is not mapped to a Presidio entity, but keeping anyway. Add to `NerModelConfiguration.labels_to_ignore` to remove.
23:00:55  WARNING   presidio-analyzer              | Entity CARDINAL is not mapped to a Presidio entity, but keeping anyway. Add to `NerModelConfiguration.labels_to_ignore` to remove.
23:00:55  WARNING   presidio-analyzer              | Entity CARDINAL is not mapped to a Presidio entity, but keeping anyway. Add to `NerModelConfiguration.labels_to_ignore` to remove.
23:00:55  WARNING   presidio-analyzer              | Entity CARDINAL is not mapped to a Presidio entity, but keeping anyway. Add to `NerModelConfiguration.labels_to_ignore` to remove.
23:00:55  WARNING   presidio-analyzer              | Entity CARDINAL is not mapped to a Presidio entity, but keeping anyway. Add to `NerModelConfiguration.labels_to_ignore` to remove.
23:00:55  WARNING   presidio-analyzer              | Entity CARDINAL is not mapped to a Presidio entity, but keeping anyway. Add to `NerModelConfiguration.labels_to_ignore` to remove.
23:00:55  WARNING   presidio-analyzer              | Entity CARDINAL is not mapped to a Presidio entity, but keeping anyway. Add to `NerModelConfiguration.labels_to_ignore` to remove.
23:00:55  DEBUG     presidio-analyzer              | --- match_time[USA DEA Certificate Number (weak)]: 0.000015 seconds
23:00:55  DEBUG     presidio-analyzer              | --- match_time[Driver License - Alphanumeric (weak)]: 0.000008 seconds
23:00:55  DEBUG     presidio-analyzer              | --- match_time[Driver License - Digits (very weak)]: 0.000007 seconds
23:00:55  DEBUG     presidio-analyzer              | --- match_time[NHS (medium)]: 0.000005 seconds
23:00:55  DEBUG     presidio-analyzer              | --- match_time[Bank Account (weak)]: 0.000006 seconds
23:00:55  DEBUG     presidio-analyzer              | --- match_time[Passport (very weak)]: 0.000005 seconds
23:00:55  DEBUG     presidio-analyzer              | --- match_time[Passport Next Generation (very weak)]: 0.000005 seconds
23:00:55  DEBUG     presidio-analyzer              | --- match_time[All Credit Cards (weak)]: 0.000005 seconds
23:00:55  DEBUG     presidio-analyzer              | --- match_time[Itin (very weak)]: 0.000004 seconds
23:00:55  DEBUG     presidio-analyzer              | --- match_time[Itin (weak)]: 0.000005 seconds
23:00:55  DEBUG     presidio-analyzer              | --- match_time[Itin (medium)]: 0.000015 seconds
23:00:55  DEBUG     presidio-analyzer              | --- match_time[SSN1 (very weak)]: 0.000011 seconds
23:00:55  DEBUG     presidio-analyzer              | --- match_time[SSN2 (very weak)]: 0.000013 seconds
23:00:55  DEBUG     presidio-analyzer              | --- match_time[SSN3 (very weak)]: 0.000008 seconds
23:00:55  DEBUG     presidio-analyzer              | --- match_time[SSN4 (very weak)]: 0.000005 seconds
23:00:55  DEBUG     presidio-analyzer              | --- match_time[SSN5 (medium)]: 0.000007 seconds
23:00:55  DEBUG     presidio-analyzer              | Context list is: regard b1.0 u.k. personal data version
23:00:55  DEBUG     presidio-analyzer              | Context list is: 21 u.k. 2022 force 2018 march set
23:00:55  DEBUG     masking.engine                 | Page 33: no entities masked (0 detected, none in mask list)
23:00:55  WARNING   presidio-analyzer              | Entity IN_AADHAAR doesn't have the corresponding recognizer in language : en
23:00:55  WARNING   presidio-analyzer              | Entity AU_TFN doesn't have the corresponding recognizer in language : en
23:00:55  WARNING   presidio-analyzer              | Entity IN_PAN doesn't have the corresponding recognizer in language : en
23:00:55  DEBUG     presidio-analyzer              | Returning a total of 9 recognizers
23:00:55  WARNING   presidio-analyzer              | Entity LAW is not mapped to a Presidio entity, but keeping anyway. Add to `NerModelConfiguration.labels_to_ignore` to remove.
23:00:55  WARNING   presidio-analyzer              | Entity PRODUCT is not mapped to a Presidio entity, but keeping anyway. Add to `NerModelConfiguration.labels_to_ignore` to remove.
23:00:55  WARNING   presidio-analyzer              | Entity LAW is not mapped to a Presidio entity, but keeping anyway. Add to `NerModelConfiguration.labels_to_ignore` to remove.
23:00:55  WARNING   presidio-analyzer              | Entity CARDINAL is not mapped to a Presidio entity, but keeping anyway. Add to `NerModelConfiguration.labels_to_ignore` to remove.
23:00:55  DEBUG     presidio-analyzer              | --- match_time[USA DEA Certificate Number (weak)]: 0.000012 seconds
23:00:55  DEBUG     presidio-analyzer              | --- match_time[Driver License - Alphanumeric (weak)]: 0.000006 seconds
23:00:55  DEBUG     presidio-analyzer              | --- match_time[Driver License - Digits (very weak)]: 0.000005 seconds
23:00:55  DEBUG     presidio-analyzer              | --- match_time[NHS (medium)]: 0.000004 seconds
23:00:55  DEBUG     presidio-analyzer              | --- match_time[Bank Account (weak)]: 0.000005 seconds
23:00:55  DEBUG     presidio-analyzer              | --- match_time[Passport (very weak)]: 0.000005 seconds
23:00:55  DEBUG     presidio-analyzer              | --- match_time[Passport Next Generation (very weak)]: 0.000005 seconds
23:00:55  DEBUG     presidio-analyzer              | --- match_time[All Credit Cards (weak)]: 0.000005 seconds
23:00:55  DEBUG     presidio-analyzer              | --- match_time[Itin (very weak)]: 0.000004 seconds
23:00:55  DEBUG     presidio-analyzer              | --- match_time[Itin (weak)]: 0.000005 seconds
23:00:55  DEBUG     presidio-analyzer              | --- match_time[Itin (medium)]: 0.000004 seconds
23:00:55  DEBUG     presidio-analyzer              | --- match_time[SSN1 (very weak)]: 0.000004 seconds
23:00:55  DEBUG     presidio-analyzer              | --- match_time[SSN2 (very weak)]: 0.000004 seconds
23:00:55  DEBUG     presidio-analyzer              | --- match_time[SSN3 (very weak)]: 0.000004 seconds
23:00:55  DEBUG     presidio-analyzer              | --- match_time[SSN4 (very weak)]: 0.000004 seconds
23:00:55  DEBUG     presidio-analyzer              | --- match_time[SSN5 (medium)]: 0.000004 seconds
23:00:55  DEBUG     masking.engine                 | Page 34: no entities masked (0 detected, none in mask list)
23:00:55  WARNING   presidio-analyzer              | Entity IN_AADHAAR doesn't have the corresponding recognizer in language : en
23:00:55  WARNING   presidio-analyzer              | Entity AU_TFN doesn't have the corresponding recognizer in language : en
23:00:55  WARNING   presidio-analyzer              | Entity IN_PAN doesn't have the corresponding recognizer in language : en
23:00:55  DEBUG     presidio-analyzer              | Returning a total of 9 recognizers
23:00:55  WARNING   presidio-analyzer              | Entity WORK_OF_ART is not mapped to a Presidio entity, but keeping anyway. Add to `NerModelConfiguration.labels_to_ignore` to remove.
23:00:55  WARNING   presidio-analyzer              | Entity CARDINAL is not mapped to a Presidio entity, but keeping anyway. Add to `NerModelConfiguration.labels_to_ignore` to remove.
23:00:55  WARNING   presidio-analyzer              | Entity CARDINAL is not mapped to a Presidio entity, but keeping anyway. Add to `NerModelConfiguration.labels_to_ignore` to remove.
23:00:55  WARNING   presidio-analyzer              | Entity CARDINAL is not mapped to a Presidio entity, but keeping anyway. Add to `NerModelConfiguration.labels_to_ignore` to remove.
23:00:55  WARNING   presidio-analyzer              | Entity CARDINAL is not mapped to a Presidio entity, but keeping anyway. Add to `NerModelConfiguration.labels_to_ignore` to remove.
23:00:55  WARNING   presidio-analyzer              | Entity CARDINAL is not mapped to a Presidio entity, but keeping anyway. Add to `NerModelConfiguration.labels_to_ignore` to remove.
23:00:55  WARNING   presidio-analyzer              | Entity CARDINAL is not mapped to a Presidio entity, but keeping anyway. Add to `NerModelConfiguration.labels_to_ignore` to remove.
23:00:55  WARNING   presidio-analyzer              | Entity CARDINAL is not mapped to a Presidio entity, but keeping anyway. Add to `NerModelConfiguration.labels_to_ignore` to remove.
23:00:55  WARNING   presidio-analyzer              | Entity CARDINAL is not mapped to a Presidio entity, but keeping anyway. Add to `NerModelConfiguration.labels_to_ignore` to remove.
23:00:55  WARNING   presidio-analyzer              | Entity CARDINAL is not mapped to a Presidio entity, but keeping anyway. Add to `NerModelConfiguration.labels_to_ignore` to remove.
23:00:55  WARNING   presidio-analyzer              | Entity CARDINAL is not mapped to a Presidio entity, but keeping anyway. Add to `NerModelConfiguration.labels_to_ignore` to remove.
23:00:55  DEBUG     presidio-analyzer              | --- match_time[USA DEA Certificate Number (weak)]: 0.000017 seconds
23:00:55  DEBUG     presidio-analyzer              | --- match_time[Driver License - Alphanumeric (weak)]: 0.000013 seconds
23:00:55  DEBUG     presidio-analyzer              | --- match_time[Driver License - Digits (very weak)]: 0.000017 seconds
23:00:55  DEBUG     presidio-analyzer              | --- match_time[NHS (medium)]: 0.000007 seconds
23:00:55  DEBUG     presidio-analyzer              | --- match_time[Bank Account (weak)]: 0.000005 seconds
23:00:55  DEBUG     presidio-analyzer              | --- match_time[Passport (very weak)]: 0.000005 seconds
23:00:55  DEBUG     presidio-analyzer              | --- match_time[Passport Next Generation (very weak)]: 0.000004 seconds
23:00:55  DEBUG     presidio-analyzer              | --- match_time[All Credit Cards (weak)]: 0.000005 seconds
23:00:55  DEBUG     presidio-analyzer              | --- match_time[Itin (very weak)]: 0.000004 seconds
23:00:55  DEBUG     presidio-analyzer              | --- match_time[Itin (weak)]: 0.000005 seconds
23:00:55  DEBUG     presidio-analyzer              | --- match_time[Itin (medium)]: 0.000005 seconds
23:00:55  DEBUG     presidio-analyzer              | --- match_time[SSN1 (very weak)]: 0.000005 seconds
23:00:55  DEBUG     presidio-analyzer              | --- match_time[SSN2 (very weak)]: 0.000011 seconds
23:00:55  DEBUG     presidio-analyzer              | --- match_time[SSN3 (very weak)]: 0.000005 seconds
23:00:55  DEBUG     presidio-analyzer              | --- match_time[SSN4 (very weak)]: 0.000005 seconds
23:00:55  DEBUG     presidio-analyzer              | --- match_time[SSN5 (medium)]: 0.000006 seconds
23:00:55  DEBUG     masking.engine                 | Page 35: no entities masked (0 detected, none in mask list)
23:00:55  WARNING   presidio-analyzer              | Entity IN_AADHAAR doesn't have the corresponding recognizer in language : en
23:00:55  WARNING   presidio-analyzer              | Entity AU_TFN doesn't have the corresponding recognizer in language : en
23:00:55  WARNING   presidio-analyzer              | Entity IN_PAN doesn't have the corresponding recognizer in language : en
23:00:55  DEBUG     presidio-analyzer              | Returning a total of 9 recognizers
23:00:56  WARNING   presidio-analyzer              | Entity CARDINAL is not mapped to a Presidio entity, but keeping anyway. Add to `NerModelConfiguration.labels_to_ignore` to remove.
23:00:56  WARNING   presidio-analyzer              | Entity CARDINAL is not mapped to a Presidio entity, but keeping anyway. Add to `NerModelConfiguration.labels_to_ignore` to remove.
23:00:56  WARNING   presidio-analyzer              | Entity CARDINAL is not mapped to a Presidio entity, but keeping anyway. Add to `NerModelConfiguration.labels_to_ignore` to remove.
23:00:56  WARNING   presidio-analyzer              | Entity CARDINAL is not mapped to a Presidio entity, but keeping anyway. Add to `NerModelConfiguration.labels_to_ignore` to remove.
23:00:56  WARNING   presidio-analyzer              | Entity CARDINAL is not mapped to a Presidio entity, but keeping anyway. Add to `NerModelConfiguration.labels_to_ignore` to remove.
23:00:56  WARNING   presidio-analyzer              | Entity CARDINAL is not mapped to a Presidio entity, but keeping anyway. Add to `NerModelConfiguration.labels_to_ignore` to remove.
23:00:56  DEBUG     presidio-analyzer              | --- match_time[USA DEA Certificate Number (weak)]: 0.000014 seconds
23:00:56  DEBUG     presidio-analyzer              | --- match_time[Driver License - Alphanumeric (weak)]: 0.000008 seconds
23:00:56  DEBUG     presidio-analyzer              | --- match_time[Driver License - Digits (very weak)]: 0.000006 seconds
23:00:56  DEBUG     presidio-analyzer              | --- match_time[NHS (medium)]: 0.000004 seconds
23:00:56  DEBUG     presidio-analyzer              | --- match_time[Bank Account (weak)]: 0.000013 seconds
23:00:56  DEBUG     presidio-analyzer              | --- match_time[Passport (very weak)]: 0.000006 seconds
23:00:56  DEBUG     presidio-analyzer              | --- match_time[Passport Next Generation (very weak)]: 0.000005 seconds
23:00:56  DEBUG     presidio-analyzer              | --- match_time[All Credit Cards (weak)]: 0.000004 seconds
23:00:56  DEBUG     presidio-analyzer              | --- match_time[Itin (very weak)]: 0.000005 seconds
23:00:56  DEBUG     presidio-analyzer              | --- match_time[Itin (weak)]: 0.000004 seconds
23:00:56  DEBUG     presidio-analyzer              | --- match_time[Itin (medium)]: 0.000005 seconds
23:00:56  DEBUG     presidio-analyzer              | --- match_time[SSN1 (very weak)]: 0.000004 seconds
23:00:56  DEBUG     presidio-analyzer              | --- match_time[SSN2 (very weak)]: 0.000005 seconds
23:00:56  DEBUG     presidio-analyzer              | --- match_time[SSN3 (very weak)]: 0.000005 seconds
23:00:56  DEBUG     presidio-analyzer              | --- match_time[SSN4 (very weak)]: 0.000004 seconds
23:00:56  DEBUG     presidio-analyzer              | --- match_time[SSN5 (medium)]: 0.000005 seconds
23:00:56  DEBUG     masking.engine                 | Page 36: no entities masked (0 detected, none in mask list)
23:00:56  WARNING   presidio-analyzer              | Entity IN_AADHAAR doesn't have the corresponding recognizer in language : en
23:00:56  WARNING   presidio-analyzer              | Entity AU_TFN doesn't have the corresponding recognizer in language : en
23:00:56  WARNING   presidio-analyzer              | Entity IN_PAN doesn't have the corresponding recognizer in language : en
23:00:56  DEBUG     presidio-analyzer              | Returning a total of 9 recognizers
23:00:56  WARNING   presidio-analyzer              | Entity CARDINAL is not mapped to a Presidio entity, but keeping anyway. Add to `NerModelConfiguration.labels_to_ignore` to remove.
23:00:56  WARNING   presidio-analyzer              | Entity CARDINAL is not mapped to a Presidio entity, but keeping anyway. Add to `NerModelConfiguration.labels_to_ignore` to remove.
23:00:56  WARNING   presidio-analyzer              | Entity CARDINAL is not mapped to a Presidio entity, but keeping anyway. Add to `NerModelConfiguration.labels_to_ignore` to remove.
23:00:56  WARNING   presidio-analyzer              | Entity CARDINAL is not mapped to a Presidio entity, but keeping anyway. Add to `NerModelConfiguration.labels_to_ignore` to remove.
23:00:56  WARNING   presidio-analyzer              | Entity CARDINAL is not mapped to a Presidio entity, but keeping anyway. Add to `NerModelConfiguration.labels_to_ignore` to remove.
23:00:56  WARNING   presidio-analyzer              | Entity CARDINAL is not mapped to a Presidio entity, but keeping anyway. Add to `NerModelConfiguration.labels_to_ignore` to remove.
23:00:56  WARNING   presidio-analyzer              | Entity CARDINAL is not mapped to a Presidio entity, but keeping anyway. Add to `NerModelConfiguration.labels_to_ignore` to remove.
23:00:56  WARNING   presidio-analyzer              | Entity CARDINAL is not mapped to a Presidio entity, but keeping anyway. Add to `NerModelConfiguration.labels_to_ignore` to remove.
23:00:56  WARNING   presidio-analyzer              | Entity CARDINAL is not mapped to a Presidio entity, but keeping anyway. Add to `NerModelConfiguration.labels_to_ignore` to remove.
23:00:56  WARNING   presidio-analyzer              | Entity CARDINAL is not mapped to a Presidio entity, but keeping anyway. Add to `NerModelConfiguration.labels_to_ignore` to remove.
23:00:56  DEBUG     presidio-analyzer              | --- match_time[USA DEA Certificate Number (weak)]: 0.000014 seconds
23:00:56  DEBUG     presidio-analyzer              | --- match_time[Driver License - Alphanumeric (weak)]: 0.000006 seconds
23:00:56  DEBUG     presidio-analyzer              | --- match_time[Driver License - Digits (very weak)]: 0.000009 seconds
23:00:56  DEBUG     presidio-analyzer              | --- match_time[NHS (medium)]: 0.000004 seconds
23:00:56  DEBUG     presidio-analyzer              | --- match_time[Bank Account (weak)]: 0.000006 seconds
23:00:56  DEBUG     presidio-analyzer              | --- match_time[Passport (very weak)]: 0.000005 seconds
23:00:56  DEBUG     presidio-analyzer              | --- match_time[Passport Next Generation (very weak)]: 0.000006 seconds
23:00:56  DEBUG     presidio-analyzer              | --- match_time[All Credit Cards (weak)]: 0.000004 seconds
23:00:56  DEBUG     presidio-analyzer              | --- match_time[Itin (very weak)]: 0.000005 seconds
23:00:56  DEBUG     presidio-analyzer              | --- match_time[Itin (weak)]: 0.000005 seconds
23:00:56  DEBUG     presidio-analyzer              | --- match_time[Itin (medium)]: 0.000004 seconds
23:00:56  DEBUG     presidio-analyzer              | --- match_time[SSN1 (very weak)]: 0.000005 seconds
23:00:56  DEBUG     presidio-analyzer              | --- match_time[SSN2 (very weak)]: 0.000005 seconds
23:00:56  DEBUG     presidio-analyzer              | --- match_time[SSN3 (very weak)]: 0.000005 seconds
23:00:56  DEBUG     presidio-analyzer              | --- match_time[SSN4 (very weak)]: 0.000005 seconds
23:00:56  DEBUG     presidio-analyzer              | --- match_time[SSN5 (medium)]: 0.000005 seconds
23:00:56  DEBUG     masking.engine                 | Page 37: no entities masked (0 detected, none in mask list)
23:00:56  WARNING   presidio-analyzer              | Entity IN_AADHAAR doesn't have the corresponding recognizer in language : en
23:00:56  WARNING   presidio-analyzer              | Entity AU_TFN doesn't have the corresponding recognizer in language : en
23:00:56  WARNING   presidio-analyzer              | Entity IN_PAN doesn't have the corresponding recognizer in language : en
23:00:56  DEBUG     presidio-analyzer              | Returning a total of 9 recognizers
23:00:56  WARNING   presidio-analyzer              | Entity CARDINAL is not mapped to a Presidio entity, but keeping anyway. Add to `NerModelConfiguration.labels_to_ignore` to remove.
23:00:56  WARNING   presidio-analyzer              | Entity CARDINAL is not mapped to a Presidio entity, but keeping anyway. Add to `NerModelConfiguration.labels_to_ignore` to remove.
23:00:56  DEBUG     presidio-analyzer              | --- match_time[USA DEA Certificate Number (weak)]: 0.000019 seconds
23:00:56  DEBUG     presidio-analyzer              | --- match_time[Driver License - Alphanumeric (weak)]: 0.000009 seconds
23:00:56  DEBUG     presidio-analyzer              | --- match_time[Driver License - Digits (very weak)]: 0.000011 seconds
23:00:56  DEBUG     presidio-analyzer              | --- match_time[NHS (medium)]: 0.000007 seconds
23:00:56  DEBUG     presidio-analyzer              | --- match_time[Bank Account (weak)]: 0.000007 seconds
23:00:56  DEBUG     presidio-analyzer              | --- match_time[Passport (very weak)]: 0.000017 seconds
23:00:56  DEBUG     presidio-analyzer              | --- match_time[Passport Next Generation (very weak)]: 0.000011 seconds
23:00:56  DEBUG     presidio-analyzer              | --- match_time[All Credit Cards (weak)]: 0.000006 seconds
23:00:56  DEBUG     presidio-analyzer              | --- match_time[Itin (very weak)]: 0.000005 seconds
23:00:56  DEBUG     presidio-analyzer              | --- match_time[Itin (weak)]: 0.000054 seconds
23:00:56  DEBUG     presidio-analyzer              | --- match_time[Itin (medium)]: 0.000007 seconds
23:00:56  DEBUG     presidio-analyzer              | --- match_time[SSN1 (very weak)]: 0.000005 seconds
23:00:56  DEBUG     presidio-analyzer              | --- match_time[SSN2 (very weak)]: 0.000009 seconds
23:00:56  DEBUG     presidio-analyzer              | --- match_time[SSN3 (very weak)]: 0.000041 seconds
23:00:56  DEBUG     presidio-analyzer              | --- match_time[SSN4 (very weak)]: 0.000007 seconds
23:00:56  DEBUG     presidio-analyzer              | --- match_time[SSN5 (medium)]: 0.000005 seconds
23:00:56  DEBUG     masking.engine                 | Page 38: no entities masked (0 detected, none in mask list)
23:00:56  WARNING   presidio-analyzer              | Entity IN_AADHAAR doesn't have the corresponding recognizer in language : en
23:00:56  WARNING   presidio-analyzer              | Entity AU_TFN doesn't have the corresponding recognizer in language : en
23:00:56  WARNING   presidio-analyzer              | Entity IN_PAN doesn't have the corresponding recognizer in language : en
23:00:56  DEBUG     presidio-analyzer              | Returning a total of 9 recognizers
23:00:56  WARNING   presidio-analyzer              | Entity LAW is not mapped to a Presidio entity, but keeping anyway. Add to `NerModelConfiguration.labels_to_ignore` to remove.
23:00:56  WARNING   presidio-analyzer              | Entity ORDINAL is not mapped to a Presidio entity, but keeping anyway. Add to `NerModelConfiguration.labels_to_ignore` to remove.
23:00:56  WARNING   presidio-analyzer              | Entity CARDINAL is not mapped to a Presidio entity, but keeping anyway. Add to `NerModelConfiguration.labels_to_ignore` to remove.
23:00:56  WARNING   presidio-analyzer              | Entity LAW is not mapped to a Presidio entity, but keeping anyway. Add to `NerModelConfiguration.labels_to_ignore` to remove.
23:00:56  WARNING   presidio-analyzer              | Entity CARDINAL is not mapped to a Presidio entity, but keeping anyway. Add to `NerModelConfiguration.labels_to_ignore` to remove.
23:00:56  WARNING   presidio-analyzer              | Entity CARDINAL is not mapped to a Presidio entity, but keeping anyway. Add to `NerModelConfiguration.labels_to_ignore` to remove.
23:00:56  WARNING   presidio-analyzer              | Entity CARDINAL is not mapped to a Presidio entity, but keeping anyway. Add to `NerModelConfiguration.labels_to_ignore` to remove.
23:00:56  WARNING   presidio-analyzer              | Entity CARDINAL is not mapped to a Presidio entity, but keeping anyway. Add to `NerModelConfiguration.labels_to_ignore` to remove.
23:00:56  WARNING   presidio-analyzer              | Entity CARDINAL is not mapped to a Presidio entity, but keeping anyway. Add to `NerModelConfiguration.labels_to_ignore` to remove.
23:00:56  WARNING   presidio-analyzer              | Entity ORDINAL is not mapped to a Presidio entity, but keeping anyway. Add to `NerModelConfiguration.labels_to_ignore` to remove.
23:00:56  WARNING   presidio-analyzer              | Entity WORK_OF_ART is not mapped to a Presidio entity, but keeping anyway. Add to `NerModelConfiguration.labels_to_ignore` to remove.
23:00:56  WARNING   presidio-analyzer              | Entity ORDINAL is not mapped to a Presidio entity, but keeping anyway. Add to `NerModelConfiguration.labels_to_ignore` to remove.
23:00:56  WARNING   presidio-analyzer              | Entity WORK_OF_ART is not mapped to a Presidio entity, but keeping anyway. Add to `NerModelConfiguration.labels_to_ignore` to remove.
23:00:56  WARNING   presidio-analyzer              | Entity CARDINAL is not mapped to a Presidio entity, but keeping anyway. Add to `NerModelConfiguration.labels_to_ignore` to remove.
23:00:56  DEBUG     presidio-analyzer              | --- match_time[USA DEA Certificate Number (weak)]: 0.000018 seconds
23:00:56  DEBUG     presidio-analyzer              | --- match_time[Driver License - Alphanumeric (weak)]: 0.000008 seconds
23:00:56  DEBUG     presidio-analyzer              | --- match_time[Driver License - Digits (very weak)]: 0.000019 seconds
23:00:56  DEBUG     presidio-analyzer              | --- match_time[NHS (medium)]: 0.000007 seconds
23:00:56  DEBUG     presidio-analyzer              | --- match_time[Bank Account (weak)]: 0.000005 seconds
23:00:56  DEBUG     presidio-analyzer              | --- match_time[Passport (very weak)]: 0.000005 seconds
23:00:56  DEBUG     presidio-analyzer              | --- match_time[Passport Next Generation (very weak)]: 0.000005 seconds
23:00:56  DEBUG     presidio-analyzer              | --- match_time[All Credit Cards (weak)]: 0.000005 seconds
23:00:56  DEBUG     presidio-analyzer              | --- match_time[Itin (very weak)]: 0.000016 seconds
23:00:56  DEBUG     presidio-analyzer              | --- match_time[Itin (weak)]: 0.000005 seconds
23:00:56  DEBUG     presidio-analyzer              | --- match_time[Itin (medium)]: 0.000005 seconds
23:00:56  DEBUG     presidio-analyzer              | --- match_time[SSN1 (very weak)]: 0.000005 seconds
23:00:56  DEBUG     presidio-analyzer              | --- match_time[SSN2 (very weak)]: 0.000005 seconds
23:00:56  DEBUG     presidio-analyzer              | --- match_time[SSN3 (very weak)]: 0.000005 seconds
23:00:56  DEBUG     presidio-analyzer              | --- match_time[SSN4 (very weak)]: 0.000005 seconds
23:00:56  DEBUG     presidio-analyzer              | --- match_time[SSN5 (medium)]: 0.000006 seconds
23:00:56  DEBUG     masking.engine                 | Page 39: no entities masked (0 detected, none in mask list)
23:00:56  WARNING   presidio-analyzer              | Entity IN_AADHAAR doesn't have the corresponding recognizer in language : en
23:00:56  WARNING   presidio-analyzer              | Entity AU_TFN doesn't have the corresponding recognizer in language : en
23:00:56  WARNING   presidio-analyzer              | Entity IN_PAN doesn't have the corresponding recognizer in language : en
23:00:56  DEBUG     presidio-analyzer              | Returning a total of 9 recognizers
23:00:56  WARNING   presidio-analyzer              | Entity ORDINAL is not mapped to a Presidio entity, but keeping anyway. Add to `NerModelConfiguration.labels_to_ignore` to remove.
23:00:56  WARNING   presidio-analyzer              | Entity WORK_OF_ART is not mapped to a Presidio entity, but keeping anyway. Add to `NerModelConfiguration.labels_to_ignore` to remove.
23:00:56  WARNING   presidio-analyzer              | Entity CARDINAL is not mapped to a Presidio entity, but keeping anyway. Add to `NerModelConfiguration.labels_to_ignore` to remove.
23:00:56  WARNING   presidio-analyzer              | Entity LAW is not mapped to a Presidio entity, but keeping anyway. Add to `NerModelConfiguration.labels_to_ignore` to remove.
23:00:56  WARNING   presidio-analyzer              | Entity LAW is not mapped to a Presidio entity, but keeping anyway. Add to `NerModelConfiguration.labels_to_ignore` to remove.
23:00:56  WARNING   presidio-analyzer              | Entity CARDINAL is not mapped to a Presidio entity, but keeping anyway. Add to `NerModelConfiguration.labels_to_ignore` to remove.
23:00:56  WARNING   presidio-analyzer              | Entity CARDINAL is not mapped to a Presidio entity, but keeping anyway. Add to `NerModelConfiguration.labels_to_ignore` to remove.
23:00:56  WARNING   presidio-analyzer              | Entity LAW is not mapped to a Presidio entity, but keeping anyway. Add to `NerModelConfiguration.labels_to_ignore` to remove.
23:00:56  WARNING   presidio-analyzer              | Entity PERCENT is not mapped to a Presidio entity, but keeping anyway. Add to `NerModelConfiguration.labels_to_ignore` to remove.
23:00:56  WARNING   presidio-analyzer              | Entity LAW is not mapped to a Presidio entity, but keeping anyway. Add to `NerModelConfiguration.labels_to_ignore` to remove.
23:00:56  WARNING   presidio-analyzer              | Entity ORDINAL is not mapped to a Presidio entity, but keeping anyway. Add to `NerModelConfiguration.labels_to_ignore` to remove.
23:00:56  WARNING   presidio-analyzer              | Entity CARDINAL is not mapped to a Presidio entity, but keeping anyway. Add to `NerModelConfiguration.labels_to_ignore` to remove.
23:00:56  WARNING   presidio-analyzer              | Entity ORDINAL is not mapped to a Presidio entity, but keeping anyway. Add to `NerModelConfiguration.labels_to_ignore` to remove.
23:00:56  WARNING   presidio-analyzer              | Entity CARDINAL is not mapped to a Presidio entity, but keeping anyway. Add to `NerModelConfiguration.labels_to_ignore` to remove.
23:00:56  DEBUG     presidio-analyzer              | --- match_time[USA DEA Certificate Number (weak)]: 0.000015 seconds
23:00:56  DEBUG     presidio-analyzer              | --- match_time[Driver License - Alphanumeric (weak)]: 0.000008 seconds
23:00:56  DEBUG     presidio-analyzer              | --- match_time[Driver License - Digits (very weak)]: 0.000008 seconds
23:00:56  DEBUG     presidio-analyzer              | --- match_time[NHS (medium)]: 0.000005 seconds
23:00:56  DEBUG     presidio-analyzer              | --- match_time[Bank Account (weak)]: 0.000004 seconds
23:00:56  DEBUG     presidio-analyzer              | --- match_time[Passport (very weak)]: 0.000005 seconds
23:00:56  DEBUG     presidio-analyzer              | --- match_time[Passport Next Generation (very weak)]: 0.000004 seconds
23:00:56  DEBUG     presidio-analyzer              | --- match_time[All Credit Cards (weak)]: 0.000005 seconds
23:00:56  DEBUG     presidio-analyzer              | --- match_time[Itin (very weak)]: 0.000005 seconds
23:00:56  DEBUG     presidio-analyzer              | --- match_time[Itin (weak)]: 0.000015 seconds
23:00:56  DEBUG     presidio-analyzer              | --- match_time[Itin (medium)]: 0.000009 seconds
23:00:57  DEBUG     presidio-analyzer              | --- match_time[SSN1 (very weak)]: 0.000009 seconds
23:00:57  DEBUG     presidio-analyzer              | --- match_time[SSN2 (very weak)]: 0.000005 seconds
23:00:57  DEBUG     presidio-analyzer              | --- match_time[SSN3 (very weak)]: 0.000005 seconds
23:00:57  DEBUG     presidio-analyzer              | --- match_time[SSN4 (very weak)]: 0.000005 seconds
23:00:57  DEBUG     presidio-analyzer              | --- match_time[SSN5 (medium)]: 0.000005 seconds
23:00:57  DEBUG     masking.engine                 | Page 40: no entities masked (0 detected, none in mask list)
23:00:57  WARNING   presidio-analyzer              | Entity IN_AADHAAR doesn't have the corresponding recognizer in language : en
23:00:57  WARNING   presidio-analyzer              | Entity AU_TFN doesn't have the corresponding recognizer in language : en
23:00:57  WARNING   presidio-analyzer              | Entity IN_PAN doesn't have the corresponding recognizer in language : en
23:00:57  DEBUG     presidio-analyzer              | Returning a total of 9 recognizers
23:00:57  WARNING   presidio-analyzer              | Entity CARDINAL is not mapped to a Presidio entity, but keeping anyway. Add to `NerModelConfiguration.labels_to_ignore` to remove.
23:00:57  WARNING   presidio-analyzer              | Entity CARDINAL is not mapped to a Presidio entity, but keeping anyway. Add to `NerModelConfiguration.labels_to_ignore` to remove.
23:00:57  WARNING   presidio-analyzer              | Entity CARDINAL is not mapped to a Presidio entity, but keeping anyway. Add to `NerModelConfiguration.labels_to_ignore` to remove.
23:00:57  WARNING   presidio-analyzer              | Entity LAW is not mapped to a Presidio entity, but keeping anyway. Add to `NerModelConfiguration.labels_to_ignore` to remove.
23:00:57  WARNING   presidio-analyzer              | Entity LAW is not mapped to a Presidio entity, but keeping anyway. Add to `NerModelConfiguration.labels_to_ignore` to remove.
23:00:57  WARNING   presidio-analyzer              | Entity LAW is not mapped to a Presidio entity, but keeping anyway. Add to `NerModelConfiguration.labels_to_ignore` to remove.
23:00:57  WARNING   presidio-analyzer              | Entity CARDINAL is not mapped to a Presidio entity, but keeping anyway. Add to `NerModelConfiguration.labels_to_ignore` to remove.
23:00:57  WARNING   presidio-analyzer              | Entity LAW is not mapped to a Presidio entity, but keeping anyway. Add to `NerModelConfiguration.labels_to_ignore` to remove.
23:00:57  WARNING   presidio-analyzer              | Entity CARDINAL is not mapped to a Presidio entity, but keeping anyway. Add to `NerModelConfiguration.labels_to_ignore` to remove.
23:00:57  WARNING   presidio-analyzer              | Entity CARDINAL is not mapped to a Presidio entity, but keeping anyway. Add to `NerModelConfiguration.labels_to_ignore` to remove.
23:00:57  WARNING   presidio-analyzer              | Entity CARDINAL is not mapped to a Presidio entity, but keeping anyway. Add to `NerModelConfiguration.labels_to_ignore` to remove.
23:00:57  WARNING   presidio-analyzer              | Entity LAW is not mapped to a Presidio entity, but keeping anyway. Add to `NerModelConfiguration.labels_to_ignore` to remove.
23:00:57  WARNING   presidio-analyzer              | Entity LAW is not mapped to a Presidio entity, but keeping anyway. Add to `NerModelConfiguration.labels_to_ignore` to remove.
23:00:57  WARNING   presidio-analyzer              | Entity CARDINAL is not mapped to a Presidio entity, but keeping anyway. Add to `NerModelConfiguration.labels_to_ignore` to remove.
23:00:57  WARNING   presidio-analyzer              | Entity CARDINAL is not mapped to a Presidio entity, but keeping anyway. Add to `NerModelConfiguration.labels_to_ignore` to remove.
23:00:57  WARNING   presidio-analyzer              | Entity CARDINAL is not mapped to a Presidio entity, but keeping anyway. Add to `NerModelConfiguration.labels_to_ignore` to remove.
23:00:57  WARNING   presidio-analyzer              | Entity LAW is not mapped to a Presidio entity, but keeping anyway. Add to `NerModelConfiguration.labels_to_ignore` to remove.
23:00:57  WARNING   presidio-analyzer              | Entity CARDINAL is not mapped to a Presidio entity, but keeping anyway. Add to `NerModelConfiguration.labels_to_ignore` to remove.
23:00:57  WARNING   presidio-analyzer              | Entity CARDINAL is not mapped to a Presidio entity, but keeping anyway. Add to `NerModelConfiguration.labels_to_ignore` to remove.
23:00:57  WARNING   presidio-analyzer              | Entity CARDINAL is not mapped to a Presidio entity, but keeping anyway. Add to `NerModelConfiguration.labels_to_ignore` to remove.
23:00:57  WARNING   presidio-analyzer              | Entity ORDINAL is not mapped to a Presidio entity, but keeping anyway. Add to `NerModelConfiguration.labels_to_ignore` to remove.
23:00:57  WARNING   presidio-analyzer              | Entity ORDINAL is not mapped to a Presidio entity, but keeping anyway. Add to `NerModelConfiguration.labels_to_ignore` to remove.
23:00:57  WARNING   presidio-analyzer              | Entity CARDINAL is not mapped to a Presidio entity, but keeping anyway. Add to `NerModelConfiguration.labels_to_ignore` to remove.
23:00:57  WARNING   presidio-analyzer              | Entity CARDINAL is not mapped to a Presidio entity, but keeping anyway. Add to `NerModelConfiguration.labels_to_ignore` to remove.
23:00:57  WARNING   presidio-analyzer              | Entity ORDINAL is not mapped to a Presidio entity, but keeping anyway. Add to `NerModelConfiguration.labels_to_ignore` to remove.
23:00:57  WARNING   presidio-analyzer              | Entity ORDINAL is not mapped to a Presidio entity, but keeping anyway. Add to `NerModelConfiguration.labels_to_ignore` to remove.
23:00:57  WARNING   presidio-analyzer              | Entity CARDINAL is not mapped to a Presidio entity, but keeping anyway. Add to `NerModelConfiguration.labels_to_ignore` to remove.
23:00:57  DEBUG     presidio-analyzer              | --- match_time[USA DEA Certificate Number (weak)]: 0.000019 seconds
23:00:57  DEBUG     presidio-analyzer              | --- match_time[Driver License - Alphanumeric (weak)]: 0.000007 seconds
23:00:57  DEBUG     presidio-analyzer              | --- match_time[Driver License - Digits (very weak)]: 0.000009 seconds
23:00:57  DEBUG     presidio-analyzer              | --- match_time[NHS (medium)]: 0.000005 seconds
23:00:57  DEBUG     presidio-analyzer              | --- match_time[Bank Account (weak)]: 0.000005 seconds
23:00:57  DEBUG     presidio-analyzer              | --- match_time[Passport (very weak)]: 0.000006 seconds
23:00:57  DEBUG     presidio-analyzer              | --- match_time[Passport Next Generation (very weak)]: 0.000006 seconds
23:00:57  DEBUG     presidio-analyzer              | --- match_time[All Credit Cards (weak)]: 0.000004 seconds
23:00:57  DEBUG     presidio-analyzer              | --- match_time[Itin (very weak)]: 0.000005 seconds
23:00:57  DEBUG     presidio-analyzer              | --- match_time[Itin (weak)]: 0.000005 seconds
23:00:57  DEBUG     presidio-analyzer              | --- match_time[Itin (medium)]: 0.000005 seconds
23:00:57  DEBUG     presidio-analyzer              | --- match_time[SSN1 (very weak)]: 0.000004 seconds
23:00:57  DEBUG     presidio-analyzer              | --- match_time[SSN2 (very weak)]: 0.000005 seconds
23:00:57  DEBUG     presidio-analyzer              | --- match_time[SSN3 (very weak)]: 0.000004 seconds
23:00:57  DEBUG     presidio-analyzer              | --- match_time[SSN4 (very weak)]: 0.000005 seconds
23:00:57  DEBUG     presidio-analyzer              | --- match_time[SSN5 (medium)]: 0.000005 seconds
23:00:57  DEBUG     masking.engine                 | Page 41: no entities masked (0 detected, none in mask list)
23:00:57  WARNING   presidio-analyzer              | Entity IN_AADHAAR doesn't have the corresponding recognizer in language : en
23:00:57  WARNING   presidio-analyzer              | Entity AU_TFN doesn't have the corresponding recognizer in language : en
23:00:57  WARNING   presidio-analyzer              | Entity IN_PAN doesn't have the corresponding recognizer in language : en
23:00:57  DEBUG     presidio-analyzer              | Returning a total of 9 recognizers
23:00:57  WARNING   presidio-analyzer              | Entity CARDINAL is not mapped to a Presidio entity, but keeping anyway. Add to `NerModelConfiguration.labels_to_ignore` to remove.
23:00:57  WARNING   presidio-analyzer              | Entity CARDINAL is not mapped to a Presidio entity, but keeping anyway. Add to `NerModelConfiguration.labels_to_ignore` to remove.
23:00:57  WARNING   presidio-analyzer              | Entity ORDINAL is not mapped to a Presidio entity, but keeping anyway. Add to `NerModelConfiguration.labels_to_ignore` to remove.
23:00:57  WARNING   presidio-analyzer              | Entity ORDINAL is not mapped to a Presidio entity, but keeping anyway. Add to `NerModelConfiguration.labels_to_ignore` to remove.
23:00:57  WARNING   presidio-analyzer              | Entity ORDINAL is not mapped to a Presidio entity, but keeping anyway. Add to `NerModelConfiguration.labels_to_ignore` to remove.
23:00:57  WARNING   presidio-analyzer              | Entity WORK_OF_ART is not mapped to a Presidio entity, but keeping anyway. Add to `NerModelConfiguration.labels_to_ignore` to remove.
23:00:57  WARNING   presidio-analyzer              | Entity ORDINAL is not mapped to a Presidio entity, but keeping anyway. Add to `NerModelConfiguration.labels_to_ignore` to remove.
23:00:57  WARNING   presidio-analyzer              | Entity CARDINAL is not mapped to a Presidio entity, but keeping anyway. Add to `NerModelConfiguration.labels_to_ignore` to remove.
23:00:57  WARNING   presidio-analyzer              | Entity CARDINAL is not mapped to a Presidio entity, but keeping anyway. Add to `NerModelConfiguration.labels_to_ignore` to remove.
23:00:57  DEBUG     presidio-analyzer              | --- match_time[USA DEA Certificate Number (weak)]: 0.000017 seconds
23:00:57  DEBUG     presidio-analyzer              | --- match_time[Driver License - Alphanumeric (weak)]: 0.000015 seconds
23:00:57  DEBUG     presidio-analyzer              | --- match_time[Driver License - Digits (very weak)]: 0.000016 seconds
23:00:57  DEBUG     presidio-analyzer              | --- match_time[NHS (medium)]: 0.000006 seconds
23:00:57  DEBUG     presidio-analyzer              | --- match_time[Bank Account (weak)]: 0.000014 seconds
23:00:57  DEBUG     presidio-analyzer              | --- match_time[Passport (very weak)]: 0.000006 seconds
23:00:57  DEBUG     presidio-analyzer              | --- match_time[Passport Next Generation (very weak)]: 0.000011 seconds
23:00:57  DEBUG     presidio-analyzer              | --- match_time[All Credit Cards (weak)]: 0.000006 seconds
23:00:57  DEBUG     presidio-analyzer              | --- match_time[Itin (very weak)]: 0.000005 seconds
23:00:57  DEBUG     presidio-analyzer              | --- match_time[Itin (weak)]: 0.000005 seconds
23:00:57  DEBUG     presidio-analyzer              | --- match_time[Itin (medium)]: 0.000005 seconds
23:00:57  DEBUG     presidio-analyzer              | --- match_time[SSN1 (very weak)]: 0.000005 seconds
23:00:57  DEBUG     presidio-analyzer              | --- match_time[SSN2 (very weak)]: 0.000012 seconds
23:00:57  DEBUG     presidio-analyzer              | --- match_time[SSN3 (very weak)]: 0.000006 seconds
23:00:57  DEBUG     presidio-analyzer              | --- match_time[SSN4 (very weak)]: 0.000005 seconds
23:00:57  DEBUG     presidio-analyzer              | --- match_time[SSN5 (medium)]: 0.000007 seconds
23:00:57  DEBUG     masking.engine                 | Page 42: no entities masked (0 detected, none in mask list)
23:00:57  WARNING   presidio-analyzer              | Entity IN_AADHAAR doesn't have the corresponding recognizer in language : en
23:00:57  WARNING   presidio-analyzer              | Entity AU_TFN doesn't have the corresponding recognizer in language : en
23:00:57  WARNING   presidio-analyzer              | Entity IN_PAN doesn't have the corresponding recognizer in language : en
23:00:57  DEBUG     presidio-analyzer              | Returning a total of 9 recognizers
23:00:58  WARNING   presidio-analyzer              | Entity ORDINAL is not mapped to a Presidio entity, but keeping anyway. Add to `NerModelConfiguration.labels_to_ignore` to remove.
23:00:58  WARNING   presidio-analyzer              | Entity CARDINAL is not mapped to a Presidio entity, but keeping anyway. Add to `NerModelConfiguration.labels_to_ignore` to remove.
23:00:58  WARNING   presidio-analyzer              | Entity ORDINAL is not mapped to a Presidio entity, but keeping anyway. Add to `NerModelConfiguration.labels_to_ignore` to remove.
23:00:58  WARNING   presidio-analyzer              | Entity CARDINAL is not mapped to a Presidio entity, but keeping anyway. Add to `NerModelConfiguration.labels_to_ignore` to remove.
23:00:58  WARNING   presidio-analyzer              | Entity CARDINAL is not mapped to a Presidio entity, but keeping anyway. Add to `NerModelConfiguration.labels_to_ignore` to remove.
23:00:58  WARNING   presidio-analyzer              | Entity CARDINAL is not mapped to a Presidio entity, but keeping anyway. Add to `NerModelConfiguration.labels_to_ignore` to remove.
23:00:58  WARNING   presidio-analyzer              | Entity CARDINAL is not mapped to a Presidio entity, but keeping anyway. Add to `NerModelConfiguration.labels_to_ignore` to remove.
23:00:58  WARNING   presidio-analyzer              | Entity ORDINAL is not mapped to a Presidio entity, but keeping anyway. Add to `NerModelConfiguration.labels_to_ignore` to remove.
23:00:58  WARNING   presidio-analyzer              | Entity LAW is not mapped to a Presidio entity, but keeping anyway. Add to `NerModelConfiguration.labels_to_ignore` to remove.
23:00:58  WARNING   presidio-analyzer              | Entity WORK_OF_ART is not mapped to a Presidio entity, but keeping anyway. Add to `NerModelConfiguration.labels_to_ignore` to remove.
23:00:58  WARNING   presidio-analyzer              | Entity CARDINAL is not mapped to a Presidio entity, but keeping anyway. Add to `NerModelConfiguration.labels_to_ignore` to remove.
23:00:58  WARNING   presidio-analyzer              | Entity CARDINAL is not mapped to a Presidio entity, but keeping anyway. Add to `NerModelConfiguration.labels_to_ignore` to remove.
23:00:58  DEBUG     presidio-analyzer              | --- match_time[USA DEA Certificate Number (weak)]: 0.000015 seconds
23:00:58  DEBUG     presidio-analyzer              | --- match_time[Driver License - Alphanumeric (weak)]: 0.000008 seconds
23:00:58  DEBUG     presidio-analyzer              | --- match_time[Driver License - Digits (very weak)]: 0.000025 seconds
23:00:58  DEBUG     presidio-analyzer              | --- match_time[NHS (medium)]: 0.000008 seconds
23:00:58  DEBUG     presidio-analyzer              | --- match_time[Bank Account (weak)]: 0.001514 seconds
23:00:58  DEBUG     presidio-analyzer              | --- match_time[Passport (very weak)]: 0.000013 seconds
23:00:58  DEBUG     presidio-analyzer              | --- match_time[Passport Next Generation (very weak)]: 0.000011 seconds
23:00:58  DEBUG     presidio-analyzer              | --- match_time[All Credit Cards (weak)]: 0.000006 seconds
23:00:58  DEBUG     presidio-analyzer              | --- match_time[Itin (very weak)]: 0.000004 seconds
23:00:58  DEBUG     presidio-analyzer              | --- match_time[Itin (weak)]: 0.000005 seconds
23:00:58  DEBUG     presidio-analyzer              | --- match_time[Itin (medium)]: 0.000005 seconds
23:00:58  DEBUG     presidio-analyzer              | --- match_time[SSN1 (very weak)]: 0.000009 seconds
23:00:58  DEBUG     presidio-analyzer              | --- match_time[SSN2 (very weak)]: 0.000006 seconds
23:00:58  DEBUG     presidio-analyzer              | --- match_time[SSN3 (very weak)]: 0.000005 seconds
23:00:58  DEBUG     presidio-analyzer              | --- match_time[SSN4 (very weak)]: 0.000005 seconds
23:00:58  DEBUG     presidio-analyzer              | --- match_time[SSN5 (medium)]: 0.000005 seconds
23:00:58  DEBUG     masking.engine                 | Page 43: no entities masked (0 detected, none in mask list)
23:00:58  WARNING   presidio-analyzer              | Entity IN_AADHAAR doesn't have the corresponding recognizer in language : en
23:00:58  WARNING   presidio-analyzer              | Entity AU_TFN doesn't have the corresponding recognizer in language : en
23:00:58  WARNING   presidio-analyzer              | Entity IN_PAN doesn't have the corresponding recognizer in language : en
23:00:58  DEBUG     presidio-analyzer              | Returning a total of 9 recognizers
23:00:58  WARNING   presidio-analyzer              | Entity CARDINAL is not mapped to a Presidio entity, but keeping anyway. Add to `NerModelConfiguration.labels_to_ignore` to remove.
23:00:58  WARNING   presidio-analyzer              | Entity CARDINAL is not mapped to a Presidio entity, but keeping anyway. Add to `NerModelConfiguration.labels_to_ignore` to remove.
23:00:58  WARNING   presidio-analyzer              | Entity CARDINAL is not mapped to a Presidio entity, but keeping anyway. Add to `NerModelConfiguration.labels_to_ignore` to remove.
23:00:58  WARNING   presidio-analyzer              | Entity LAW is not mapped to a Presidio entity, but keeping anyway. Add to `NerModelConfiguration.labels_to_ignore` to remove.
23:00:58  WARNING   presidio-analyzer              | Entity LAW is not mapped to a Presidio entity, but keeping anyway. Add to `NerModelConfiguration.labels_to_ignore` to remove.
23:00:58  WARNING   presidio-analyzer              | Entity CARDINAL is not mapped to a Presidio entity, but keeping anyway. Add to `NerModelConfiguration.labels_to_ignore` to remove.
23:00:58  WARNING   presidio-analyzer              | Entity CARDINAL is not mapped to a Presidio entity, but keeping anyway. Add to `NerModelConfiguration.labels_to_ignore` to remove.
23:00:58  DEBUG     presidio-analyzer              | --- match_time[USA DEA Certificate Number (weak)]: 0.000018 seconds
23:00:58  DEBUG     presidio-analyzer              | --- match_time[Driver License - Alphanumeric (weak)]: 0.000009 seconds
23:00:58  DEBUG     presidio-analyzer              | --- match_time[Driver License - Digits (very weak)]: 0.000019 seconds
23:00:58  DEBUG     presidio-analyzer              | --- match_time[NHS (medium)]: 0.000006 seconds
23:00:58  DEBUG     presidio-analyzer              | --- match_time[Bank Account (weak)]: 0.000010 seconds
23:00:58  DEBUG     presidio-analyzer              | --- match_time[Passport (very weak)]: 0.000005 seconds
23:00:58  DEBUG     presidio-analyzer              | --- match_time[Passport Next Generation (very weak)]: 0.000005 seconds
23:00:58  DEBUG     presidio-analyzer              | --- match_time[All Credit Cards (weak)]: 0.000005 seconds
23:00:58  DEBUG     presidio-analyzer              | --- match_time[Itin (very weak)]: 0.000005 seconds
23:00:58  DEBUG     presidio-analyzer              | --- match_time[Itin (weak)]: 0.000005 seconds
23:00:58  DEBUG     presidio-analyzer              | --- match_time[Itin (medium)]: 0.000005 seconds
23:00:58  DEBUG     presidio-analyzer              | --- match_time[SSN1 (very weak)]: 0.000005 seconds
23:00:58  DEBUG     presidio-analyzer              | --- match_time[SSN2 (very weak)]: 0.000005 seconds
23:00:58  DEBUG     presidio-analyzer              | --- match_time[SSN3 (very weak)]: 0.000005 seconds
23:00:58  DEBUG     presidio-analyzer              | --- match_time[SSN4 (very weak)]: 0.000004 seconds
23:00:58  DEBUG     presidio-analyzer              | --- match_time[SSN5 (medium)]: 0.000005 seconds
23:00:58  DEBUG     masking.engine                 | Page 44: no entities masked (0 detected, none in mask list)
23:00:58  WARNING   presidio-analyzer              | Entity IN_AADHAAR doesn't have the corresponding recognizer in language : en
23:00:58  WARNING   presidio-analyzer              | Entity AU_TFN doesn't have the corresponding recognizer in language : en
23:00:58  WARNING   presidio-analyzer              | Entity IN_PAN doesn't have the corresponding recognizer in language : en
23:00:58  DEBUG     presidio-analyzer              | Returning a total of 9 recognizers
23:00:59  WARNING   presidio-analyzer              | Entity LAW is not mapped to a Presidio entity, but keeping anyway. Add to `NerModelConfiguration.labels_to_ignore` to remove.
23:00:59  WARNING   presidio-analyzer              | Entity CARDINAL is not mapped to a Presidio entity, but keeping anyway. Add to `NerModelConfiguration.labels_to_ignore` to remove.
23:00:59  WARNING   presidio-analyzer              | Entity LAW is not mapped to a Presidio entity, but keeping anyway. Add to `NerModelConfiguration.labels_to_ignore` to remove.
23:00:59  WARNING   presidio-analyzer              | Entity LAW is not mapped to a Presidio entity, but keeping anyway. Add to `NerModelConfiguration.labels_to_ignore` to remove.
23:00:59  WARNING   presidio-analyzer              | Entity ORDINAL is not mapped to a Presidio entity, but keeping anyway. Add to `NerModelConfiguration.labels_to_ignore` to remove.
23:00:59  WARNING   presidio-analyzer              | Entity CARDINAL is not mapped to a Presidio entity, but keeping anyway. Add to `NerModelConfiguration.labels_to_ignore` to remove.
23:00:59  WARNING   presidio-analyzer              | Entity CARDINAL is not mapped to a Presidio entity, but keeping anyway. Add to `NerModelConfiguration.labels_to_ignore` to remove.
23:00:59  WARNING   presidio-analyzer              | Entity CARDINAL is not mapped to a Presidio entity, but keeping anyway. Add to `NerModelConfiguration.labels_to_ignore` to remove.
23:00:59  WARNING   presidio-analyzer              | Entity PRODUCT is not mapped to a Presidio entity, but keeping anyway. Add to `NerModelConfiguration.labels_to_ignore` to remove.
23:00:59  WARNING   presidio-analyzer              | Entity LAW is not mapped to a Presidio entity, but keeping anyway. Add to `NerModelConfiguration.labels_to_ignore` to remove.
23:00:59  WARNING   presidio-analyzer              | Entity CARDINAL is not mapped to a Presidio entity, but keeping anyway. Add to `NerModelConfiguration.labels_to_ignore` to remove.
23:00:59  WARNING   presidio-analyzer              | Entity LAW is not mapped to a Presidio entity, but keeping anyway. Add to `NerModelConfiguration.labels_to_ignore` to remove.
23:00:59  WARNING   presidio-analyzer              | Entity ORDINAL is not mapped to a Presidio entity, but keeping anyway. Add to `NerModelConfiguration.labels_to_ignore` to remove.
23:00:59  WARNING   presidio-analyzer              | Entity LAW is not mapped to a Presidio entity, but keeping anyway. Add to `NerModelConfiguration.labels_to_ignore` to remove.
23:00:59  WARNING   presidio-analyzer              | Entity LAW is not mapped to a Presidio entity, but keeping anyway. Add to `NerModelConfiguration.labels_to_ignore` to remove.
23:00:59  WARNING   presidio-analyzer              | Entity CARDINAL is not mapped to a Presidio entity, but keeping anyway. Add to `NerModelConfiguration.labels_to_ignore` to remove.
23:00:59  WARNING   presidio-analyzer              | Entity LAW is not mapped to a Presidio entity, but keeping anyway. Add to `NerModelConfiguration.labels_to_ignore` to remove.
23:00:59  WARNING   presidio-analyzer              | Entity CARDINAL is not mapped to a Presidio entity, but keeping anyway. Add to `NerModelConfiguration.labels_to_ignore` to remove.
23:00:59  DEBUG     presidio-analyzer              | --- match_time[USA DEA Certificate Number (weak)]: 0.000017 seconds
23:00:59  DEBUG     presidio-analyzer              | --- match_time[Driver License - Alphanumeric (weak)]: 0.000008 seconds
23:00:59  DEBUG     presidio-analyzer              | --- match_time[Driver License - Digits (very weak)]: 0.000020 seconds
23:00:59  DEBUG     presidio-analyzer              | --- match_time[NHS (medium)]: 0.000006 seconds
23:00:59  DEBUG     presidio-analyzer              | --- match_time[Bank Account (weak)]: 0.000006 seconds
23:00:59  DEBUG     presidio-analyzer              | --- match_time[Passport (very weak)]: 0.000005 seconds
23:00:59  DEBUG     presidio-analyzer              | --- match_time[Passport Next Generation (very weak)]: 0.000005 seconds
23:00:59  DEBUG     presidio-analyzer              | --- match_time[All Credit Cards (weak)]: 0.000004 seconds
23:00:59  DEBUG     presidio-analyzer              | --- match_time[Itin (very weak)]: 0.000005 seconds
23:00:59  DEBUG     presidio-analyzer              | --- match_time[Itin (weak)]: 0.000005 seconds
23:00:59  DEBUG     presidio-analyzer              | --- match_time[Itin (medium)]: 0.000004 seconds
23:00:59  DEBUG     presidio-analyzer              | --- match_time[SSN1 (very weak)]: 0.000059 seconds
23:00:59  DEBUG     presidio-analyzer              | --- match_time[SSN2 (very weak)]: 0.000007 seconds
23:00:59  DEBUG     presidio-analyzer              | --- match_time[SSN3 (very weak)]: 0.000006 seconds
23:00:59  DEBUG     presidio-analyzer              | --- match_time[SSN4 (very weak)]: 0.000004 seconds
23:00:59  DEBUG     presidio-analyzer              | --- match_time[SSN5 (medium)]: 0.000005 seconds
23:00:59  DEBUG     masking.engine                 | Page 45: no entities masked (0 detected, none in mask list)
23:00:59  WARNING   presidio-analyzer              | Entity IN_AADHAAR doesn't have the corresponding recognizer in language : en
23:00:59  WARNING   presidio-analyzer              | Entity AU_TFN doesn't have the corresponding recognizer in language : en
23:00:59  WARNING   presidio-analyzer              | Entity IN_PAN doesn't have the corresponding recognizer in language : en
23:00:59  DEBUG     presidio-analyzer              | Returning a total of 9 recognizers
23:00:59  WARNING   presidio-analyzer              | Entity EVENT is not mapped to a Presidio entity, but keeping anyway. Add to `NerModelConfiguration.labels_to_ignore` to remove.
23:00:59  WARNING   presidio-analyzer              | Entity EVENT is not mapped to a Presidio entity, but keeping anyway. Add to `NerModelConfiguration.labels_to_ignore` to remove.
23:00:59  WARNING   presidio-analyzer              | Entity CARDINAL is not mapped to a Presidio entity, but keeping anyway. Add to `NerModelConfiguration.labels_to_ignore` to remove.
23:00:59  WARNING   presidio-analyzer              | Entity CARDINAL is not mapped to a Presidio entity, but keeping anyway. Add to `NerModelConfiguration.labels_to_ignore` to remove.
23:00:59  DEBUG     presidio-analyzer              | --- match_time[USA DEA Certificate Number (weak)]: 0.000020 seconds
23:00:59  DEBUG     presidio-analyzer              | --- match_time[Driver License - Alphanumeric (weak)]: 0.000011 seconds
23:00:59  DEBUG     presidio-analyzer              | --- match_time[Driver License - Digits (very weak)]: 0.000007 seconds
23:00:59  DEBUG     presidio-analyzer              | --- match_time[NHS (medium)]: 0.000004 seconds
23:00:59  DEBUG     presidio-analyzer              | --- match_time[Bank Account (weak)]: 0.000005 seconds
23:00:59  DEBUG     presidio-analyzer              | --- match_time[Passport (very weak)]: 0.000005 seconds
23:00:59  DEBUG     presidio-analyzer              | --- match_time[Passport Next Generation (very weak)]: 0.000005 seconds
23:00:59  DEBUG     presidio-analyzer              | --- match_time[All Credit Cards (weak)]: 0.000004 seconds
23:00:59  DEBUG     presidio-analyzer              | --- match_time[Itin (very weak)]: 0.000004 seconds
23:00:59  DEBUG     presidio-analyzer              | --- match_time[Itin (weak)]: 0.000004 seconds
23:00:59  DEBUG     presidio-analyzer              | --- match_time[Itin (medium)]: 0.000005 seconds
23:00:59  DEBUG     presidio-analyzer              | --- match_time[SSN1 (very weak)]: 0.000005 seconds
23:00:59  DEBUG     presidio-analyzer              | --- match_time[SSN2 (very weak)]: 0.000005 seconds
23:00:59  DEBUG     presidio-analyzer              | --- match_time[SSN3 (very weak)]: 0.000004 seconds
23:00:59  DEBUG     presidio-analyzer              | --- match_time[SSN4 (very weak)]: 0.000004 seconds
23:00:59  DEBUG     presidio-analyzer              | --- match_time[SSN5 (medium)]: 0.000005 seconds
23:00:59  DEBUG     masking.engine                 | Page 46: no entities masked (0 detected, none in mask list)
23:00:59  INFO      masking.engine                 | Document masking complete: 46 pages, 0 unique entities masked.
23:00:59  INFO      masking.engine                 | No sensitive entities found — mask file not written.
23:00:59  DEBUG     extraction.segmenter           | Buffer too small (2 tokens) — not emitting.
23:00:59  DEBUG     extraction.segmenter           | Buffer too small (16 tokens) — not emitting.
23:00:59  DEBUG     extraction.segmenter           | Buffer too small (16 tokens) — not emitting.
23:00:59  DEBUG     extraction.segmenter           | Buffer too small (44 tokens) — not emitting.
23:00:59  DEBUG     extraction.segmenter           | Buffer too small (2 tokens) — not emitting.
23:00:59  DEBUG     extraction.segmenter           | Buffer too small (14 tokens) — not emitting.
23:00:59  DEBUG     extraction.segmenter           | Buffer too small (36 tokens) — not emitting.
23:00:59  DEBUG     extraction.segmenter           | Buffer too small (3 tokens) — not emitting.
23:00:59  DEBUG     extraction.segmenter           | Buffer too small (18 tokens) — not emitting.
23:00:59  DEBUG     extraction.segmenter           | Buffer too small (2 tokens) — not emitting.
23:00:59  INFO      extraction.segmenter           | Segmentation complete: 46 pages → 51 segments (KV: 3, Table: 0, Mixed: 3)
